num,title,chars,body_chars,section_count,sections,has_method_section,has_experiment_section,has_conclusion_section,dataset_count,metric_count,extract_ok,extract_error
1,New directions in cryptography,64751,62969,6,"abstract,introduction,method,experiment,discussion,conclusion",True,True,True,0,0,,
2,A method for obtaining digital signatures and public-key cryptosystems,4151,4151,0,,False,False,False,0,0,,
3,Computer Network Architectures and Protocols,78347,78152,2,"method,experiment",True,True,False,0,1,,
4,"Automata, Languages and Programming",13357,13357,2,"method,conclusion",True,False,True,0,0,,
5,The Codebreakers: The Comprehensive History of Secret Communication from Ancient Times to the Internet,1076019,591122,5,"discussion,method,background,introduction,experiment",True,True,False,0,1,,
6,Bro: a system for detecting network intruders in real-time,0,0,0,,False,False,False,0,0,,
7,"Traffic Analysis: Protocols, Attacks, Design Issues, and Open Problems",53574,46187,6,"abstract,method,introduction,related_work,discussion,conclusion",True,False,True,2,2,,
8,HMM profiles for network traffic classification,8178,8178,4,"introduction,experiment,method,conclusion",True,True,True,0,1,,
9,A Performance Comparison of Data Encryption Algorithms,23422,20751,4,"abstract,introduction,method,experiment",True,True,False,0,0,,
10,A Survey of Network Traffic Monitoring and Analysis Tools,0,0,0,,False,False,False,0,0,,
11,On Inferring Application Protocol Behaviors in Encrypted Network Traffic,77781,70634,7,"abstract,introduction,discussion,method,experiment,related_work,conclusion",True,True,True,3,6,,
12,Bayesian Neural Networks for Internet Traffic Classification,86995,77773,5,"abstract,method,introduction,experiment,conclusion",True,True,True,3,2,,
13,A survey of techniques for internet traffic classification using machine learning,127550,112928,7,"abstract,introduction,discussion,conclusion,experiment,method,background",True,True,True,3,4,,
14,Machine learning based encrypted traffic classification: Identifying SSH and Skype,37403,32266,7,"abstract,introduction,method,related_work,experiment,discussion,conclusion",True,True,True,1,5,,
15,". Kwon, and Y. Choi,",68739,68739,7,"abstract,introduction,experiment,related_work,method,conclusion,discussion",True,True,True,4,4,,
16,Untangling Attribution: Moving to Accountability in Cyberspace,0,0,0,,False,False,False,0,0,,
17,Analysis of country-wide internet outages caused by censorship,89420,68226,7,"discussion,abstract,introduction,related_work,background,experiment,method",True,True,False,1,2,,
18,IP traffic classification based on machine learning,47975,41230,5,"introduction,method,experiment,discussion,conclusion",True,True,True,3,7,,
19,Benchmarking two techniques for Tor classification: Flow level and circuit level classification,37289,34178,7,"abstract,experiment,introduction,related_work,discussion,method,conclusion",True,True,True,3,6,,
20,Homomorphic Encryption,27142,26302,5,"abstract,experiment,introduction,method,conclusion",True,True,True,1,1,,
21,"Information Privacy Engineering and Privacy by Design: Understanding Privacy Threats, Technology, and Regulations Based on Standards and Best Practices",109243,9112,2,"introduction,method",True,False,False,0,0,,
22,A survey of methods for encrypted traffic classification and analysis,87721,73835,5,"abstract,method,introduction,experiment,conclusion",True,True,True,1,2,,
23,Traffic flow analysis of tor pluggable transports,22556,22556,0,,False,False,False,0,0,,
24,Characterization of Encrypted and VPN Traffic using Time-related Features,29827,23981,7,"abstract,introduction,discussion,related_work,method,experiment,conclusion",True,True,True,3,3,,
25,An Introduction to Deep Learning for the Physical Layer,71957,10581,3,"abstract,introduction,method",True,False,False,2,3,,
26,Characterization of Tor Traffic using Time based Features,44080,39741,8,"abstract,introduction,related_work,method,background,discussion,experiment,conclusion",True,True,True,3,5,,
27,End-to-end encrypted traffic classification with one-dimensional convolution neural networks,36343,29547,6,"abstract,method,introduction,discussion,related_work,experiment",True,True,False,2,4,,
28,Network Traffic Classifier With Convolutional and Recurrent Neural Networks for Internet of Things,47086,37929,5,"abstract,method,experiment,introduction,conclusion",True,True,True,2,7,,
29,A Survey on Tor Encrypted Traffic Monitoring,41778,32224,6,"abstract,introduction,discussion,method,experiment,conclusion",True,True,True,0,9,,
30,Co-teaching: Robust Training of Deep Neural Networks with Extremely Noisy Labels,44041,34824,5,"abstract,method,introduction,experiment,conclusion",True,True,True,0,4,,
31,Deciphering malware’s use of TLS (without decryption),71369,61447,8,"abstract,introduction,experiment,conclusion,background,discussion,method,related_work",True,True,True,1,2,,
32,Handbook of Applied Cryptography,2398462,53260,5,"experiment,introduction,method,background,discussion",True,True,False,0,1,,
33,How far can we push flow analysis to identify encrypted anonymity network traffic?,33798,29926,8,"abstract,discussion,introduction,related_work,experiment,background,method,conclusion",True,True,True,3,3,,
34,How to Achieve High Classification Accuracy with Just a Few Labels: A Semi-supervised Approach Using Sampled Packets,43963,40765,6,"method,introduction,related_work,conclusion,experiment,discussion",True,True,True,3,4,,
35,MaMPF: Encrypted Traffic Classification Based on Multi-Attribute Markov Probability Fingerprints,58151,52045,6,"method,abstract,background,experiment,discussion,conclusion",True,True,True,3,4,,
36,On blockchain and its integration with IoT. Challenges and opportunities,130491,130491,6,"abstract,introduction,conclusion,discussion,experiment,method",True,True,True,2,2,,
37,Toward Generating a New Intrusion Detection Dataset and Intrusion Traffic Characterization,40273,33102,5,"abstract,introduction,experiment,discussion,method",True,True,False,7,4,,
38,A Survey on Big Data for Network Traffic Monitoring and Analysis,90212,65882,6,"abstract,introduction,discussion,experiment,method,conclusion",True,True,True,1,1,,
39,Blockchain for Internet of Things: A Survey,114027,83209,5,"abstract,introduction,method,experiment,conclusion",True,True,True,0,3,,
40,BlockDeepNet: A Blockchain-Based Secure Deep Learning for IoT Network,52382,48501,7,"abstract,introduction,discussion,method,related_work,experiment,conclusion",True,True,True,1,3,,
41,$Deep-Full-Range$ : A Deep Learning Based Network Encrypted Traffic Classification and Intrusion Detection Framework,36270,29111,4,"abstract,method,introduction,experiment",True,True,False,3,6,,
42,Encrypted Traffic Analysis: Use Cases & Security Challenges,0,0,0,,False,False,False,0,0,,
43,FS-Net: A Flow Sequence Network For Encrypted Traffic Classification,51563,44382,8,"abstract,introduction,method,related_work,background,experiment,discussion,conclusion",True,True,True,1,6,,
44,MIRAGE: Mobile-app Traffic Capture and Ground-truth Creation,44673,40601,5,"method,introduction,discussion,related_work,experiment",True,True,False,6,0,,
45,"Mobile Encrypted Traffic Classification Using Deep Learning: Experimental Evaluation, Lessons Learned, and Challenges",74931,64469,7,"abstract,method,introduction,conclusion,background,experiment,discussion",True,True,True,5,3,,
46,Towards the Deployment of Machine Learning Solutions in Network Traffic Classification: A Systematic Survey,165923,126850,7,"abstract,introduction,method,discussion,background,experiment,conclusion",True,True,True,1,5,,
47,A Dive into the Dark Web: Hierarchical Traffic Classification of Anonymity Tools,68659,60231,6,"abstract,method,introduction,discussion,experiment,conclusion",True,True,True,2,5,,
48,An Encrypted Traffic Classification Framework Based on Convolutional Neural Networks and Stacked Autoencoders,35161,34339,7,"abstract,introduction,experiment,method,background,related_work,conclusion",True,True,True,2,6,,
49,"Anonymity Services Tor, I2P, JonDonym: Classifying in the Dark (Web)",80570,67602,6,"introduction,experiment,discussion,method,background,related_work",True,True,False,3,6,,
50,BFSN: A Novel Method of Encrypted Traffic Classification Based on Bidirectional Flow Sequence Network,33434,28067,7,"abstract,method,introduction,experiment,related_work,discussion,conclusion",True,True,True,2,3,,
51,Blockchain and Federated Learning for Privacy-Preserved Data Sharing in Industrial IoT,54407,42585,5,"abstract,introduction,method,experiment,discussion",True,True,False,0,2,,
52,Deep packet: a novel approach for encrypted traffic classification using deep learning,65158,54276,7,"abstract,method,introduction,background,discussion,experiment,conclusion",True,True,True,5,6,,
53,Detection of DoH Tunnels using Time-series Classification of Encrypted Traffic,41885,38703,7,"abstract,method,introduction,related_work,experiment,discussion,conclusion",True,True,True,3,7,,
54,DIDarknet: A Contemporary Approach to Detect and Characterize the Darknet Traffic using Deep Image Learning,67017,56361,6,"abstract,method,introduction,discussion,experiment,conclusion",True,True,True,6,8,,
55,Encrypted traffic classification based on Gaussian mixture models and Hidden Markov Models,63572,60139,7,"introduction,method,related_work,discussion,abstract,experiment,conclusion",True,True,True,3,6,,
56,Encrypted Traffic Classification Using Graph Convolutional Networks,11894,10969,4,"abstract,introduction,method,background",True,False,False,3,2,,
57,Fingerprinting encrypted voice traffic on smart speakers with deep learning,79906,59540,8,"abstract,introduction,discussion,related_work,method,background,experiment,conclusion",True,True,True,3,7,,
58,FlowPrint: Semi-Supervised Mobile-App Fingerprinting on Encrypted Network Traffic,114212,99976,8,"abstract,introduction,method,experiment,background,discussion,related_work,conclusion",True,True,True,0,3,,
59,Image-based Encrypted Traffic Classification with Convolution Neural Networks,43964,31824,5,"abstract,method,introduction,related_work,discussion",True,False,False,3,5,,
60,Knowledge graph based methods for record linkage,38323,30182,5,"introduction,related_work,method,discussion,experiment",True,True,False,1,4,,
61,Learning to Classify: A Flow-Based Relation Network for Encrypted Traffic Classification,56594,46417,7,"abstract,introduction,method,background,experiment,discussion,conclusion",True,True,True,1,2,,
62,On the classification of fog computing applications: A machine learning perspective,82221,72308,5,"introduction,method,experiment,related_work,conclusion",True,True,True,3,3,,
63,PacketCGAN: Exploratory Study of Class Imbalance for Encrypted Traffic Classification Using CGAN,33405,33405,5,"abstract,method,experiment,introduction,conclusion",True,True,True,3,7,,
64,Part-dependent Label Noise: Towards Instance-dependent Label Noise,63752,37588,8,"abstract,introduction,method,related_work,background,experiment,discussion,conclusion",True,True,True,0,1,,
65,PERT: Payload Encoding Representation from Transformer for Encrypted Traffic Classification,36594,36594,3,"abstract,introduction,method",True,False,False,0,0,,
66,Practical evaluation of encrypted traffic classification based on a combined method of entropy estimation and neural networks,47641,47641,4,"method,experiment,discussion,background",True,True,False,5,7,,
67,"Traffic Classification of User Behaviors in Tor, I2P, ZeroNet, Freenet",35226,34176,7,"method,abstract,introduction,related_work,experiment,discussion,conclusion",True,True,True,4,5,,
68,A Look Behind the Curtain: Traffic Classification in an Increasingly Encrypted Web,50663,45750,6,"abstract,method,introduction,conclusion,discussion,experiment",True,True,True,3,7,,
69,A Survey of Encrypted Malicious Traffic Detection,40662,32906,5,"abstract,method,introduction,discussion,experiment",True,True,False,1,10,,
70,Accurate Decentralized Application Identification via Encrypted Traffic Analysis Using Graph Neural Networks,70912,59614,4,"abstract,introduction,method,experiment",True,True,False,0,1,,
71,AEFETA: Encrypted traffic classification framework based on self-learning of feature,22324,20781,5,"abstract,introduction,method,experiment,conclusion",True,True,True,2,6,,
72,ByteSGAN: A semi-supervised Generative Adversarial Network for encrypted traffic classification in SDN Edge Gateway,54538,42762,5,"abstract,introduction,method,background,experiment",True,True,False,5,7,,
73,CADE: Detecting and Explaining Concept Drift Samples for Security Applications,0,0,0,,False,False,False,0,0,,
74,CBD: A Deep-Learning-Based Scheme for Encrypted Traffic Classification with a General Pre-Training Method,56962,51423,7,"abstract,method,introduction,discussion,related_work,experiment,conclusion",True,True,True,5,6,,
75,CENTIME: A Direct Comprehensive Traffic Features Extraction for Encrypted Traffic Classification,43960,36654,6,"abstract,introduction,method,experiment,related_work,conclusion",True,True,True,2,5,,
76,CSCNN: Cost-Sensitive Convolutional Neural Network for Encrypted Traffic Classification,72036,62798,4,"abstract,introduction,method,experiment",True,True,False,4,6,,
77,Deep Learning for Network Traffic Monitoring and Analysis (NTMA): A Survey,173106,140109,7,"abstract,introduction,method,discussion,related_work,experiment,conclusion",True,True,True,3,3,,
78,DISTILLER: Encrypted traffic classification via multimodal multitask deep learning,100662,97142,8,"abstract,introduction,method,related_work,background,experiment,discussion,conclusion",True,True,True,3,2,,
79,Distributed Deep Convolutional Neural Networks for the Internet-of-Things,77265,66442,5,"introduction,method,conclusion,background,experiment",True,True,True,0,4,,
80,Embedding Blockchain Technology Into IoT for Security: A Survey,117024,89521,4,"abstract,method,introduction,conclusion",True,False,True,1,1,,
81,FARE: Enabling Fine-grained Attack Categorization under Low-quality Labeled Data,118396,85685,8,"abstract,introduction,experiment,background,discussion,conclusion,method,related_work",True,True,True,3,3,,
82,Flow Transformer: A Novel Anonymity Network Traffic Classifier with Attention Mechanism,40819,33802,7,"abstract,method,introduction,background,related_work,discussion,experiment",True,True,False,4,4,,
83,Generating Network Intrusion Detection Dataset Based on Real and Encrypted Synthetic Attack Traffic,60298,46563,7,"abstract,introduction,discussion,background,experiment,method,conclusion",True,True,True,9,1,,
84,Generative Adversarial Transformers,60836,42367,7,"abstract,experiment,introduction,related_work,method,background,conclusion",True,True,True,1,3,,
85,MATEC: A lightweight neural network for online encrypted traffic classification,85635,76882,6,"abstract,introduction,method,experiment,discussion,conclusion",True,True,True,3,5,,
86,ME-Box: A reliable method to detect malicious encrypted traffic,76714,67563,8,"abstract,introduction,method,related_work,experiment,background,discussion,conclusion",True,True,True,1,4,,
87,Multi class SVM algorithm with active learning for network traffic classification,45831,40610,7,"method,introduction,experiment,related_work,background,discussion,conclusion",True,True,True,3,5,,
88,Open-CyKG: An Open Cyber Threat Intelligence Knowledge Graph,75520,64156,5,"method,introduction,related_work,experiment,conclusion",True,True,True,3,3,,
89,Privacy-Preserving Tucker Train Decomposition Over Blockchain-Based Encrypted Industrial IoT Data,51532,43416,7,"abstract,introduction,method,experiment,background,related_work,conclusion",True,True,True,1,2,,
90,SPPNet: An Approach For Real-Time Encrypted Traffic Classification Using Deep Learning,33775,29284,6,"abstract,introduction,method,experiment,conclusion,discussion",True,True,True,5,1,,
91,tCLD-Net: A Transfer Learning Internet Encrypted Traffic Classification Scheme Based on Convolution Neural Network and Long Short-Term Memory Network,22940,19317,4,"introduction,method,related_work,experiment",True,True,False,5,5,,
92,TSCRNN: A novel classification scheme of encrypted traffic based on flow spatiotemporal features for efficient management of IIoT,57056,51435,6,"method,experiment,introduction,related_work,discussion,conclusion",True,True,True,4,3,,
93,UTMobileNetTraffic2021: A Labeled Public Network Traffic Dataset,24583,19956,6,"abstract,introduction,related_work,discussion,experiment,method",True,True,False,6,2,,
94,XAI Meets Mobile Traffic Classification: Understanding and Improving Multimodal Deep Learning Architectures,118662,106019,7,"abstract,introduction,method,discussion,background,experiment,conclusion",True,True,True,4,2,,
95,A Review of Deep Learning Techniques for Encrypted Traffic Classification,25755,19258,4,"abstract,introduction,method,conclusion",True,False,True,3,1,,
96,"A Survey on Encrypted Network Traffic Analysis Applications, Techniques, and Countermeasures",146897,108873,5,"introduction,discussion,method,experiment,conclusion",True,True,True,6,7,,
97,An Efficient Approach for Encrypted Traffic Classification using CNN and Bidirectional GRU,28653,26918,6,"abstract,method,introduction,related_work,experiment,conclusion",True,True,True,3,5,,
98,An encrypted traffic classification method based on contrastive learning,21651,18121,6,"abstract,introduction,experiment,method,related_work,conclusion",True,True,True,3,2,,
99,AppClassNet,56482,43939,7,"abstract,introduction,conclusion,background,method,experiment,discussion",True,True,True,4,1,,
100,DarknetSec: A novel self-attentive deep learning method for darknet traffic classification and application identification,81480,77410,6,"experiment,introduction,related_work,discussion,method,conclusion",True,True,True,2,8,,
101,Deep Learning for Encrypted Traffic Classification and Unknown Data Detection,50694,44847,6,"abstract,method,introduction,experiment,discussion,conclusion",True,True,True,2,5,,
102,E-GraphSAGE: A Graph Neural Network based Intrusion Detection System for IoT,49534,43211,7,"abstract,experiment,introduction,method,related_work,background,conclusion",True,True,True,4,7,,
103,Encrypted internet traffic classification using a supervised spiking neural network,50520,43273,5,"abstract,introduction,conclusion,experiment,method",True,True,True,5,3,,
104,Encrypted Malware Traffic Detection via Graph-based Network Analysis,93317,75438,8,"abstract,introduction,method,background,experiment,discussion,conclusion,related_work",True,True,True,0,7,,
105,ET-BERT: A Contextualized Datagram Representation with Pre-training Transformers for Encrypted Traffic Classification,61540,48300,7,"abstract,method,introduction,related_work,experiment,discussion,conclusion",True,True,True,5,2,,
106,EULER: Detecting Network Lateral Movement via Scalable Temporal Link Prediction,87041,24668,5,"abstract,method,introduction,experiment,background",True,True,False,0,2,,
107,Flow Sequence-Based Anonymity Network Traffic Identification with Residual Graph Convolutional Networks,52790,46305,8,"abstract,introduction,method,discussion,related_work,background,experiment,conclusion",True,True,True,4,1,,
108,GRAIN: Granular multi-label encrypted traffic classification using classifier chain,57161,50041,6,"abstract,introduction,method,related_work,experiment,conclusion",True,True,True,5,5,,
109,KRYSTAL: Knowledge graph-based framework for tactical attack discovery in audit data,106769,95717,7,"method,introduction,background,related_work,conclusion,discussion,experiment",True,True,True,1,2,,
110,Machine Learning 5G Attack Detection in Programmable Logic,25229,22411,7,"abstract,introduction,related_work,background,method,experiment,conclusion",True,True,True,1,4,,
111,Markov‐GAN: Markov image enhancement method for malicious encrypted traffic classification,65475,65475,6,"abstract,method,experiment,related_work,introduction,discussion",True,True,False,4,4,,
112,MT-FlowFormer: A Semi-Supervised Flow Transformer for Encrypted Traffic Classification,55739,45253,8,"abstract,method,introduction,related_work,background,experiment,discussion,conclusion",True,True,True,5,1,,
113,Network traffic classification using convolutional neural network and ant-lion optimization,53221,48084,6,"abstract,method,introduction,experiment,discussion,conclusion",True,True,True,4,1,,
114,2023 State of Encrypted Attacks Report,0,0,0,,False,False,False,0,0,,
115,3D-IDS: Doubly Disentangled Dynamic Intrusion Detection,109292,82094,8,"abstract,introduction,method,related_work,background,experiment,discussion,conclusion",True,True,True,1,5,,
116,A federated and explainable approach for insider threat detection in IoT,61988,49483,8,"introduction,experiment,background,method,related_work,abstract,discussion,conclusion",True,True,True,4,0,,
117,A framework for threat intelligence extraction and fusion,69015,52339,6,"method,introduction,related_work,experiment,discussion,conclusion",True,True,True,0,2,,
118,A graph empowered insider threat detection framework based on daily activities,48230,41205,5,"introduction,method,experiment,discussion,conclusion",True,True,True,2,3,,
119,AAE-DSVDD: A one-class classification model for VPN traffic identification,82992,75711,8,"abstract,method,introduction,background,experiment,related_work,discussion,conclusion",True,True,True,1,5,,
120,An intelligent network monitoring approach for online classification of Darknet traffic,50644,42645,6,"abstract,method,introduction,related_work,experiment,conclusion",True,True,True,3,6,,
121,Bi-ETC: A Bidirectional Encrypted Traffic Classification Model Based on BERT and BiLSTM,37987,32432,6,"method,abstract,introduction,experiment,discussion,conclusion",True,True,True,3,5,,
122,CBS: A Deep Learning Approach for Encrypted Traffic Classification With Mixed Spatio-Temporal and Statistical Features,117689,97821,8,"abstract,introduction,method,experiment,conclusion,related_work,background,discussion",True,True,True,2,4,,
123,CESNET-QUIC22: A large one-month QUIC network traffic dataset from backbone lines,26808,24128,2,"background,experiment",False,True,False,4,0,,
124,CICIoT2023: A Real-Time Dataset and Benchmark for Large-Scale Attacks in IoT Environment,81565,60463,6,"abstract,introduction,method,experiment,discussion,conclusion",True,True,True,9,4,,
125,Cybersecurity knowledge graphs,63553,45475,4,"abstract,method,introduction,conclusion",True,False,True,3,0,,
126,Cybersecurity knowledge graphs construction and quality assessment,68142,60442,6,"abstract,introduction,method,experiment,discussion,conclusion",True,True,True,2,5,,
127,Darknet traffic classification and adversarial attacks using machine learning,68770,62218,6,"introduction,method,background,related_work,experiment,conclusion",True,True,True,6,5,,
128,Darknet traffic detection and characterization with models based on decision trees and neural networks,52225,46766,7,"introduction,method,experiment,discussion,related_work,abstract,conclusion",True,True,True,4,3,,
129,Detecting Unknown Encrypted Malicious Traffic in Real Time via Flow Interaction Graph Analysis,113721,85285,8,"abstract,method,experiment,introduction,discussion,background,related_work,conclusion",True,True,True,1,6,,
130,Detection of obfuscated Tor traffic based on bidirectional generative adversarial networks and vision transform,58233,47282,5,"introduction,method,conclusion,discussion,experiment",True,True,True,2,6,,
131,DFMKE: A dual fusion multi-modal knowledge graph embedding framework for entity alignment,57029,44176,5,"abstract,introduction,method,experiment,discussion",True,True,False,0,2,,
132,DI-NIDS: Domain invariant network intrusion detection system,66213,63116,6,"introduction,experiment,method,related_work,background,conclusion",True,True,True,5,2,,
133,EC-GCN: A encrypted traffic classification framework based on multi-scale graph convolution networks,64616,55907,7,"abstract,introduction,method,related_work,experiment,discussion,conclusion",True,True,True,1,7,,
134,EETC: An extended encrypted traffic classification algorithm based on variant resnet network,64640,50868,4,"introduction,method,experiment,conclusion",True,True,True,5,2,,
135,Encrypted TLS Traffic Classification on Cloud Platforms,66647,57437,7,"abstract,introduction,method,related_work,experiment,discussion,conclusion",True,True,True,3,3,,
136,FastTraffic: A lightweight method for encrypted traffic fast classification,83315,68480,6,"abstract,introduction,method,related_work,experiment,discussion",True,True,False,2,6,,
137,Flow-Based Encrypted Network Traffic Classification With Graph Neural Networks,67084,59669,6,"method,introduction,related_work,discussion,experiment,conclusion",True,True,True,6,2,,
138,Graph based encrypted malicious traffic detection with hybrid analysis of multi-view features,59546,52371,7,"discussion,experiment,background,method,related_work,introduction,conclusion",True,True,True,5,7,,
139,GraphCWGAN-GP: A Novel Data Augmenting Approach for Imbalanced Encrypted Traffic Classification,56797,48853,5,"abstract,method,experiment,introduction,conclusion",True,True,True,7,6,,
140,Heterogeneous Domain Adaptation for IoT Intrusion Detection: A Geometric Graph Alignment Approach,67562,55291,7,"abstract,introduction,method,experiment,related_work,discussion,conclusion",True,True,True,4,9,,
141,"Improving Performance, Reliability, and Feasibility in Multimodal Multitask Traffic Classification with XAI",129666,115235,7,"abstract,introduction,method,experiment,background,discussion,conclusion",True,True,True,5,2,,
142,Including insider threats into risk management through Bayesian threat graph networks,124427,104269,5,"method,introduction,background,discussion,conclusion",True,False,True,1,0,,
143,IP packet-level encrypted traffic classification using machine learning with a light weight feature engineering method,39835,38966,6,"abstract,introduction,method,experiment,discussion,conclusion",True,True,True,3,7,,
144,Machine Learning-Powered Encrypted Network Traffic Analysis: A Comprehensive Survey,199875,155680,7,"abstract,discussion,introduction,method,background,experiment,conclusion",True,True,True,1,2,,
145,MMIEA: Multi-modal Interaction Entity Alignment model for knowledge graphs,64676,46122,8,"abstract,method,introduction,discussion,related_work,background,experiment,conclusion",True,True,True,0,1,,
146,MTC: A Multi-Task Model for Encrypted Network Traffic Classification Based on Transformer and 1D-CNN,54147,46242,5,"method,introduction,experiment,discussion,conclusion",True,True,True,5,5,,
147,Point Cloud Analysis for ML-Based Malicious Traffic Detection: Reducing Majorities of False Positive Alarms,99574,90074,8,"abstract,experiment,method,discussion,introduction,background,related_work,conclusion",True,True,True,2,13,,
148,Privacy-Preserving Asynchronous Federated Learning Framework in Distributed IoT,55276,43814,8,"abstract,discussion,introduction,method,experiment,related_work,background,conclusion",True,True,True,1,2,,
149,Robust Anomaly-Based Insider Threat Detection Using Graph Neural Network,81906,73628,8,"abstract,introduction,method,experiment,related_work,background,discussion,conclusion",True,True,True,4,8,,
150,Rosetta: Enabling Robust TLS Encrypted Traffic Classification in Diverse Network Environments with TCP-Aware Traffic Augmentation,90169,68088,8,"abstract,introduction,method,experiment,related_work,background,discussion,conclusion",True,True,True,2,3,,
151,Task Allocation Under Geo-Indistinguishability via Group-Based Noise Addition,87213,74966,7,"introduction,related_work,experiment,method,background,discussion,conclusion",True,True,True,0,2,,
152,TFE-GNN: A Temporal Fusion Encoder Using Graph Neural Networks for Fine-grained Encrypted Traffic Classification,59809,49988,8,"abstract,method,introduction,background,experiment,discussion,conclusion,related_work",True,True,True,5,5,,
153,TGPrint: Attack fingerprint classification on encrypted network traffic based graph convolution attention networks,62830,58904,6,"introduction,method,experiment,background,discussion,conclusion",True,True,True,0,4,,
154,Yet Another Traffic Classifier: A Masked Autoencoder Based Traffic Transformer with Multi-Level Flow Representation,41284,35730,7,"abstract,discussion,introduction,related_work,method,experiment,conclusion",True,True,True,5,5,,
155,6G-Enabled Consumer Electronics Device Intrusion Detection With Federated Meta-Learning and Digital Twins in a Meta-Verse Environment,53402,43986,7,"abstract,method,introduction,conclusion,background,discussion,experiment",True,True,True,5,3,,
156,A Discrepancy Aware Framework for Robust Anomaly Detection,47600,37412,7,"abstract,introduction,method,background,experiment,discussion,conclusion",True,True,True,0,3,,
157,A Few-Shot Class-Incremental Learning Method for Network Intrusion Detection,72569,59274,8,"abstract,method,introduction,experiment,related_work,background,discussion,conclusion",True,True,True,2,2,,
158,A Lightweight Pipeline Edge Detection Model Based on Heterogeneous Knowledge Distillation,28092,22790,5,"abstract,method,introduction,experiment,conclusion",True,True,True,2,2,,
159,A Multihead Attention Self-Supervised Representation Model for Industrial Sensors Anomaly Detection,55376,42001,6,"abstract,method,introduction,related_work,experiment,discussion",True,True,False,1,7,,
160,A Preference-Driven Malicious Platform Detection Mechanism for Users in Mobile Crowdsensing,54420,43885,7,"abstract,discussion,method,related_work,introduction,experiment,conclusion",True,True,True,0,5,,
161,A Privacy-Preserving Framework for Efficient Network Intrusion Detection in Consumer Network Using Quantum Federated Learning,35815,30706,6,"abstract,experiment,introduction,method,background,conclusion",True,True,True,6,11,,
162,A Survey of Graph-Based Deep Learning for Anomaly Detection in Distributed Systems,108098,74339,5,"introduction,method,experiment,abstract,conclusion",True,True,True,2,4,,
163,"A Survey on Graph Neural Networks for Time Series: Forecasting, Classification, Imputation, and Anomaly Detection",118382,73827,6,"abstract,introduction,experiment,method,discussion,conclusion",True,True,True,3,0,,
164,A Survey on Time-Series Pre-Trained Models,120720,82138,7,"abstract,introduction,method,experiment,background,discussion,conclusion",True,True,True,0,5,,
165,A Temporal Convolutional Network-Based Approach for Network Intrusion Detection,32535,27455,5,"method,abstract,introduction,experiment,conclusion",True,True,True,5,6,,
166,Abnormal Logical Representation Learning for Intrusion Detection in Industrial Control Systems,58910,52011,6,"abstract,introduction,method,experiment,related_work,conclusion",True,True,True,2,6,,
167,Adaptive Context-Aware Distillation for Industrial Image Anomaly Detection,73875,60696,6,"abstract,method,introduction,experiment,discussion,conclusion",True,True,True,3,5,,
168,Adaptive Working Condition Recognition With Clustering-Based Contrastive Learning for Unsupervised Anomaly Detection,52229,43866,7,"abstract,introduction,method,experiment,background,discussion,conclusion",True,True,True,3,5,,
169,Advancing Security and Trust in WSNs: A Federated Multi-Agent Deep Reinforcement Learning Approach,49623,42115,7,"abstract,method,introduction,discussion,related_work,conclusion,experiment",True,True,True,1,2,,
170,Adversarial Graph Neural Network for Multivariate Time Series Anomaly Detection,76699,64137,7,"abstract,introduction,method,experiment,background,related_work,conclusion",True,True,True,5,3,,
171,An Adaptability-Enhanced Few-Shot Website Fingerprinting Attack Based on Collusion,81151,69763,6,"abstract,introduction,method,background,experiment,discussion",True,True,False,2,2,,
172,An Anomaly-Free Representation Learning Approach for Efficient Railway Foreign Object Detection,54724,45987,7,"method,abstract,introduction,related_work,experiment,discussion,conclusion",True,True,True,3,3,,
173,An Autoencoder-Based Hybrid Detection Model for Intrusion Detection With Small-Sample Problem,51852,41259,6,"abstract,introduction,method,related_work,experiment,conclusion",True,True,True,5,10,,
174,An encrypted traffic identification method based on multi-scale feature fusion,48008,47039,5,"introduction,discussion,method,experiment,conclusion",True,True,True,5,4,,
175,Anomaly Detection for In-Vehicle Network Using Self-Supervised Learning With Vehicle-Cloud Collaboration Update,69423,54339,7,"abstract,introduction,method,experiment,related_work,background,conclusion",True,True,True,3,12,,
176,ARISE: Graph Anomaly Detection on Attributed Networks via Substructure Awareness,67080,51192,7,"abstract,background,introduction,method,experiment,related_work,discussion",True,True,False,0,2,,
177,Artificial Intelligence-Based Zero Trust Security Approach for Consumer Industry,42914,35887,6,"method,abstract,introduction,discussion,experiment,conclusion",True,True,True,3,2,,
178,Asymptotic Consistent Graph Structure Learning for Multivariate Time-Series Anomaly Detection,47841,39551,8,"abstract,introduction,method,experiment,related_work,background,discussion,conclusion",True,True,True,4,6,,
179,ATVITSC: A Novel Encrypted Traffic Classification Method Based on Deep Learning,72398,60901,6,"abstract,experiment,method,introduction,related_work,discussion",True,True,False,2,6,,
180,Auto-Updating Intrusion Detection System for Vehicular Network: A Deep Learning Approach Based on Cloud-Edge-Vehicle Collaboration,63096,48716,6,"experiment,introduction,method,related_work,background,conclusion",True,True,True,1,6,,
181,Automatic Evasion of Machine Learning-Based Network Intrusion Detection Systems,77381,64107,7,"abstract,introduction,method,experiment,discussion,related_work,conclusion",True,True,True,0,0,,
182,AutoML4ETC: Automated Neural Architecture Search for Real-World Encrypted Traffic Classification,66852,52094,6,"abstract,method,introduction,background,experiment,conclusion",True,True,True,0,1,,
183,Blockchain-Enabled Federated Learning for Enhanced Collaborative Intrusion Detection in Vehicular Edge Computing,58911,47486,7,"introduction,method,experiment,related_work,discussion,abstract,conclusion",True,True,True,4,10,,
184,BSTFNet: An Encrypted Malicious Traffic Classification Method Integrating Global Semantic and Spatiotemporal Features,63462,54782,7,"abstract,method,experiment,introduction,related_work,discussion,conclusion",True,True,True,4,7,,
185,CaCo: Attributed Network Anomaly Detection via Canonical Correlation Analysis,42571,33764,5,"abstract,method,introduction,experiment,discussion",True,True,False,1,1,,
186,Cactus: Obfuscating Bidirectional Encrypted TCP Traffic at Client Side,82789,67160,8,"abstract,introduction,discussion,method,background,experiment,related_work,conclusion",True,True,True,0,3,,
187,Calibrated One-Class Classification for Unsupervised Time Series Anomaly Detection,75499,63189,7,"abstract,introduction,method,related_work,experiment,conclusion,discussion",True,True,True,2,3,,
188,Classify Traffic Rather Than Flow: Versatile Multi-Flow Encrypted Traffic Classification With Flow Clustering,101737,90546,7,"abstract,experiment,method,introduction,related_work,background,conclusion",True,True,True,0,5,,
189,Classifying Tor Traffic Encrypted Payload Using Machine Learning,71971,64011,8,"abstract,method,introduction,conclusion,discussion,related_work,experiment,background",True,True,True,2,6,,
190,Clients Eligibility-Based Lightweight Protocol in Federated Learning: An IDS Use Case,79567,65845,6,"method,experiment,introduction,related_work,discussion,conclusion",True,True,True,2,1,,
191,Cluster and Conquer: Malicious Traffic Classification at the Edge,73944,61584,7,"abstract,method,introduction,background,experiment,discussion,conclusion",True,True,True,1,5,,
192,Combine intra- and inter-flow: A multimodal encrypted traffic classification model driven by diverse features,66757,55747,6,"method,abstract,introduction,background,experiment,discussion",True,True,False,2,1,,
193,CoMDet: A Contrastive Multimodal Pre-Training Approach to Encrypted Malicious Traffic Detection,37036,31389,4,"method,introduction,related_work,experiment",True,True,False,3,8,,
194,Constraining Adversarial Attacks on Network Intrusion Detection Systems: Transferability and Defense Analysis,108168,94596,7,"abstract,method,introduction,discussion,related_work,experiment,conclusion",True,True,True,4,0,,
195,Continuous Select-and-Prune Incremental Learning for Encrypted Traffic Classification in Distributed SDN Networks,43663,37969,5,"abstract,experiment,introduction,method,conclusion",True,True,True,0,2,,
196,Contrasting Estimation of Pattern Prototypes for Anomaly Detection in Urban Crowd Flow,74415,61814,8,"abstract,introduction,method,experiment,conclusion,background,related_work,discussion",True,True,True,0,5,,
197,Contrastive Time-Series Anomaly Detection,62170,51932,8,"abstract,introduction,method,related_work,background,conclusion,experiment,discussion",True,True,True,7,1,,
198,"CoopGBFS: A Federated Learning and Game-Theoretic-Based Approach for Personalized Security, Recommendation in 5G Beyond IoT Environments for Consumer Electronics",42488,38789,6,"abstract,introduction,method,experiment,discussion,conclusion",True,True,True,4,2,,
199,Correlation-Aware Spatial–Temporal Graph Learning for Multivariate Time-Series Anomaly Detection,92677,72234,7,"experiment,introduction,method,discussion,related_work,background,conclusion",True,True,True,3,0,,
200,Counterfactual Data Augmentation With Denoising Diffusion for Graph Anomaly Detection,71154,55321,8,"abstract,introduction,method,experiment,background,discussion,related_work,conclusion",True,True,True,0,8,,
201,Coupled Attention Networks for Multivariate Time Series Anomaly Detection,70704,58559,8,"abstract,introduction,method,related_work,experiment,background,discussion,conclusion",True,True,True,2,2,,
202,Credible Link Flooding Attack Detection and Mitigation: A Blockchain-Based Approach,83013,69052,7,"abstract,experiment,introduction,discussion,method,background,conclusion",True,True,True,0,7,,
203,Curved Geometric Networks for Visual Anomaly Recognition,70386,53437,8,"abstract,method,introduction,experiment,related_work,background,discussion,conclusion",True,True,True,1,0,,
204,DE-GNN: Dual embedding with graph neural network for fine-grained encrypted traffic classification,76220,59506,5,"abstract,conclusion,experiment,introduction,method",True,True,True,4,0,,
205,Deep Contrastive Representation Learning With Self-Distillation,59638,39873,7,"abstract,introduction,method,related_work,discussion,experiment,conclusion",True,True,True,0,1,,
206,Detecting Cloud Anomaly via Broad Network-Based Contrastive Autoencoder,67293,50881,7,"abstract,method,introduction,related_work,background,experiment,conclusion",True,True,True,1,5,,
207,Detecting Intentional AIS Shutdown in Open Sea Maritime Surveillance Using Self-Supervised Deep Learning,65607,55512,5,"abstract,introduction,method,experiment,conclusion",True,True,True,0,2,,
208,Distinguishing Tor From Other Encrypted Network Traffic Through Character Analysis,27468,23302,7,"abstract,introduction,experiment,related_work,background,method,conclusion",True,True,True,2,3,,
209,DroneSSL: Self-Supervised Multimodal Anomaly Detection in Internet of Drone Things,59081,51728,7,"abstract,introduction,discussion,method,related_work,experiment,conclusion",True,True,True,0,3,,
210,DualAttlog: Context aware dual attention networks for log-based anomaly detection,84166,78290,6,"abstract,introduction,method,discussion,experiment,conclusion",True,True,True,2,5,,
211,ECNet: Robust Malicious Network Traffic Detection With Multi-View Feature and Confidence Mechanism,78100,69924,7,"abstract,method,introduction,related_work,background,experiment,discussion",True,True,False,4,4,,
212,Efficient Secure Inference Scheme in Multiparty Settings for Industrial Internet of Things,55260,48168,6,"abstract,introduction,method,background,experiment,conclusion",True,True,True,0,2,,
213,Encoder-Decoder Contrast for Unsupervised Anomaly Detection in Medical Images,53453,41916,7,"abstract,method,introduction,related_work,experiment,background,discussion",True,True,False,2,1,,
214,Encrypted malicious traffic detection based on natural language processing and deep learning,81883,65575,5,"abstract,experiment,introduction,method,discussion",True,True,False,3,10,,
215,Encrypted traffic classification based on contrastive learning with spatial-temporal feature fusion,27445,22507,5,"abstract,introduction,method,experiment,conclusion",True,True,True,5,4,,
216,Energy-Efficient Self-Supervised Technique to Identify Abnormal User Over 5G Network for E-Commerce,42539,36332,7,"abstract,method,introduction,related_work,experiment,conclusion,discussion",True,True,True,0,9,,
217,Enhanced Network Intrusion Detection System for Internet of Things Security Using Multimodal Big Data Representation with Transfer Learning and Game Theory,94069,80868,7,"abstract,introduction,method,related_work,discussion,conclusion,experiment",True,True,True,4,8,,
218,Enhanced Pseudo-Label Generation With Self-Supervised Training for Weakly- Supervised Semantic Segmentation,62349,46596,8,"abstract,introduction,method,background,related_work,experiment,discussion,conclusion",True,True,True,1,1,,
219,Evaluating Federated Learning-Based Intrusion Detection Scheme for Next Generation Networks,68249,54944,6,"abstract,experiment,introduction,method,conclusion,background",True,True,True,6,2,,
220,Explosive Cyber Security Threats During COVID-19 Pandemic and a Novel Tree-Based Broad Learning System to Overcome,48594,37905,7,"abstract,introduction,method,experiment,related_work,discussion,conclusion",True,True,True,6,7,,
221,Extensible Machine Learning for Encrypted Network Traffic Application Labeling via Uncertainty Quantification,79367,63575,7,"abstract,method,introduction,experiment,related_work,discussion,conclusion",True,True,True,4,5,,
222,Fast and Accurate Multi-Task Learning for Encrypted Network Traffic Classification,86105,73168,6,"abstract,method,introduction,experiment,conclusion,discussion",True,True,True,4,2,,
223,Federated Deep Learning for Intrusion Detection in Consumer-Centric Internet of Things,60491,45259,5,"abstract,method,introduction,experiment,conclusion",True,True,True,8,7,,
224,Federated Deep Reinforcement Learning for Efficient Jamming Attack Mitigation in O-RAN,49213,37815,4,"abstract,introduction,method,related_work",True,False,False,0,3,,
225,Federated Learning-Assisted Distributed Intrusion Detection Using Mesh Satellite Nets for Autonomous Vehicle Protection,41656,33826,5,"method,introduction,experiment,related_work,conclusion",True,True,True,5,7,,
226,Federated Learning-Based Personalized Recommendation Systems: An Overview on Security and Privacy Challenges,63343,46390,6,"abstract,introduction,background,method,discussion,conclusion",True,False,True,0,2,,
227,FedETC: Encrypted traffic classification based on federated learning,34880,28066,4,"method,introduction,experiment,conclusion",True,True,True,2,4,,
228,FedPot: A Quality-Aware Collaborative and Incentivized Honeypot-Based Detector for Smart Grid Networks,88010,75946,8,"abstract,method,background,introduction,related_work,experiment,discussion,conclusion",True,True,True,3,10,,
229,FRHIDS: Federated Learning Recommender Hybrid Intrusion Detection System Model in Software-Defined Networking for Consumer Devices,37136,32044,7,"abstract,method,introduction,experiment,discussion,background,conclusion",True,True,True,6,4,,
230,Fusion Graph Structure Learning-Based Multivariate Time Series Anomaly Detection With Structured Prior Knowledge,59728,49235,7,"abstract,introduction,method,background,related_work,experiment,conclusion",True,True,True,7,6,,
231,GCN-MHSA: A novel malicious traffic detection method based on graph convolutional neural network and multi-head self-attention mechanism,85256,71747,7,"abstract,experiment,introduction,related_work,method,conclusion,discussion",True,True,True,4,9,,
232,Generalized Out-of-Distribution Fault Diagnosis (GOOFD) via Internal Contrastive Learning,47610,37546,7,"abstract,method,introduction,experiment,background,discussion,conclusion",True,True,True,0,3,,
233,GETRF: A General Framework for Encrypted Traffic Identification With Robust Representation Based on Datagram Structure,68153,56874,8,"abstract,introduction,method,background,related_work,experiment,discussion,conclusion",True,True,True,5,2,,
234,Global-to-Local Spatial–Spectral Awareness Transformer Network for Hyperspectral Anomaly Detection,98121,75598,7,"abstract,method,experiment,introduction,background,discussion,conclusion",True,True,True,0,2,,
235,Graph Anomaly Detection via Multi-View Discriminative Awareness Learning,58215,47206,6,"abstract,experiment,method,introduction,related_work,conclusion",True,True,True,1,0,,
236,Graph Autoencoder Anomaly Detection for E-Commerce Application by Contextual Integrating Contrast With Reconstruction and Complementarity,40950,37470,5,"abstract,introduction,method,experiment,conclusion",True,True,True,2,3,,
237,Graph Structure Change-Based Anomaly Detection in Multivariate Time Series of Industrial Processes,52039,41027,6,"abstract,introduction,experiment,discussion,related_work,method",True,True,False,5,3,,
238,Graph Structure Learning-Based Multivariate Time Series Anomaly Detection in Internet of Things for Human-Centric Consumer Applications,59317,53625,6,"introduction,method,experiment,related_work,discussion,conclusion",True,True,True,5,5,,
239,Guest Editorial Introduction to the Special Section on Next-Generation Traffic Measurement With Network-Wide Perspective and Artificial Intelligence,27784,27784,3,"introduction,method,discussion",True,False,False,0,2,,
240,"Guest Editorial Introduction to the Special Section on Open Radio Access Networks: Architecture, Challenges, Opportunities, and Use Cases in Vehicular Networks",18775,18775,3,"introduction,method,conclusion",True,False,True,0,2,,
241,Guest Editorial: Special Issue on Graph Learning,22661,22661,2,"method,experiment",True,True,False,0,1,,
242,Hierarchical-Instance Contrastive Learning for Minority Detection on Imbalanced Medical Datasets,58816,47459,7,"abstract,method,introduction,related_work,experiment,discussion,conclusion",True,True,True,3,4,,
243,HybridAD: A Hybrid Model-Driven Anomaly Detection Approach for Multivariate Time Series,62110,51936,6,"introduction,related_work,method,experiment,discussion,conclusion",True,True,True,6,5,,
244,I $^{2}$ RNN: An Incremental and Interpretable Recurrent Neural Network for Encrypted Traffic Classification,85690,69053,7,"introduction,method,related_work,experiment,background,conclusion,discussion",True,True,True,0,1,,
245,Integrating Entity Attributes for Error-Aware Knowledge Graph Embedding,88052,74524,7,"abstract,method,introduction,experiment,discussion,related_work,conclusion",True,True,True,0,1,,
246,Inter-Flow Spatio-Temporal Correlation Analysis Based Website Fingerprinting Using Graph Neural Network,69778,59672,7,"abstract,introduction,method,background,experiment,conclusion,discussion",True,True,True,2,1,,
247,K-GetNID: Knowledge-Guided Graphs for Early and Transferable Network Intrusion Detection,64551,53337,7,"abstract,experiment,method,introduction,background,discussion,conclusion",True,True,True,2,5,,
248,KnowCTI: Knowledge-based cyber threat intelligence entity and relation extraction,70931,59335,7,"introduction,method,background,experiment,discussion,conclusion,related_work",True,True,True,0,3,,
249,Label-Free Multivariate Time Series Anomaly Detection,69912,53500,7,"abstract,introduction,method,experiment,related_work,background,discussion",True,True,False,2,1,,
250,Large-Scale Visual Language Model Boosted by Contrast Domain Adaptation for Intelligent Industrial Visual Monitoring,49898,42870,5,"abstract,introduction,method,experiment,discussion",True,True,False,3,1,,
251,Let model keep evolving: Incremental learning for encrypted traffic classification,96794,83158,8,"method,introduction,related_work,background,experiment,abstract,discussion,conclusion",True,True,True,4,2,,
252,LLM-TIKG: Threat intelligence knowledge graph construction utilizing large language model,64557,59149,8,"abstract,introduction,conclusion,background,method,experiment,related_work,discussion",True,True,True,1,2,,
253,LogFiT: Log Anomaly Detection Using Fine-Tuned Language Models,53176,43733,7,"abstract,method,introduction,related_work,experiment,discussion,conclusion",True,True,True,3,2,,
254,Machine learning-enabled hybrid intrusion detection system with host data transformation and an advanced two-stage classifier,76671,57222,7,"abstract,method,introduction,related_work,discussion,experiment,conclusion",True,True,True,8,5,,
255,MAG: A Novel Approach for Effective Anomaly Detection in Spacecraft Telemetry Data,41863,33827,4,"method,introduction,experiment,discussion",True,True,False,2,5,,
256,Marina : Realizing ML-Driven Real-Time Network Traffic Monitoring at Terabit Scale,105961,75503,7,"abstract,method,introduction,experiment,discussion,related_work,conclusion",True,True,True,3,4,,
257,MCRe: A Unified Framework for Handling Malicious Traffic With Noise Labels Based on Multidimensional Constraint Representation,64720,53870,5,"method,introduction,related_work,experiment,discussion",True,True,False,7,2,,
258,"Meta: Toward a Unified, Multimodal Dataset for Network Intrusion Detection Systems",37607,32566,6,"abstract,background,method,conclusion,experiment,discussion",True,True,True,4,6,,
259,MetaCluster: A Universal Interpretable Classification Framework for Cybersecurity,65601,50434,7,"abstract,method,introduction,experiment,related_work,discussion,conclusion",True,True,True,1,5,,
260,MetaRockETC: Adaptive Encrypted Traffic Classification in Complex Network Environments via Time Series Analysis and Meta-Learning,85005,71935,8,"abstract,introduction,method,background,related_work,discussion,experiment,conclusion",True,True,True,4,2,,
261,MLaD²: A Semi-Supervised Money Laundering Detection Framework Based on Decoupling Training,70318,58057,7,"abstract,experiment,introduction,method,related_work,discussion,conclusion",True,True,True,0,2,,
262,MPAF: Encrypted Traffic Classification With Multi-Phase Attribute Fingerprint,70827,61364,6,"abstract,introduction,method,related_work,experiment,discussion",True,True,False,2,3,,
263,MSNet: Self-Supervised Multiscale Network With Enhanced Separation Training for Hyperspectral Anomaly Detection,61256,50951,7,"abstract,background,introduction,method,experiment,discussion,conclusion",True,True,True,1,3,,
264,MTSecurity: Privacy-Preserving Malicious Traffic Classification Using Graph Neural Network and Transformer,67350,58589,8,"abstract,method,introduction,discussion,related_work,experiment,background,conclusion",True,True,True,5,3,,
265,Multi-Task Scenario Encrypted Traffic Classification and Parameter Analysis,88219,78882,6,"abstract,method,introduction,experiment,discussion,conclusion",True,True,True,4,1,,
266,Multichannel Anomaly Detection for Spacecraft Time Series Using MAP Estimation,62761,50383,4,"introduction,method,experiment,conclusion",True,True,True,6,5,,
267,Multimodal Brain Tumor Segmentation Boosted by Monomodal Normal Brain Images,51661,43308,6,"abstract,method,introduction,experiment,discussion,conclusion",True,True,True,3,3,,
268,Multipattern Integrated Networks With Contrastive Pretraining for Graph Anomaly Detection,60935,43938,5,"experiment,introduction,method,related_work,conclusion",True,True,True,0,0,,
269,Multiview Deep Anomaly Detection: A Systematic Exploration,85343,66869,8,"abstract,introduction,method,experiment,related_work,background,discussion,conclusion",True,True,True,2,1,,
270,Network intrusion detection leveraging multimodal features,70528,56811,7,"abstract,introduction,method,discussion,related_work,experiment,conclusion",True,True,True,2,8,,
271,No More Data Silos: Unified Microservice Failure Diagnosis With Temporal Knowledge Graph,74135,57251,7,"introduction,conclusion,method,related_work,experiment,background,discussion",True,True,True,0,3,,
272,Normal Image Guided Segmentation Framework for Unsupervised Anomaly Detection,69471,55174,7,"abstract,method,introduction,experiment,related_work,discussion,conclusion",True,True,True,0,0,,
273,One Model to Find Them All Deep Learning for Multivariate Time-Series Anomaly Detection in Mobile Network Data,74460,62023,6,"method,introduction,related_work,experiment,conclusion,discussion",True,True,True,1,5,,
274,One Train for Two Tasks: An Encrypted Traffic Classification Framework Using Supervised Contrastive Learning,70819,49645,8,"method,abstract,introduction,experiment,background,discussion,related_work,conclusion",True,True,True,5,5,,
275,Online Self-Supervised Deep Learning for Intrusion Detection Systems,82975,67363,6,"abstract,introduction,method,related_work,experiment,conclusion",True,True,True,7,7,,
276,Open set identification of malicious encrypted traffic based on multi-feature fusion,76526,30621,5,"abstract,method,introduction,experiment,related_work",True,True,False,3,2,,
277,Overcoming Limited Fault Data: Intermittent Fault Detection in Analog Circuits via Improved GAN,50894,40288,5,"abstract,method,introduction,experiment,conclusion",True,True,True,0,4,,
278,Pixel-Level Contrastive Pretrainer for Industrial Image Representation,70017,55178,7,"abstract,introduction,method,experiment,related_work,discussion,conclusion",True,True,True,4,7,,
279,Poison-Resilient Anomaly Detection: Mitigating Poisoning Attacks in Semi-Supervised Encrypted Traffic Anomaly Detection,70287,58798,6,"method,introduction,experiment,background,discussion,conclusion",True,True,True,0,1,,
280,Practical Cyber Attack Detection With Continuous Temporal Graph in Dynamic Network System,69130,59648,7,"abstract,experiment,method,introduction,related_work,discussion,conclusion",True,True,True,3,4,,
281,Privacy-Preserving Few-Shot Traffic Detection Against Advanced Persistent Threats via Federated Meta Learning,61107,47231,7,"abstract,method,introduction,experiment,related_work,background,conclusion",True,True,True,5,7,,
282,"Produce Once, Utilize Twice for Anomaly Detection",80215,64208,7,"abstract,method,experiment,introduction,related_work,discussion,conclusion",True,True,True,1,1,,
283,ProFi: Scalable and Efficient Website Fingerprinting,93059,71771,6,"abstract,introduction,method,background,experiment,conclusion",True,True,True,0,6,,
284,ProGen: Projection-Based Adversarial Attack Generation Against Network Intrusion Detection,79234,69471,7,"abstract,introduction,method,background,experiment,related_work,conclusion",True,True,True,6,0,,
285,"quantile-Long Short Term Memory: A Robust, Time Series Anomaly Detection Method",60773,53285,6,"abstract,method,introduction,experiment,related_work,discussion",True,True,False,1,4,,
286,Reconstruction-Based Supervised Contrastive Learning for Unknown Device Identification in Nonintrusive Load Monitoring,60219,48593,6,"abstract,introduction,method,experiment,discussion,conclusion",True,True,True,3,3,,
287,ReFLIP-VAD: Towards Weakly Supervised Video Anomaly Detection via Vision-Language Model,84757,68531,7,"abstract,introduction,method,related_work,experiment,discussion,conclusion",True,True,True,3,5,,
288,Regularity Learning via Explicit Distribution Modeling for Skeletal Video Anomaly Detection,68918,51806,6,"abstract,method,experiment,introduction,discussion,conclusion",True,True,True,2,4,,
289,Relation-aware heterogeneous graph neural network for entity alignment,46423,37471,7,"abstract,method,introduction,related_work,experiment,discussion,conclusion",True,True,True,1,1,,
290,Rethinking Robust Multivariate Time Series Anomaly Detection: A Hierarchical Spatio-Temporal Variational Perspective,70295,57610,7,"abstract,introduction,method,related_work,discussion,experiment,conclusion",True,True,True,4,6,,
291,Review of Accident Detection Methods Using Dashcam Videos for Autonomous Driving Vehicles,103434,83639,7,"abstract,introduction,method,background,experiment,discussion,conclusion",True,True,True,0,2,,
292,RFG-HELAD: A Robust Fine-Grained Network Traffic Anomaly Detection Model Based on Heterogeneous Ensemble Learning,90657,79468,8,"abstract,method,introduction,related_work,background,experiment,discussion,conclusion",True,True,True,3,3,,
293,RustGraph: Robust Anomaly Detection in Dynamic Graphs by Jointly Learning Structural-Temporal Dependency,68844,52114,7,"abstract,conclusion,method,introduction,background,discussion,experiment",True,True,True,1,2,,
294,SaRLog: Semantic-Aware Robust Log Anomaly Detection via BERT-Augmented Contrastive Learning,46502,39050,6,"abstract,method,introduction,discussion,experiment,conclusion",True,True,True,0,6,,
295,Scalable Industrial Visual Anomaly Detection With Partial Semantics Aggregation Vision Transformer,83258,71518,6,"abstract,method,experiment,introduction,discussion,conclusion",True,True,True,2,2,,
296,Secure Attack Detection Framework for Hierarchical 6G-Enabled Internet of Vehicles,51831,45703,5,"abstract,introduction,method,experiment,conclusion",True,True,True,0,5,,
297,Self-Supervised Deep Clustering Method for Detecting Abnormal Data of Wastewater Treatment Process,54731,45232,6,"abstract,introduction,method,background,experiment,conclusion",True,True,True,0,3,,
298,Self-Supervised Learning and Multisource Heterogeneous Information Fusion Based Quality Anomaly Detection for Heavy-Plate Shape,53147,43430,6,"abstract,introduction,method,discussion,experiment,conclusion",True,True,True,3,1,,
299,"Self-Supervised Learning for Time Series Analysis: Taxonomy, Progress, and Prospects",123750,75155,6,"abstract,method,discussion,introduction,experiment,conclusion",True,True,True,0,0,,
300,Self-Supervised Masked Convolutional Transformer Block for Anomaly Detection,98556,73787,7,"method,introduction,experiment,related_work,abstract,discussion,conclusion",True,True,True,4,7,,
301,Semi-Supervised Encrypted Malicious Traffic Detection Based on Multimodal Traffic Characteristics,96453,89395,5,"introduction,method,experiment,discussion,conclusion",True,True,True,5,6,,
302,Sharing cyber threat intelligence: Does it really help?,112989,32240,4,"abstract,introduction,background,method",True,False,False,3,0,,
303,SLA2P: Self-Supervised Anomaly Detection With Adversarial Perturbation,62400,44199,5,"introduction,method,discussion,experiment,conclusion",True,True,True,1,4,,
304,Sliding Dual-Window-Inspired Reconstruction Network for Hyperspectral Anomaly Detection,79339,54834,7,"abstract,introduction,background,method,experiment,discussion,conclusion",True,True,True,0,0,,
305,SMCNet: Sparse-Inspired Masked Convolutional Network for Hyperspectral Anomaly Detection,84576,70076,8,"abstract,background,introduction,method,related_work,experiment,discussion,conclusion",True,True,True,1,10,,
306,Space Decoupled Prototype Learning for Few-Shot Attack Detection in Cyber–Physical Systems,64336,55065,7,"abstract,introduction,method,related_work,experiment,discussion,conclusion",True,True,True,5,9,,
307,SYN-GAN: A robust intrusion detection system using GAN-based synthetic data for IoT security,49464,43433,7,"abstract,introduction,related_work,method,experiment,discussion,conclusion",True,True,True,7,5,,
308,Tensor Recurrent Neural Network With Differential Privacy,54275,44484,6,"abstract,method,experiment,introduction,background,conclusion",True,True,True,3,3,,
309,Text-Driven Traffic Anomaly Detection With Temporal High-Frequency Modeling in Driving Videos,69712,55854,6,"abstract,method,introduction,experiment,discussion,background",True,True,False,0,2,,
310,Time-Series Anomaly Detection in Automated Vehicles Using D-CNN-LSTM Autoencoder,60048,46551,7,"abstract,method,introduction,conclusion,experiment,related_work,discussion",True,True,True,1,4,,
311,Time Series Anomaly Detection in Vehicle Sensors Using Self-Attention Mechanisms,61926,47610,6,"abstract,method,introduction,experiment,discussion,conclusion",True,True,True,0,7,,
312,TMANomaly: Time-Series Mutual Adversarial Networks for Industrial Anomaly Detection,45885,37618,6,"abstract,method,introduction,experiment,related_work,discussion",True,True,False,2,1,,
313,Toward Generating a New Cloud-Based Distributed Denial of Service (DDoS) Dataset and Cloud Intrusion Traffic Characterization,95562,84057,7,"abstract,method,introduction,discussion,experiment,related_work,conclusion",True,True,True,8,1,,
314,Toward Video Anomaly Retrieval From Video Anomaly Detection: New Benchmarks and Model,66188,44626,6,"abstract,experiment,introduction,related_work,method,conclusion",True,True,True,0,4,,
315,Towards Efficient Cross-Modal Anomaly Detection Using Triple-Adaptive Network and Bi-Quintuple Contrastive Learning,68256,58373,7,"abstract,method,introduction,related_work,experiment,discussion,conclusion",True,True,True,2,6,,
316,Transforms-Based Bayesian Tensor Completion Method for Network Traffic Measurement Data Recovery,59689,48868,7,"method,abstract,introduction,background,discussion,experiment,conclusion",True,True,True,3,3,,
317,TS-DP: An Efficient Data Processing Algorithm for Distribution Digital Twin Grid for Industry 5.0,56450,43735,6,"abstract,introduction,method,experiment,related_work,conclusion",True,True,True,0,2,,
318,Two-stage multi-datasource machine learning for attack technique and lifecycle detection,76763,71025,8,"abstract,introduction,background,method,experiment,discussion,conclusion,related_work",True,True,True,1,2,,
319,UAC-AD: Unsupervised Adversarial Contrastive Learning for Anomaly Detection on Multi-Modal Data in Microservice Systems,73167,61888,7,"abstract,experiment,introduction,related_work,method,discussion,conclusion",True,True,True,3,3,,
320,Unsupervised Anomaly Detection on Attributed Networks With Graph Contrastive Learning for Consumer Electronics Security,58940,46321,8,"abstract,introduction,discussion,related_work,method,background,experiment,conclusion",True,True,True,3,5,,
321,Unveiling malicious DNS behavior profiling and generating benchmark dataset through application layer traffic analysis,90459,82522,7,"abstract,method,introduction,conclusion,related_work,experiment,discussion",True,True,True,3,3,,
322,Unveiling shadows: A comprehensive framework for insider threat detection based on statistical and sequential analysis,82218,72911,7,"introduction,related_work,method,discussion,experiment,abstract,conclusion",True,True,True,3,1,,
323,Vehicular Social Dynamic Anomaly Detection With Recurrent Multi-Mask Aggregator Enabled VAE,79084,62515,7,"abstract,introduction,method,related_work,experiment,discussion,conclusion",True,True,True,0,5,,
324,WAKE: A Weakly Supervised Business Process Anomaly Detection Framework via a Pre-Trained Autoencoder,73240,58980,8,"abstract,method,introduction,related_work,background,experiment,discussion,conclusion",True,True,True,0,1,,
325,WF-Transformer: Learning Temporal Features for Accurate Anonymous Traffic Identification by Using Transformer Networks,73253,59630,7,"abstract,introduction,method,experiment,background,discussion,conclusion",True,True,True,2,9,,
326,Zero-Day Guardian: A Dual Model Enabled Federated Learning Framework for Handling Zero-Day Attacks in 5G Enabled IIoT,54456,46908,7,"abstract,method,introduction,related_work,experiment,conclusion,discussion",True,True,True,1,7,,
327,Zero-X: A Blockchain-Enabled Open-Set Federated Learning Framework for Zero-Day Attack Detection in IoV,75139,66308,6,"abstract,method,introduction,related_work,experiment,conclusion",True,True,True,0,6,,
328,智能溯源分析与入侵检测: 洞察、挑战与展望,66469,66469,5,"abstract,method,discussion,experiment,background",True,True,False,0,1,,
329,基于机器学习的加密流量分类研究综述,66185,38659,3,"abstract,experiment,discussion",False,True,False,10,2,,
330,基于图像化方法的恶意软件检测与分类综述,92384,92384,0,,False,False,False,0,0,,
331,A Cascaded Broad Learning Network Embedded Image Features for Malware Traffic Classification,66974,54760,6,"abstract,method,introduction,discussion,experiment,conclusion",True,True,True,3,3,,
332,A Cloud Collaborative-Based Intrusion Detection and Prevention System for IVN,84947,73111,8,"abstract,introduction,method,background,discussion,experiment,related_work,conclusion",True,True,True,0,6,,
333,A Comprehensive Benchmark and Empirical Study of Trace Anomaly Detection,67956,56508,6,"method,introduction,background,experiment,discussion,conclusion",True,True,True,2,2,,
334,A Data-Driven Approach to Mitigate Evolving Volumetric Attacks in Programmable Networks,94368,84303,7,"abstract,introduction,method,related_work,experiment,discussion,conclusion",True,True,True,2,4,,
335,A Dual-Discriminator Generative Adversarial Network for Anomaly Detection,57633,46211,7,"abstract,introduction,method,related_work,background,conclusion,experiment",True,True,True,0,2,,
336,A dynamic provenance graph-based detector for advanced persistent threats,70015,68194,7,"abstract,introduction,method,related_work,discussion,experiment,conclusion",True,True,True,0,6,,
337,A Hierarchical Framework With Spatio-Temporal Consistency Learning for Emergence Detection in Complex Adaptive Systems,78460,63012,7,"abstract,introduction,method,experiment,related_work,discussion,conclusion",True,True,True,3,4,,
338,A Lightweight Intrusion Detection System with Dynamic Feature Fusion Federated Learning for Vehicular Network Security,67190,56459,7,"abstract,introduction,related_work,method,discussion,experiment,conclusion",True,True,True,1,5,,
339,A Membership Inference and Adversarial Attack Defense Framework for Network Traffic Classifiers,66140,55868,5,"abstract,method,introduction,experiment,conclusion",True,True,True,3,1,,
340,A Meta-Unified Global Cyber Threat Intelligence Model for Industrial Cross-Cloud Networks,49125,41417,6,"method,abstract,introduction,experiment,discussion,conclusion",True,True,True,3,12,,
341,A Moving Target DDoS Defense Approach in Consortium Blockchain,86816,74103,6,"abstract,experiment,introduction,method,conclusion,related_work",True,True,True,0,3,,
342,A multi-source log semantic analysis-based attack investigation approach,97810,86913,7,"abstract,method,introduction,related_work,discussion,background,experiment",True,True,False,3,6,,
343,A Multi-View-Based Federated Learning Approach for Intrusion Detection,77873,67691,7,"abstract,method,experiment,introduction,related_work,discussion,conclusion",True,True,True,6,6,,
344,"A Novel Hybrid, BERT and Deep Learning Model Network Intrusion Detection System for Healthcare Electronics",45939,29458,6,"abstract,introduction,experiment,method,related_work,conclusion",True,True,True,2,7,,
345,A Privacy-Preserving Graph Neural Network for Network Intrusion Detection,79321,66671,8,"abstract,introduction,experiment,method,background,related_work,conclusion,discussion",True,True,True,0,2,,
346,A Resource-Efficient Federated Learning Framework for Intrusion Detection in IoMT Networks,63926,46912,7,"method,abstract,introduction,discussion,related_work,experiment,conclusion",True,True,True,1,5,,
347,A Spatial Contexts-Informed Self-Supervised Learning Approach for Pavement Distress Segmentation,59516,50172,8,"abstract,introduction,method,related_work,experiment,background,discussion,conclusion",True,True,True,3,3,,
348,"A survey on encrypted network traffic: A comprehensive survey of identification/classification techniques, challenges, and future directions",166885,137543,6,"abstract,introduction,discussion,method,related_work,conclusion",True,False,True,0,1,,
349,A Synthetic Data-Assisted Satellite Terrestrial Integrated Network Intrusion Detection Framework,84517,75556,7,"abstract,introduction,experiment,method,background,discussion,conclusion",True,True,True,3,4,,
350,A Time Series Self-Supervised Contrastive Pretraining Method With Data Augmentation Using Discrepancy of Reconstruction Information Loss,61122,53081,6,"abstract,method,discussion,introduction,experiment,conclusion",True,True,True,5,4,,
351,A Unified Framework for Hybrid Network Intrusion Detection,99958,88330,6,"abstract,method,introduction,related_work,experiment,conclusion",True,True,True,5,6,,
352,AADC-Net: A Multimodal Deep Learning Framework for Automatic Anomaly Detection in Real-Time Surveillance,69532,51271,7,"method,abstract,introduction,experiment,related_work,discussion,conclusion",True,True,True,2,3,,
353,Accurate and Interpretable Log-Based Fault Diagnosis Using Large Language Models,65903,51332,8,"method,introduction,background,related_work,discussion,abstract,experiment,conclusion",True,True,True,2,4,,
354,AD-NEv: A Scalable Multilevel Neuroevolution Framework for Multivariate Anomaly Detection,78158,66270,6,"abstract,method,introduction,experiment,conclusion,discussion",True,True,True,5,4,,
355,Adaptive Memory Broad Learning System for Unsupervised Time Series Anomaly Detection,74844,61689,7,"abstract,method,introduction,related_work,background,experiment,discussion",True,True,False,0,1,,
356,ADPS: Asymmetric Distillation Postsegmentation for Image Anomaly Detection,67071,50806,6,"abstract,method,introduction,experiment,related_work,conclusion",True,True,True,4,2,,
357,"Advancing Intrusion Detection in V2X Networks: A Comprehensive Survey on Machine Learning, Federated Learning, and Edge AI for V2X Security",314922,259393,6,"abstract,conclusion,introduction,method,discussion,experiment",True,True,True,8,12,,
358,Adversarial Label-Flipping Attack and Defense for Anomaly Detection in Spatial Crowdsourcing UAV Services,66558,57343,7,"abstract,method,introduction,related_work,conclusion,experiment,discussion",True,True,True,1,1,,
359,Adversarial Transformer-Based Anomaly Detection for Multivariate Time Series,49794,44058,6,"abstract,introduction,method,related_work,experiment,conclusion",True,True,True,5,3,,
360,ALAD: A New Unsupervised Time Series Anomaly Detection Paradigm Based on Activation Learning,61338,48767,7,"abstract,introduction,method,related_work,background,experiment,conclusion",True,True,True,2,4,,
361,An Innovative Secure and Privacy-Preserving Federated Learning-Based Hybrid Deep Learning Model for Intrusion Detection in Internet-Enabled Wireless Sensor Networks,39482,32847,6,"method,abstract,introduction,related_work,experiment,conclusion",True,True,True,2,9,,
362,An Unsupervised Learning Approach for Pavement Distress Diagnosis via Siamese Networks,59335,47311,8,"abstract,method,introduction,related_work,experiment,background,discussion,conclusion",True,True,True,1,3,,
363,An Unsupervised Malicious Web Request Detection Based on Transformer and Contrastive Learning,65406,53579,8,"abstract,introduction,method,related_work,background,experiment,discussion,conclusion",True,True,True,2,5,,
364,ANEF: Adversarial Neural Encryption Framework for Secured Consumer Electronics in Smart Cities,35998,31713,6,"abstract,introduction,method,experiment,discussion,conclusion",True,True,True,4,4,,
365,Anomaly Detection Framework With Contrastive Learning and Multiview Augmentation for Time-Series Domain Generalization,47388,36965,5,"abstract,method,introduction,experiment,discussion",True,True,False,3,0,,
366,Anomaly detection in encrypted network traffic using self-supervised learning,66528,57434,6,"method,discussion,background,conclusion,introduction,experiment",True,True,True,4,13,,
367,Anomaly Detection in Event-Triggered Traffic Time Series via Similarity Learning,70238,55348,7,"abstract,method,introduction,related_work,experiment,discussion,conclusion",True,True,True,2,5,,
368,Anomaly Detection on Attributed Networks via Multiview and Multiscale Contrastive Learning,75579,62902,8,"abstract,introduction,method,discussion,related_work,background,experiment,conclusion",True,True,True,1,1,,
369,Augmentation and Fusion: Multi-Feature Fusion-Based Self-Supervised Learning Approach for Traffic Tables,64607,56391,7,"method,abstract,introduction,experiment,related_work,discussion,conclusion",True,True,True,4,1,,
370,AutoKAN: A Federated Lightweight Anomaly Detection Framework for Securing Constrained IoT Healthcare Diabetes Monitoring Systems,56713,47265,7,"abstract,method,experiment,introduction,related_work,discussion,conclusion",True,True,True,2,3,,
371,AVXProbe: Enhancing Website Fingerprinting with Side-Channel-Assisted Kernel-Level Traces,86969,68354,7,"abstract,experiment,introduction,background,method,discussion,conclusion",True,True,True,2,1,,
372,BDIP: An Efficient Big Data-Driven Information Processing Framework and Its Application in DDoS Attack Detection,57833,47843,8,"abstract,method,introduction,related_work,discussion,background,experiment,conclusion",True,True,True,3,3,,
373,Beyond Spatial Priors: Spectral-Aware Hyperspectral Anomaly Detection Network via Heterogeneous–Homogeneous Super-Band and Quaternionic Sparse Representation,82565,68976,8,"abstract,experiment,introduction,background,method,related_work,discussion,conclusion",True,True,True,2,4,,
374,Bi-Grid Reconstruction for Image Anomaly Detection,48553,38387,6,"method,introduction,related_work,experiment,conclusion,discussion",True,True,True,2,6,,
375,Bipartite Graph Anomaly Detection With Contrastive Learning,77368,67014,7,"abstract,introduction,method,experiment,related_work,background,conclusion",True,True,True,3,2,,
376,Boosting Encrypted Traffic Classification Using Feature-Enhanced Recurrent Neural Network With Angle Constraint,60703,50026,7,"abstract,introduction,method,experiment,related_work,discussion,conclusion",True,True,True,4,8,,
377,"Bottom Aggregating, Top Separating: An Aggregator and Separator Network for Encrypted Traffic Understanding",58981,45925,7,"abstract,introduction,discussion,related_work,method,experiment,conclusion",True,True,True,4,1,,
378,BTGPT: Generative Pretrained Transformer for Benign Network Traffic,48271,40073,7,"abstract,method,introduction,related_work,experiment,conclusion,discussion",True,True,True,0,1,,
379,CCLog: Actionable APT forensics via fused log semantics and provenance graph topology,69444,61638,6,"abstract,method,introduction,discussion,experiment,conclusion",True,True,True,2,7,,
380,CELEST: Federated Learning for Globally Coordinated Threat Detection,91471,73757,6,"abstract,method,introduction,experiment,discussion,related_work",True,True,False,2,5,,
381,CertTA: Certified Robustness Made Practical for Learning-Based Traffic Analysis,98804,76025,7,"abstract,method,discussion,introduction,experiment,background,conclusion",True,True,True,0,1,,
382,CL-BioGAN: Biologically Inspired Cross-Domain Continual Learning for Hyperspectral Anomaly Detection,75403,54489,7,"abstract,introduction,method,experiment,background,discussion,conclusion",True,True,True,0,3,,
383,Class Incremental Website Fingerprinting Attack Based on Dynamic Expansion Architecture,91406,69196,7,"abstract,introduction,method,background,experiment,discussion,conclusion",True,True,True,1,3,,
384,CLEAR: Spatial-Temporal Traffic Data Representation Learning for Traffic Prediction,81195,69761,8,"abstract,introduction,discussion,method,background,related_work,experiment,conclusion",True,True,True,3,2,,
385,CLIP-Based Multi-Modal Feature Learning for Cloth-Changing Person Re-Identification,66651,52556,6,"abstract,method,introduction,experiment,discussion,conclusion",True,True,True,2,2,,
386,Commander: A robust cross-machine multi-phase Advanced Persistent Threat detector via provenance analytics,135200,112880,7,"abstract,introduction,method,background,related_work,experiment,conclusion",True,True,True,2,1,,
387,Contrastive Multi-Knowledge Graph Learning for Fake News Detection,75580,60058,8,"abstract,introduction,method,related_work,background,experiment,discussion,conclusion",True,True,True,0,7,,
388,Contrastive Self-Supervised Learning-Based Background Reconstruction for Hyperspectral Anomaly Detection,61117,47470,8,"background,abstract,introduction,method,conclusion,related_work,experiment,discussion",True,True,True,3,0,,
389,Cyber Attacks Prevention Toward Prosumer-Based EV Charging Stations: An Edge-Assisted Federated Prototype Knowledge Distillation Approach,142002,114279,8,"abstract,method,introduction,related_work,experiment,background,discussion,conclusion",True,True,True,3,1,,
390,Cyberattack event logs classification using deep learning with semantic feature analysis,87410,75566,7,"abstract,introduction,method,related_work,conclusion,discussion,experiment",True,True,True,0,5,,
391,D 3 Former: Dual-Decoder Dual-Transformer Reconstruction Network for Hyperspectral Anomaly Detection,70310,55976,6,"abstract,method,introduction,background,experiment,discussion",True,True,False,2,3,,
392,DACAD: Domain Adaptation Contrastive Learning for Anomaly Detection in Multivariate Time Series,66319,50966,7,"abstract,method,introduction,discussion,background,experiment,conclusion",True,True,True,6,1,,
393,DDoS Attack Detection in Consumer IoT-Based Healthcare Systems Using Improved Off-Policy Proximal Policy Optimization and Generative Adversarial Network,59625,47070,7,"abstract,method,introduction,conclusion,related_work,experiment,discussion",True,True,True,4,4,,
394,Deep Graph Anomaly Detection: A Survey and New Perspectives,127939,99625,5,"conclusion,method,introduction,discussion,background",True,False,True,0,1,,
395,Deep Multimanifold Transformation-Based Multivariate Time Series Fault Detection,53877,42525,7,"abstract,introduction,method,related_work,conclusion,experiment,discussion",True,True,True,7,10,,
396,DeepDRAC: Disposition Recommendation for Alert Clusters Based on Security Event Patterns,92280,83700,6,"abstract,introduction,method,discussion,experiment,conclusion",True,True,True,3,2,,
397,Detecting Multivariate Time Series Anomalies With Cascade Decomposition Consistency,68095,54800,7,"abstract,introduction,method,background,conclusion,experiment,discussion",True,True,True,8,2,,
398,Detecting Smart Home Device Activities Using Packet-Level Signatures From Encrypted Traffic,62120,51356,7,"abstract,method,introduction,experiment,background,conclusion,discussion",True,True,True,3,2,,
399,Detecting unknown intrusions from large heterogeneous data through ensemble learning,92507,84516,6,"method,introduction,conclusion,abstract,discussion,experiment",True,True,True,4,5,,
400,Detection of Unknown Attacks Through Encrypted Traffic: A Gaussian Prototype-Aided Variational Autoencoder Framework,79382,66132,7,"abstract,method,experiment,introduction,related_work,discussion,conclusion",True,True,True,2,4,,
401,Detection of Voltage Droop-Induced Timing Fault Attacks Due to Hardware Trojans,77075,67041,8,"abstract,method,introduction,background,related_work,discussion,experiment,conclusion",True,True,True,0,0,,
402,Disentangled Dynamic Intrusion Detection,98532,72926,8,"abstract,introduction,method,related_work,background,experiment,discussion,conclusion",True,True,True,8,4,,
403,DM-IDS—A Network Intrusion Detection Method Based on Dual-Modal Fusion,73891,61473,7,"abstract,introduction,method,experiment,related_work,discussion,conclusion",True,True,True,4,6,,
404,DRCAD: Dual-View Experts Routing and Counterfactual Generation for Explainable Time Series Anomaly Detection,74919,56769,6,"abstract,method,introduction,related_work,experiment,discussion",True,True,False,1,2,,
405,Drift-oriented Self-evolving Encrypted Traffic Application Classification for Actual Network Environment,37528,31957,6,"method,introduction,related_work,experiment,background,conclusion",True,True,True,3,4,,
406,Dual Spatio-Temporal Contrastive Learning Network With Adaptive Threshold Generation for Anomaly Detection of Electric Submersible Pump,65538,51554,5,"method,introduction,experiment,discussion,conclusion",True,True,True,0,1,,
407,Dual Temporal Masked Modeling for KPI Anomaly Detection via Similarity Aggregation,67340,54329,6,"abstract,method,experiment,introduction,related_work,conclusion",True,True,True,7,9,,
408,eBiTCN: Efficient bidirectional temporal convolution network for encrypted malicious network traffic detection,128651,119614,6,"abstract,method,introduction,experiment,discussion,conclusion",True,True,True,1,7,,
409,Edge-featured multi-hop attention graph neural network for intrusion detection system,74188,60907,8,"abstract,introduction,related_work,method,experiment,background,discussion,conclusion",True,True,True,8,13,,
410,Efficient Intrusion Detection for In-Vehicle Networks Using Knowledge Distillation From BERT to CNN-BiLSTM,78706,66341,7,"abstract,experiment,method,introduction,discussion,related_work,conclusion",True,True,True,2,6,,
411,Efficient Intrusion Detection in AMI Systems Based on Federated Semi-Supervised Learning,58291,48289,5,"introduction,method,experiment,related_work,background",True,True,False,5,4,,
412,Empirical Study of Hierarchical Intrusion Detection Systems for Unknown Attacks,73472,59631,8,"abstract,method,experiment,introduction,related_work,discussion,background,conclusion",True,True,True,2,6,,
413,Encrypted Traffic Classification Through Deep Domain Adaptation Network With Smooth Characteristic Function,69017,61980,6,"abstract,method,experiment,introduction,conclusion,related_work",True,True,True,3,1,,
414,EncryptoVision: A dual-modal fusion-based multi-classification model for encrypted traffic recognition,66068,55871,5,"abstract,method,introduction,discussion,experiment",True,True,False,4,1,,
415,End-to-End Abnormal Subgraph Detection via Subgraph-Level Contrastive Learning,80528,65802,6,"abstract,discussion,introduction,method,experiment,conclusion",True,True,True,3,4,,
416,End-to-End Attack Scene Reconstruction in a Host With Rules and Anomaly-Based Detection Models,87377,75728,8,"introduction,method,background,related_work,experiment,abstract,discussion,conclusion",True,True,True,3,2,,
417,Enhancing Anti-Interference of Magnetic Tracking: A MagRobustNet-Based Framework With Self-Supervised Anomaly Detection and Measurements Recovery,51755,40873,5,"abstract,introduction,method,experiment,conclusion",True,True,True,0,3,,
418,Enhancing Multivariate Time Series Anomaly Detection With an Inference Stacked Recurrent-Autoencoder in Strong Mechanistic Contexts,43338,37531,6,"abstract,introduction,method,experiment,discussion,conclusion",True,True,True,1,4,,
419,Ensemble Intrusion Detection Based on Heterogeneous Data Augmentation and Knowledge Distillation,44459,36315,6,"abstract,experiment,introduction,method,related_work,conclusion",True,True,True,4,5,,
420,Ensuring Zero Trust IoT Data Privacy: Differential Privacy in Blockchain Using Federated Learning,54889,46511,8,"abstract,method,introduction,experiment,background,related_work,discussion,conclusion",True,True,True,0,3,,
421,ERFS: Efficient Feature Graph Representation for Intrusion Detection Based on Flow Semantic Association,82085,70272,7,"abstract,method,experiment,introduction,background,discussion,conclusion",True,True,True,2,2,,
422,ETGuard: Malicious Encrypted Traffic Detection in Blockchain-Based Power Grid Systems,29142,22378,7,"abstract,introduction,background,method,experiment,related_work,conclusion",True,True,True,3,2,,
423,Evolving ML-Based Intrusion Detection: Cyber Threat Intelligence for Dynamic Model Updates,84487,75083,7,"method,abstract,introduction,background,experiment,discussion,conclusion",True,True,True,1,5,,
424,Exposing and Circumventing SNI-based QUIC Censorship of the Great Firewall of China,104852,82643,7,"abstract,introduction,background,experiment,method,discussion,conclusion",True,True,True,1,1,,
425,Facing Differences of Similarity: Intra- and Inter-Correlation Unsupervised Learning for Chest X-Ray Anomaly Detection,71991,61389,6,"abstract,introduction,discussion,method,related_work,experiment",True,True,False,1,9,,
426,FALL: Prior Failure Detection in Large Scale System Based on Language Model,59741,46280,5,"abstract,method,introduction,related_work,experiment",True,True,False,2,1,,
427,FC2P: Feature Cross-Channel Projection for Unsupervised Anomaly Segmentation,70751,55656,6,"abstract,introduction,method,experiment,discussion,conclusion",True,True,True,3,1,,
428,FeatDAE: Introducing Features With Denoising Autoencoder for Anomaly Detection,68444,52045,6,"abstract,introduction,method,experiment,discussion,conclusion",True,True,True,4,3,,
429,FeCo: Boosting Intrusion Detection Capability in IoT Networks via Contrastive Learning,84508,68533,7,"abstract,introduction,experiment,related_work,method,discussion,conclusion",True,True,True,5,5,,
430,FeCoGraph: Label-Aware Federated Graph Contrastive Learning for Few-Shot Network Intrusion Detection,81114,67333,6,"abstract,experiment,introduction,method,related_work,conclusion",True,True,True,0,3,,
431,Fed-IoMT-Block: A Privacy-Preserving Framework for Secure Federated Learning in Consumer-Centric Internet of Medical Things,62354,52096,7,"abstract,method,introduction,related_work,experiment,discussion,conclusion",True,True,True,0,3,,
432,Fed-RWM: A Robust Watermarking Approach for Federated Learning Model Ownership Protection,76535,66686,7,"abstract,experiment,introduction,method,related_work,background,conclusion",True,True,True,2,1,,
433,Fed-UGI: Federated Undersampling Learning Framework With Gini Impurity for Imbalanced Network Intrusion Detection,79487,67363,7,"method,abstract,introduction,experiment,related_work,discussion,conclusion",True,True,True,5,7,,
434,Federated-Boosting: A Distributed and Dynamic Boosting-Powered Cyber-Attack Detection Scheme for Security and Privacy of Consumer IoT,41590,30379,5,"abstract,introduction,method,related_work,experiment",True,True,False,5,5,,
435,Federated Edge Intelligence for Enhanced Security in Consumer Intermittent Healthcare Devices Using Adversarial Examples,51299,43150,6,"abstract,introduction,method,related_work,experiment,conclusion",True,True,True,3,9,,
436,Federated Graph Anomaly Detection via Contrastive Self-Supervised Learning,68462,57219,7,"abstract,method,introduction,experiment,background,related_work,conclusion",True,True,True,0,2,,
437,Federated Learning Under Attack: Exposing Vulnerabilities Through Data Poisoning Attacks in Computer Networks,56216,46774,6,"abstract,introduction,method,experiment,discussion,conclusion",True,True,True,5,2,,
438,Federated Malware Detection in Flying Ad Hoc Drone Networks Using Hybrid Convolutional Learning and Adaptive Optimization,90776,80295,7,"abstract,introduction,method,experiment,related_work,conclusion,discussion",True,True,True,6,7,,
439,Federated transfer learning for rare attack class detection in network intrusion detection systems,98746,88298,6,"method,related_work,conclusion,experiment,abstract,discussion",True,True,True,7,3,,
440,FedIn-NID: A Federated Learning Framework for Network Intrusion Detection in Large-Scale Heterogeneous Industrial IoT,61295,51288,6,"abstract,method,introduction,experiment,discussion,conclusion",True,True,True,3,1,,
441,Few-Shot Anomaly Detection via Category-Agnostic Registration Learning,81621,59950,8,"abstract,introduction,method,experiment,discussion,related_work,background,conclusion",True,True,True,4,2,,
442,Few-Shot Website Fingerprinting With Distribution Calibration,84067,71430,7,"abstract,experiment,introduction,method,background,discussion,conclusion",True,True,True,1,3,,
443,FG-SAT: Efficient Flow Graph for Encrypted Traffic Classification Under Environment Shifts,73982,60649,6,"abstract,method,introduction,discussion,experiment,conclusion",True,True,True,1,6,,
444,FIR-GNN: A Graph Neural Network Using Flow Interaction Relationships for Intrusion Detection of Consumer Electronics in Smart Home Network,54623,43227,5,"abstract,introduction,method,conclusion,experiment",True,True,True,3,2,,
445,Flow Microelement-Driven Traffic Relationship Analysis: Robust Detection of Malicious Encrypted Traffic,79462,69106,7,"discussion,abstract,method,introduction,experiment,related_work,conclusion",True,True,True,1,4,,
446,Frequency-Domain Anomaly Detection for Encrypted Traffic in Industrial Control Systems,58145,47462,6,"abstract,method,introduction,experiment,discussion,conclusion",True,True,True,1,6,,
447,Frequency-Domain Spectrum Discrepancy-Based Fast Anomaly Detection for IIoT Sensor Time-Series Signals,69535,60271,8,"abstract,introduction,method,related_work,experiment,background,discussion,conclusion",True,True,True,3,5,,
448,Fuzzy State-Driven Cross-Time Spatial Dependence Learning for Multivariate Time-Series Anomaly Detection,64370,52691,7,"abstract,method,introduction,related_work,discussion,conclusion,experiment",True,True,True,0,0,,
449,Global or Local Adaptation? Client-Sampled Federated Meta-Learning for Personalized IoT Intrusion Detection,74317,65277,8,"abstract,introduction,method,experiment,related_work,background,discussion,conclusion",True,True,True,6,3,,
450,GNN-Enhanced Traffic Anomaly Detection for Next-Generation SDN-Enabled Consumer Electronics,51363,36905,4,"method,introduction,experiment,conclusion",True,True,True,5,7,,
451,GrainBrain: Multiview Identification and Stratification of Defective Grain Kernels,47031,41426,8,"abstract,method,introduction,related_work,background,experiment,discussion,conclusion",True,True,True,0,2,,
452,Graph Anomaly Detection in Time Series: A Survey,122936,95667,5,"abstract,introduction,method,experiment,conclusion",True,True,True,2,0,,
453,Graph Anomaly Detection via Multiscale Contrastive Self-Supervised Learning From Local to Global,66883,54698,6,"abstract,introduction,method,experiment,related_work,conclusion",True,True,True,0,3,,
454,GraphTAN: Temporal Attention Network for Learning Graph-Level Embedding,63340,55353,6,"abstract,experiment,introduction,method,discussion,conclusion",True,True,True,1,0,,
455,GSA-DT: A Malicious Traffic Detection Model Based on Graph Self-Attention Network and Decision Tree,79888,69774,6,"abstract,method,experiment,introduction,conclusion,discussion",True,True,True,3,9,,
456,GT-HAD: Gated Transformer for Hyperspectral Anomaly Detection,68144,55134,8,"abstract,background,introduction,method,experiment,related_work,discussion,conclusion",True,True,True,2,1,,
457,GTAE-IDS: Graph Transformer-Based Autoencoder Framework for Real-Time Network Intrusion Detection,81779,70076,6,"method,abstract,introduction,experiment,conclusion,discussion",True,True,True,3,2,,
458,Guarding Graph Neural Networks for Unsupervised Graph Anomaly Detection,73490,59693,7,"abstract,introduction,method,experiment,conclusion,background,discussion",True,True,True,2,0,,
459,Guest Editorial: Introduction to the Special Section on Large Models for Future Vehicles and Transportation,18369,18369,3,"introduction,method,experiment",True,True,False,1,2,,
460,Guest Editorial of the Special Section on Advances in Neural Computing-Enabled Device Health Management for Consumer Technology,9709,9709,1,method,True,False,False,2,0,,
461,Hawkeye: Diagnosing RDMA Network Performance Anomalies with PFC Provenance,98564,76540,8,"abstract,introduction,background,discussion,method,experiment,related_work,conclusion",True,True,True,0,6,,
462,High-speed encrypted traffic classification by using payload features,68153,65156,6,"conclusion,introduction,method,experiment,background,discussion",True,True,True,4,6,,
463,Hybrid Approach for Machine Anomaly Detection Across Diverse Operating Conditions: Combining Self-Supervised Learning With Vibration Statistics,64615,64615,7,"abstract,introduction,method,experiment,related_work,discussion,conclusion",True,True,True,2,7,,
464,HyperEye: A Lightweight Features Fusion Model for Unknown Encrypted Malware Traffic Detection,46635,37374,6,"abstract,method,introduction,experiment,discussion,conclusion",True,True,True,1,7,,
465,IAD-GPT: Advancing Visual Knowledge in Multimodal Large Language Model for Industrial Anomaly Detection,57076,47373,7,"abstract,method,introduction,discussion,related_work,experiment,conclusion",True,True,True,2,2,,
466,IIIM-SAM: Zero-Shot Texture Anomaly Detection Without External Prompts,64834,57354,8,"abstract,method,background,introduction,related_work,experiment,discussion,conclusion",True,True,True,0,1,,
467,IIT: Accurate Decentralized Application Identification Through Mining Intra- and Inter-Flow Relationships,65184,54788,8,"abstract,method,introduction,background,related_work,experiment,discussion,conclusion",True,True,True,1,1,,
468,Image Manipulation Localization Using Dual-Shallow Feature Pyramid Fusion and Boundary Contextual Incoherence Enhancement,52990,39918,6,"abstract,introduction,method,background,experiment,discussion",True,True,False,3,4,,
469,Integrating Explainable AI for Effective Malware Detection in Encrypted Network Traffic,43204,35612,7,"abstract,method,introduction,discussion,related_work,experiment,conclusion",True,True,True,1,7,,
470,Integrating ML and Blockchain for Consumer-Centric Approaches in Securing Data Transmission on IoT Networks,63538,55634,6,"abstract,introduction,method,related_work,experiment,conclusion",True,True,True,0,5,,
471,Intelligent Anomaly Detection Method for Consumer Electronics Based on Feature-Driven Learning and Diffusion Model,57629,49234,7,"abstract,method,introduction,discussion,related_work,experiment,conclusion",True,True,True,0,6,,
472,IoV-BERT-IDS: Hybrid Network Intrusion Detection System in IoV Using Large Language Models,57948,46393,6,"method,abstract,experiment,introduction,background,conclusion",True,True,True,4,6,,
473,KD-BERT: A Lightweight Knowledge Distillation Bidirectional Encoder Representations from Transformers for IoT Network Intrusion Detection,44638,34520,6,"abstract,experiment,introduction,method,related_work,discussion",True,True,False,2,6,,
474,Knowledge Distillation for Lightweight and Explainable Intrusion Detection in Resource-Constrained Consumer Devices,33361,27080,6,"abstract,method,introduction,discussion,experiment,conclusion",True,True,True,3,6,,
475,Learning Decision Boundaries for Multidimensional Anomaly Detection,68368,49365,7,"abstract,method,introduction,experiment,related_work,discussion,conclusion",True,True,True,3,1,,
476,Learning to Detect Industrial Time-Series Anomalies From Imputation Consistency With Sparse Observations,67600,58624,6,"abstract,method,introduction,experiment,discussion,conclusion",True,True,True,3,5,,
477,Lightweight and Fast Time-Series Anomaly Detection via Point-Level and Sequence-Level Reconstruction Discrepancy,67160,56554,8,"abstract,introduction,method,experiment,related_work,background,discussion,conclusion",True,True,True,4,3,,
478,Lightweight Fuzzy-Driven Intrusion Detection for Consumer Life-Tech Applications,15121,13464,6,"abstract,introduction,related_work,method,experiment,conclusion",True,True,True,0,6,,
479,Low-Light and Infrared Multimodal Remote Sensing in Nighttime Rescue Mission: A Review of Anomaly Detection Methods,88186,62604,6,"abstract,method,introduction,background,experiment,discussion",True,True,False,1,8,,
480,LScAD: A Large–Small Model Collaboration Framework for Unsupervised Industrial Anomaly Detection,67891,52807,7,"method,abstract,introduction,conclusion,experiment,background,discussion",True,True,True,1,3,,
481,LSTM Neural Networks Anomaly Detection for Biotic and Abiotic Early Stress Detection on Tomato Plants,40549,30660,4,"abstract,experiment,method,conclusion",True,True,True,3,5,,
482,LUK: Empowering Log Understanding With Expert Knowledge From Large Language Models,124091,104433,8,"abstract,experiment,introduction,discussion,method,related_work,background,conclusion",True,True,True,0,2,,
483,MAOTIN: A High-Accuracy and -Efficiency Network for Overloaded Truck Identification With GPS Trajectories,53357,42033,6,"abstract,introduction,method,experiment,discussion,conclusion",True,True,True,0,4,,
484,$\mathsf{TCG}\text{-}\mathsf{IDS}$ : Robust Network Intrusion Detection via Temporal Contrastive Graph Learning,60609,52763,7,"abstract,introduction,method,experiment,discussion,related_work,conclusion",True,True,True,6,10,,
485,MFFTD: A Multiscale Feature Fusion Transformer Detector for Electricity Theft Based on Semi-Supervised Learning,53556,46410,7,"abstract,method,introduction,experiment,related_work,discussion,conclusion",True,True,True,3,2,,
486,MGCL: Multiorder Graph Neural Network With Cross-Learning for Multivariate Time-Series Anomaly Detection,68788,54949,6,"abstract,introduction,method,experiment,background,related_work",True,True,False,3,1,,
487,MIETT: Multi-Instance Encrypted Traffic Transformer for Encrypted Traffic Classification,42657,34891,7,"abstract,introduction,method,conclusion,related_work,experiment,discussion",True,True,True,1,3,,
488,MiKA-HAD: Minority-Augmented KAN-Based Hybrid Self-Supervised Framework for Hyperspectral Anomaly Detection,66668,56922,7,"abstract,background,introduction,method,conclusion,experiment,discussion",True,True,True,2,4,,
489,Mining Multi-Scale Spatial-Frequency Clues for Unsupervised Intrusion Detection,79704,57796,7,"method,introduction,related_work,background,discussion,experiment,conclusion",True,True,True,1,5,,
490,MKF-ADS: Multi-Knowledge Fusion Based Anomaly Detection System in Vehicular Control Area Networks,71638,57727,6,"method,introduction,related_work,background,experiment,conclusion",True,True,True,2,3,,
491,MoCC-BD-FID: Multi-Objective Clustering Combination-Based Backdoor Defense for Federated Intrusion Detection of Industrial Control Systems,76420,66814,6,"abstract,method,introduction,experiment,background,conclusion",True,True,True,5,3,,
492,MSFE-AD: Multiscale Feature-Enhanced Early Satellite Sensor Data Anomaly Detection Based on Rare Boundary Samples,61061,51857,7,"abstract,method,introduction,background,discussion,experiment,conclusion",True,True,True,2,7,,
493,Multi-task encrypted network traffic classification based on feature extraction,18607,18055,6,"abstract,introduction,experiment,discussion,method,conclusion",True,True,True,2,6,,
494,Multi-View Intrusion Detection Framework Using Deep Learning and Knowledge Graphs,79257,71999,6,"method,introduction,experiment,conclusion,related_work,discussion",True,True,True,8,6,,
495,Multimodal Evidential Learning for Open-World Weakly-Supervised Video Anomaly Detection,56009,40256,5,"abstract,method,introduction,experiment,discussion",True,True,False,3,2,,
496,Multimodal fusion based few-shot network intrusion detection system,96126,83512,6,"method,related_work,discussion,experiment,abstract,conclusion",True,True,True,6,1,,
497,Multimodal VAD: Visual Anomaly Detection in Intelligent Monitoring System via Audio-Vision-Language,63388,47383,7,"abstract,introduction,method,experiment,related_work,discussion,conclusion",True,True,True,0,3,,
498,Multiscale Transformers With Contrastive Learning for UAV Anomaly Detection,72307,58376,7,"abstract,introduction,method,related_work,experiment,discussion,conclusion",True,True,True,2,2,,
499,Multitask Hybrid Knowledge Distillation for Unsupervised Anomaly Detection,53441,44242,7,"method,introduction,experiment,related_work,abstract,discussion,conclusion",True,True,True,4,3,,
500,Multivariate Time Series Anomaly Detection Based on Multiple Spatiotemporal Graph Convolution,62517,51889,6,"abstract,method,introduction,experiment,related_work,conclusion",True,True,True,5,2,,
501,NMFAD: Neighbor-Aware Mask-Filling Attributed Network Anomaly Detection,48834,35532,7,"abstract,introduction,method,experiment,related_work,discussion,conclusion",True,True,True,1,1,,
502,Normalizing-Flow-Based Anomaly Scoring for Intelligent Network Intrusion Detection,144226,89550,6,"abstract,introduction,method,discussion,experiment,conclusion",True,True,True,3,5,,
503,NTLFlowLyzer: Towards generating an intrusion detection dataset and intruders behavior profiling through network and transport layers traffic analysis and pattern extraction,125525,108037,8,"discussion,abstract,introduction,method,related_work,conclusion,background,experiment",True,True,True,3,3,,
504,One-Class Classification Constraint in Reconstruction Networks for Multivariate Time Series Anomaly Detection,64351,49296,7,"abstract,method,introduction,experiment,background,discussion,conclusion",True,True,True,6,6,,
505,Overcoming the Identity Mapping Problem in Self-Supervised Hyperspectral Anomaly Detection,81074,61193,6,"method,introduction,background,discussion,experiment,related_work",True,True,False,0,1,,
506,PASTA : Neural Architecture Search for Anomaly Detection in Multivariate Time Series,84035,61109,7,"abstract,method,introduction,related_work,experiment,discussion,conclusion",True,True,True,1,2,,
507,Perceiver IO Model for Efficient Vibration Signal Compression and Anomaly Detection,64253,53590,7,"abstract,introduction,method,related_work,experiment,discussion,conclusion",True,True,True,0,5,,
508,PEZD: A practical and effective zero-delay defense against website fingerprinting,84688,72523,7,"introduction,related_work,background,method,discussion,experiment,conclusion",True,True,True,0,6,,
509,Privacy-Preserving Lightweight Time-Series Anomaly Detection for Resource-Limited Industrial IoT Edge Devices,51494,43391,6,"abstract,introduction,method,experiment,related_work,conclusion",True,True,True,8,4,,
510,PrivBox: Privacy-Preserving Deep Packet Inspection With Dual Double-Masking Obfuscated Rule Generation,85261,73686,8,"abstract,experiment,introduction,method,background,discussion,related_work,conclusion",True,True,True,1,2,,
511,Q-P2FL: Quantum-Enhanced Federated Edge Intelligence for Privacy-Preserving Adversarial Attack Detection on Consumer Edge Devices,50390,42500,5,"abstract,method,introduction,experiment,related_work",True,True,False,2,5,,
512,QoS-Enabled Wireless Split Federated Learning: A Reinforcement Learning and Optimization Approach,48446,40494,5,"abstract,method,introduction,experiment,conclusion",True,True,True,1,3,,
513,RAGN: Detecting unknown malicious network traffic using a robust adaptive graph neural network,176182,160512,7,"abstract,method,introduction,experiment,background,discussion,conclusion",True,True,True,4,10,,
514,Real-Time Threat Detection and AI-Driven Predictive Security for Consumer Applications,41149,35499,8,"abstract,method,introduction,related_work,background,experiment,discussion,conclusion",True,True,True,2,3,,
515,Recommendation for Block Cipher Modes of Operation:,115962,115962,6,"method,experiment,abstract,introduction,background,discussion",True,True,False,0,0,,
516,Reconciling Attribute and Structural Anomalies for Improved Graph Anomaly Detection,77970,58230,6,"abstract,method,introduction,background,experiment,discussion",True,True,False,0,3,,
517,REDAD: A Reliable Distillation for Image Anomaly Detection,65308,52974,5,"method,introduction,experiment,discussion,conclusion",True,True,True,1,2,,
518,Reliable Open-Set Network Traffic Classification,80052,68708,7,"abstract,introduction,method,experiment,related_work,discussion,conclusion",True,True,True,0,3,,
519,Resource-Efficient Low-Rate DDoS Mitigation With Moving Target Defense in Edge Clouds,107033,91289,6,"abstract,method,experiment,introduction,background,conclusion",True,True,True,0,2,,
520,Respond to Change With Constancy: Instruction-Tuning With LLM for Non-I.I.D. Network Traffic Classification,83683,70678,8,"abstract,introduction,discussion,method,background,related_work,experiment,conclusion",True,True,True,2,3,,
521,ReTrial: Robust Encrypted Malicious Traffic Detection via Discriminative Relation Incorporation and Misleading Relation Correction,80436,72275,8,"abstract,experiment,introduction,method,related_work,discussion,background,conclusion",True,True,True,2,1,,
522,Revolutionizing Encrypted Traffic Classification with MH-Net: A Multi-View Heterogeneous Graph Model,51777,37173,7,"abstract,introduction,method,experiment,related_work,discussion,conclusion",True,True,True,3,4,,
523,RLpatch: A Robust Low-Overhead Website Fingerprinting Defense Method Based on Reinforcement Learning Within Sensitive Regions,92204,81541,8,"abstract,experiment,method,introduction,related_work,background,discussion,conclusion",True,True,True,0,2,,
524,Robust Detection of Malicious Encrypted Traffic via Contrastive Learning,75739,64910,7,"method,introduction,background,abstract,discussion,experiment,conclusion",True,True,True,2,5,,
525,Robust Intrusion Detection System for Vehicular Networks: A Federated Learning Approach Based on Representative Client Selection,74844,61839,7,"abstract,method,introduction,related_work,background,experiment,conclusion",True,True,True,0,7,,
526,Robustifying ML-powered Network Classifiers with PANTS,94579,72326,6,"abstract,method,introduction,conclusion,background,experiment",True,True,True,5,2,,
527,Robustness Matters: Pre-Training Can Enhance the Performance of Encrypted Traffic Analysis,79851,62878,7,"abstract,method,introduction,experiment,related_work,discussion,conclusion",True,True,True,3,2,,
528,RT-APT: A real-time APT anomaly detection method for large-scale provenance graph,83583,76435,6,"method,introduction,related_work,conclusion,discussion,experiment",True,True,True,3,7,,
529,SAT-Net: A staggered attention network using graph neural networks for encrypted traffic classification,87859,81824,7,"introduction,method,related_work,abstract,experiment,discussion,conclusion",True,True,True,5,4,,
530,SauronEyes: Disentangling Voluminous Logs to Unveil Camouflaged Attack Intentions,73958,64605,8,"abstract,introduction,method,experiment,background,conclusion,discussion,related_work",True,True,True,2,7,,
531,SC-MLIDS: Fusion-based Machine Learning Framework for Intrusion Detection in Wireless Sensor Networks,108958,94972,6,"abstract,method,introduction,experiment,discussion,conclusion",True,True,True,5,8,,
532,Scalable Large Model for Unlabeled Anomaly Detection With Trio-Attention U-Transformer and Manifold-Learning Siamese Discriminator,68013,57302,7,"abstract,method,introduction,experiment,discussion,related_work,conclusion",True,True,True,4,4,,
533,Secure and Trustworthy Data Management Mechanism for Dance-Consumer Electronics in AIoT,60134,54035,7,"abstract,introduction,method,experiment,related_work,discussion,conclusion",True,True,True,0,3,,
534,SecureBERT and Llama 2 Empowered Control Area Network Intrusion Detection and Classification,71400,63851,5,"abstract,introduction,method,experiment,conclusion",True,True,True,2,7,,
535,Securing Federated Learning Against Extreme Model Poisoning Attacks via Multidimensional Time Series Anomaly Detection on Local Updates,75946,67690,8,"method,abstract,introduction,background,related_work,experiment,discussion,conclusion",True,True,True,1,2,,
536,Securing Intelligent Transportation Systems: A Dual-Framework Approach for Privacy Protection and Cybersecurity Using Generative AI,56485,51190,5,"abstract,method,introduction,conclusion,experiment",True,True,True,2,5,,
537,Self-Calibrated CLIP for Training-Free Open-Vocabulary Segmentation,71415,51179,6,"method,introduction,conclusion,discussion,experiment,related_work",True,True,True,1,2,,
538,Self-Supervised Adaptation Method to Concept Drift for Network Intrusion Detection,81622,65014,7,"abstract,introduction,method,related_work,experiment,discussion,conclusion",True,True,True,5,2,,
539,Self-Supervised and Interpretable Anomaly Detection Using Network Transformers,51469,39546,7,"abstract,introduction,method,background,experiment,discussion,conclusion",True,True,True,2,4,,
540,Self-Supervised Anomaly Detection With Neural Transformations,92553,73030,7,"abstract,introduction,method,discussion,experiment,related_work,conclusion",True,True,True,2,5,,
541,Self-Supervised Masked Graph Autoencoder for Hyperspectral Anomaly Detection,74160,58570,7,"abstract,introduction,background,method,related_work,conclusion,experiment",True,True,True,0,2,,
542,Self-Supervised Monocular Depth Estimation From Videos via Adaptive Reconstruction Constraints,60665,47322,6,"abstract,method,introduction,conclusion,experiment,discussion",True,True,True,0,1,,
543,Self-Supervised Production Anomaly Detection and Progress Prediction Based on High-Streaming Videos,64465,51202,6,"abstract,method,introduction,background,experiment,conclusion",True,True,True,3,3,,
544,Self-Supervised Random Forest on Transformed Distribution for Anomaly Detection,73971,65124,6,"abstract,method,introduction,discussion,experiment,conclusion",True,True,True,2,4,,
545,SENTINEL: Insider Threat Detection Based on Multi-Timescale User Behavior Interaction Graph Learning,90156,78635,7,"method,introduction,experiment,related_work,background,discussion,conclusion",True,True,True,3,7,,
546,SIR-HCL: Semantic-Inconsistency Reasoning and Hybrid Contrastive Learning for Efficient Cross-Emotion Anomaly Detection,66084,56756,6,"abstract,introduction,discussion,method,experiment,conclusion",True,True,True,1,0,,
547,SnifferDog: Comprehensively Learning Heterogeneous Features of Network Traffic to Identify Malicious Flows,87320,70433,7,"abstract,method,introduction,discussion,background,related_work,experiment",True,True,False,5,9,,
548,Solving Data Contamination in DDoS Detection: A Method Based on Hierarchical Federated Learning,76624,66855,8,"method,abstract,introduction,experiment,related_work,background,discussion,conclusion",True,True,True,1,8,,
549,Spatio-Temporal Anomaly Detection for 5G-Clusters: A Multi-Scale Fuzzy Contrastive Learning Approach,72320,58259,6,"abstract,introduction,method,related_work,experiment,discussion",True,True,False,1,3,,
550,Spatio-Temporal Predictive Learning Using Crossover Attention for Communications and Networking Applications,59388,44348,7,"abstract,introduction,discussion,background,method,experiment,conclusion",True,True,True,3,1,,
551,StatAvg: Mitigating Data Heterogeneity in Federated Learning for Intrusion Detection Systems,62191,47787,5,"introduction,experiment,method,background,conclusion",True,True,True,3,5,,
552,STMBAD: Spatio-Temporal Multimodal Behavior Anomaly Detector for Industrial Control Systems,54026,45829,7,"abstract,discussion,introduction,method,related_work,experiment,conclusion",True,True,True,2,2,,
553,StorSec: A Comprehensive Design for Securing the Distributed IoT Storage Systems,66637,57555,8,"abstract,method,introduction,experiment,related_work,background,discussion,conclusion",True,True,True,0,2,,
554,SWANet: A Sliding Window Affinity Network With Dual-Branch Structure for Detection of Automotive Chip Packaging Carriers,63981,51294,7,"abstract,introduction,related_work,method,experiment,discussion,conclusion",True,True,True,4,4,,
555,Temporal Network Embedding Enhanced With Long-Range Dynamics and Self-Supervised Learning,57679,42404,8,"abstract,introduction,conclusion,method,related_work,background,experiment,discussion",True,True,True,1,0,,
556,Temporal-Spatial Decoupled Self-Supervised Multi-Task Learning for Video Anomaly Detection and Localization in Intelligent Transportation Surveillance Systems,78297,61773,6,"introduction,method,related_work,experiment,discussion,conclusion",True,True,True,1,2,,
557,TeRed: Normal Behavior-Based Efficient Provenance Graph Reduction for Large-Scale Attack Forensics,80416,72367,8,"abstract,introduction,method,background,experiment,conclusion,discussion,related_work",True,True,True,2,4,,
558,The Discriminative Power of Cross-layer RTTs in Fingerprinting Proxy Traffic,109326,85088,8,"abstract,introduction,background,method,discussion,experiment,related_work,conclusion",True,True,True,1,4,,
559,The Sweet Danger of Sugar: Debunking Representation Learning for Encrypted Traffic Classification,90658,67150,5,"abstract,method,introduction,experiment,discussion",True,True,False,4,1,,
560,TIMFuser: A multi-granular fusion framework for cyber threat intelligence,99649,27636,6,"abstract,introduction,discussion,method,experiment,background",True,True,False,0,2,,
561,ToCoAD: Two-Stage Contrastive Learning for Industrial Anomaly Detection,47865,38897,7,"abstract,experiment,introduction,method,related_work,discussion,conclusion",True,True,True,2,1,,
562,Toward Open-World Network Intrusion Detection via Open Recognition and Inspection,85561,70360,7,"abstract,introduction,method,discussion,experiment,related_work,background",True,True,False,3,2,,
563,Towards Context-Aware Traffic Classification via Time-Wavelet Fusion Network,73935,50728,7,"abstract,experiment,introduction,method,background,discussion,conclusion",True,True,True,2,7,,
564,Towards Unsupervised Time-Series Anomaly Detection for Virtual Cloud Networks,98266,90337,7,"abstract,method,introduction,background,experiment,discussion,conclusion",True,True,True,4,2,,
565,"Tracking Vehicles in Cooperative Intelligent Transportation Systems: Attacks, Defense Solutions, and Future Directions",114936,88780,6,"abstract,introduction,background,method,experiment,conclusion",True,True,True,0,0,,
566,TrafficFormer: An Efficient Pre-trained Model for Traffic Data,90104,75663,6,"abstract,method,introduction,discussion,experiment,conclusion",True,True,True,1,3,,
567,TrafficLLM: Enhancing Large Language Models for Network Traffic Analysis with Generic Traffic Representation,101834,69078,6,"discussion,introduction,method,experiment,related_work,conclusion",True,True,True,2,4,,
568,Training Robust Classifiers for Classifying Encrypted Traffic under Dynamic Network Conditions,124123,107896,8,"abstract,introduction,method,background,experiment,discussion,conclusion,related_work",True,True,True,2,4,,
569,Unknown Intrusion Traffic Detection Method Based on Unsupervised Learning and Open-set Recognition,114896,104614,6,"abstract,introduction,method,discussion,experiment,conclusion",True,True,True,6,7,,
570,Unmasking the Internet: A Survey of Fine-Grained Network Traffic Analysis,274683,11167,7,"abstract,introduction,method,discussion,related_work,conclusion,experiment",True,True,True,0,0,,
571,Unsupervised Multivariate Time Series Anomaly Detection by Feature Decoupling in Federated Learning Scenarios,73022,61561,8,"abstract,introduction,method,experiment,related_work,background,discussion,conclusion",True,True,True,4,4,,
572,VarAD: Lightweight High-Resolution Image Anomaly Detection via Visual Autoregressive Modeling,50152,40046,6,"introduction,related_work,method,experiment,discussion,conclusion",True,True,True,1,3,,
573,Variational Graph Attention Networks With Self-Supervised Learning for Multivariate Time Series Anomaly Detection,70023,55122,7,"method,introduction,experiment,related_work,background,discussion,conclusion",True,True,True,4,2,,
574,VPN-Encrypted Network Traffic Classification Using a Time-Series Approach,52867,43504,6,"method,introduction,experiment,conclusion,related_work,abstract",True,True,True,4,4,,
575,When Federated Learning Meets Knowledge Distillation to Secure Consumer Edge Network,38981,30973,5,"abstract,introduction,method,related_work,conclusion",True,False,True,3,14,,
576,XG-NID: Dual-modality network intrusion detection using a heterogeneous graph neural network and large language model,97588,93170,5,"introduction,method,conclusion,experiment,discussion",True,True,True,4,3,,
577,XIPHOS: Adaptive In-Vehicle Intrusion Detection via Unsupervised Graph Contrastive Learning,85496,72426,8,"abstract,introduction,method,experiment,background,discussion,related_work,conclusion",True,True,True,3,3,,
578,ZTID-IoV: Zero-Trust Intrusion Detection in IoV Using Neurosymbolic AI Approach With Federated Meta-Learning,45673,38705,6,"abstract,introduction,method,related_work,experiment,conclusion",True,True,True,4,7,,
579,5G Mobile Networked Clusters Anomaly Detection Under Distribution Shifts: A Causal Perspective,83208,72499,7,"abstract,introduction,method,experiment,related_work,conclusion,discussion",True,True,True,2,8,,
580,A Decentralized Root Cause Localization Approach for Edge Computing Environments,83173,75995,7,"method,introduction,conclusion,experiment,background,abstract,discussion",True,True,True,3,3,,
581,A Domain Adaptive IoT Intrusion Detection Algorithm Based on AEC–GAT Feature Extraction and Joint Domain Adversary,57020,45832,7,"method,abstract,introduction,related_work,experiment,discussion,conclusion",True,True,True,0,7,,
582,A Domain-Informed Hierarchical Federated Learning Framework for DDoS Detection in WSN for Critical Infrastructure,94406,80796,5,"abstract,method,introduction,experiment,conclusion",True,True,True,1,9,,
583,A Federated and Incremental Network Intrusion Detection System for IoT Emerging Threats,77004,65434,4,"abstract,introduction,method,experiment",True,True,False,2,1,,
584,A Hard-Label Black-Box Evasion Attack against ML-based Malicious Traffic Detection Systems,104660,76393,7,"experiment,introduction,method,background,discussion,conclusion,related_work",True,True,True,2,1,,
585,A Joint Masked Spectral Group Framework for Hyperspectral Representation Learning,76213,61971,7,"introduction,discussion,method,related_work,background,conclusion,experiment",True,True,True,0,1,,
586,A Novel Contrastive Loss for Zero-Day Network Intrusion Detection,71421,60350,5,"experiment,introduction,method,related_work,discussion",True,True,False,2,6,,
587,A Physics-Informed Hybrid Approach for Cyberattack Detection in the Power Grid,60781,53362,5,"abstract,method,introduction,experiment,conclusion",True,True,True,1,7,,
588,A Proactive Triple-Mutation MTD Architecture Enhancing AI-Driven Intrusion Detection Against Intelligent Adversaries in CIoT Networks,64137,56556,6,"abstract,method,introduction,experiment,background,conclusion",True,True,True,1,2,,
589,A Real-Time Channel-Level Intrusion Detection System Based on Multimodal Learning,78911,66755,7,"method,abstract,introduction,discussion,conclusion,background,experiment",True,True,True,3,4,,
590,"A Survey of Graph Neural Networks in Real World: Imbalance, Noise, Privacy and OOD Challenges",122262,79860,6,"abstract,introduction,method,background,discussion,conclusion",True,False,True,0,2,,
591,A Unified Framework for Robust Encrypted Malicious Traffic Detection in Adverse Environments via Graph Structure Learning,91277,78365,7,"method,introduction,related_work,discussion,background,experiment,conclusion",True,True,True,3,3,,
592,Accurate and Scalable Detection and Investigation of Cyber Persistence Threats,107769,89540,7,"abstract,introduction,method,background,conclusion,experiment,related_work",True,True,True,2,5,,
593,ACHILLES: A Machine Learning Framework for Explainable and Generalized Automotive Intrusion Detection System,82333,63630,6,"abstract,method,experiment,introduction,discussion,conclusion",True,True,True,3,2,,
594,Adapting Large Language Models for Encrypted Traffic Analysis Services: An Efficient Realization With Mixture of LoRA Experts,75592,61519,7,"abstract,method,introduction,related_work,discussion,experiment,conclusion",True,True,True,1,6,,
595,Adaptive Federated Reinforcement Learning With Temporal Hybrid Deep Model for Consumer Internet of Vehicles Intrusion Detection,52249,46685,5,"method,introduction,related_work,experiment,conclusion",True,True,True,3,9,,
596,Adaptive Graph Filtering Neural Network for Graph Anomaly Detection,60799,46144,6,"abstract,method,introduction,background,experiment,discussion",True,True,False,1,3,,
597,Adaptive Latent Distribution Modeling for Industrial Time Series Anomaly Detection,72387,60207,6,"method,introduction,experiment,discussion,related_work,conclusion",True,True,True,5,6,,
598,Adaptive Multi-Scale Window Segmentation and Attention Interaction Transformer for Intrusion Detection in Industrial Internet of Things,64909,50279,5,"abstract,introduction,method,experiment,discussion",True,True,False,2,3,,
599,"Adaptive NetFlow IIoT Intrusion Detection With Deep Transfer Learning, Genetic Optimization, and Ensemble Methods for Network Management",87228,71268,7,"abstract,method,introduction,experiment,related_work,discussion,conclusion",True,True,True,6,3,,
600,Adaptive Unsupervised Anomaly Detection for Low-Quality Multivariate Time-Series Data,93512,77381,7,"method,introduction,experiment,related_work,background,discussion,conclusion",True,True,True,0,3,,
601,Advancing Pre-Trained Teacher: Towards Robust Feature Discrepancy for Anomaly Detection,68023,56079,7,"abstract,experiment,introduction,method,related_work,discussion,conclusion",True,True,True,0,2,,
602,Adversarial Sample Based on Structured Fusion Noise for Botnet Detection in Industrial Control Systems,59014,49838,5,"introduction,method,discussion,experiment,conclusion",True,True,True,1,9,,
603,AI-on-RAN for Cyber Defense: An XAI-LLM Framework for Interpretable Anomaly Detection,82831,59693,5,"method,introduction,experiment,related_work,conclusion",True,True,True,1,6,,
604,Alert2Vec: Eliminating Alert Fatigue by Embedding Security Alerts Through Subgraph Learning,76930,66300,7,"abstract,introduction,method,experiment,discussion,related_work,conclusion",True,True,True,2,1,,
605,An Advanced Persistent Threat Detection Framework Based on Graph Attention Networks with Spectral Feature Refinement,93536,83513,6,"method,abstract,experiment,introduction,conclusion,discussion",True,True,True,3,11,,
606,An Autoencoder and Double Random Forest-Based Intrusion Detection System for Unknown Attack Defense,55138,46448,6,"abstract,method,related_work,discussion,experiment,conclusion",True,True,True,6,10,,
607,An efficient framework for malicious network traffic detection using optimized deep learning techniques,161517,151851,6,"abstract,experiment,introduction,method,conclusion,discussion",True,True,True,8,8,,
608,An Efficient Website Fingerprinting for New Websites Emerging Based on Incremental Learning,86151,75965,8,"abstract,method,introduction,related_work,background,experiment,discussion,conclusion",True,True,True,3,2,,
609,An Intrusion Detection Scheme for Internet of Vehicles Based on Non-IID Federated Distillation and DQN-PBFT,69914,63185,7,"abstract,introduction,discussion,method,related_work,experiment,conclusion",True,True,True,2,10,,
610,Ano2Rule: Rule-Based Global Interpretation for Unsupervised Anomaly Detection in Security,95823,78793,7,"abstract,method,introduction,conclusion,related_work,discussion,experiment",True,True,True,2,7,,
611,Anomaly Detection in EVCS using Federated Learning with Auto-Optimized Edge Models,56028,47140,5,"abstract,method,introduction,experiment,conclusion",True,True,True,2,4,,
612,Anomaly Subgraph Detection on Multiple Associated Attributed Networks,81524,70418,7,"abstract,method,introduction,experiment,background,discussion,conclusion",True,True,True,2,0,,
613,AUCp: Pseudo-AUC for Inference Model Selection with Unlabeled Validation Data in Abnormality Detection,86288,74097,6,"abstract,method,introduction,experiment,discussion,conclusion",True,True,True,1,2,,
614,Auto-EAD: An Automated Ensemble Anomaly Detection Framework for the CEN-IoT,77518,61565,6,"abstract,method,introduction,related_work,discussion,experiment",True,True,False,2,6,,
615,Balancing Timeliness and Accuracy: A Hybrid Data-Control Plane Framework for Volumetric DDoS Defense in IoT,79559,69727,7,"abstract,method,introduction,background,discussion,experiment,related_work",True,True,False,2,8,,
616,BAPTISM: A Robust Framework for Encrypted Malicious Traffic Identification With Low-Quality Training Data,78074,68402,8,"abstract,method,introduction,related_work,background,experiment,discussion,conclusion",True,True,True,1,5,,
617,Blockchain Anomaly Transaction Detection Method Based on Graph Continual Learning,115897,86970,6,"method,introduction,related_work,discussion,experiment,conclusion",True,True,True,1,5,,
618,Blockchain Meets Adaptive Honeypots: A Trust-Aware Approach to Next-Gen IoT Security,88494,75871,5,"abstract,introduction,method,conclusion,experiment",True,True,True,8,8,,
619,BPF-DAG: Byte-Packet-Flow Features Fusion via Dynamic Attributed Graph for Reliable Encrypted Traffic Classification,72284,55967,8,"abstract,introduction,method,discussion,related_work,background,conclusion,experiment",True,True,True,6,2,,
620,BPF-GNN: A Multi-Granularity Feature Extraction Model Using Graph Neural Networks for Encrypted Traffic Classification,65467,56349,7,"method,abstract,introduction,experiment,related_work,discussion,conclusion",True,True,True,4,6,,
621,CAFFT: Cross-Attention Feature Fusion Transformer for Risky Driving Behavior Recognition,83285,70202,7,"abstract,introduction,related_work,method,experiment,discussion,conclusion",True,True,True,1,4,,
622,CAN Bus Intrusion Detection Based on Deep Learning With Data Augmentation for Connected Autonomous Vehicles,66734,55350,6,"abstract,method,introduction,conclusion,experiment,discussion",True,True,True,0,4,,
623,CATwin-IDS: Context-Aware Intrusion Detection System for Both In-Vehicle and External-Vehicle Networks via Digital Twin,72794,58813,7,"method,abstract,introduction,related_work,experiment,conclusion,discussion",True,True,True,8,4,,
624,CCG-IDS: A Causal Counterfactual Graph-Based Intrusion Detection System for Industrial IoT,55270,49635,6,"method,abstract,introduction,related_work,experiment,conclusion",True,True,True,3,11,,
625,Cease at the Ultimate Goodness: Towards Efficient Website Fingerprinting Defense via Iterative Mutual Information Minimization,101411,67258,7,"abstract,method,introduction,related_work,background,discussion,experiment",True,True,False,3,1,,
626,CELLSHIFT: RTT-Aware Trace Transduction for Real-World Website Fingerprinting,104819,88721,7,"abstract,introduction,background,method,experiment,conclusion,related_work",True,True,True,3,4,,
627,Chain-Visage: Blockchain-Assisted Visual Content Ownership and Tamper Tracing in CIoT Multimedia Ecosystems,54015,47762,6,"abstract,introduction,experiment,discussion,method,related_work",True,True,False,0,8,,
628,CL-ViME: Contrastive Learning and Vision Mixture of Experts for Encrypted Traffic Classification,68176,58902,5,"introduction,method,experiment,conclusion,discussion",True,True,True,5,5,,
629,CloudTrie : An Uncertainty-Quantified Anomaly Detection Framework for Prefix Hijacking With Multisource Fusion,69190,58798,8,"abstract,experiment,introduction,discussion,method,background,related_work,conclusion",True,True,True,1,2,,
630,Clustering Diffusion Model With Frequency-Signal Modulation for Variational Graph Autoencoders,94691,77671,6,"abstract,introduction,method,experiment,background,conclusion",True,True,True,0,2,,
631,CoLD: Collaborative Label Denoising Framework for Network Intrusion Detection,105945,90172,6,"method,introduction,related_work,discussion,conclusion,experiment",True,True,True,3,3,,
632,Comparative Analysis of Deep Learning Models for Real-World ISP Network Traffic Forecasting,67730,56693,7,"abstract,method,introduction,conclusion,related_work,experiment,discussion",True,True,True,6,2,,
633,Contextual Masking Distillation for Network Traffic Anomaly Detection,74172,62179,8,"abstract,conclusion,introduction,method,related_work,background,discussion,experiment",True,True,True,1,6,,
634,Contrast Duality of Adversarial Learningin Network Intrusion: A Review,106796,79693,7,"experiment,introduction,method,discussion,related_work,background,conclusion",True,True,True,0,1,,
635,Corner Case Detection and Generation for Autonomous Driving: An Overview,154177,98672,6,"abstract,introduction,background,method,experiment,conclusion",True,True,True,0,1,,
636,Cyber Resilience in Solar-Rich Networked Microgrids: A Real Time End-to-End DER Outage Management Framework,67270,53622,5,"introduction,method,discussion,experiment,conclusion",True,True,True,0,1,,
637,DAIR-FedMoE: Hierarchical MoE for Federated Encrypted Traffic Classification under Compound Drift,117048,103812,7,"abstract,method,experiment,introduction,background,conclusion,discussion",True,True,True,4,5,,
638,DALAD: Unsupervised Detection of Global and Local Anomalies in Microservice Systems,61025,53041,5,"introduction,method,experiment,background,conclusion",True,True,True,2,6,,
639,DCANFL: Decentralized Federated Learning for In-Vehicle CAN Intrusion Detection,35212,29884,4,"abstract,introduction,method,experiment",True,True,False,0,6,,
640,"DDoS Attack Detection in Business Blockchain Networks: A Review, Framework, and Challenges",107020,94157,4,"abstract,experiment,method,conclusion",True,True,True,2,8,,
641,"Decompose to Understand, Fuse to Detect: Frequency-Decoupled Anomaly Detection for Encrypted Network Traffic",55943,47390,8,"abstract,method,introduction,experiment,discussion,background,related_work,conclusion",True,True,True,1,0,,
642,Deep Learning for Video Anomaly Detection: A Review,139273,84823,7,"abstract,introduction,discussion,method,background,experiment,conclusion",True,True,True,0,5,,
643,Detecting advanced persistent threats via heterogeneous graph learning from homophily and heterogeneity views,81231,68840,8,"abstract,introduction,method,experiment,related_work,background,discussion,conclusion",True,True,True,2,9,,
644,Detecting and Mitigating Adversarial Machine Learning Attacks in Autonomous Vehicles Within the Internet of Vehicles,68623,57129,6,"abstract,method,introduction,experiment,discussion,conclusion",True,True,True,3,4,,
645,Developing A Domain-Specific LLM for Optical Networks: A Reinforcement Learning-Based Fine-Tuning Framework,102174,90418,7,"abstract,method,discussion,introduction,experiment,background,conclusion",True,True,True,3,5,,
646,Disentangled Graph Prompting for Out-Of-Distribution Detection,65044,50029,7,"discussion,introduction,method,experiment,related_work,background,conclusion",True,True,True,0,1,,
647,Distributed Cooperative Defense Against DDoS Attacks in Edge-Cloud Computing Networks: A Game-Theoretic Approach,85405,74715,7,"abstract,method,introduction,experiment,related_work,discussion,conclusion",True,True,True,0,2,,
648,Divergence-Regularized Federated GANs for Effective Cyber-Attack Detection on Non-IID and Unlabeled Edge Activity Data,55891,49217,7,"abstract,method,introduction,discussion,related_work,experiment,conclusion",True,True,True,2,3,,
649,DRL-Based Weakly Supervised Traffic Anomaly Detection for IoT Networks,80355,59246,6,"abstract,introduction,conclusion,method,experiment,discussion",True,True,True,0,10,,
650,DSecO: Domain Name System (DNS) Data as a Knowledge Graph for Enhanced Security Analysis,75942,63394,8,"abstract,introduction,method,background,experiment,related_work,discussion,conclusion",True,True,True,3,0,,
651,Dual-Masked and Discriminative Reconstruction for Unified Vision Anomaly Detection,64527,53304,7,"abstract,introduction,method,experiment,related_work,discussion,conclusion",True,True,True,1,0,,
652,Dynamic Adaptive Aggregation and Feature Pyramid Network Enhanced GraphSAGE for Advanced Persistent Threat Detection in Next-Generation Communication Networks,86751,79068,8,"abstract,introduction,method,related_work,background,conclusion,experiment,discussion",True,True,True,1,7,,
653,Early Attack Identification in the Wild,83727,66140,7,"abstract,discussion,method,introduction,experiment,background,conclusion",True,True,True,7,6,,
654,Early-Stage Detection of Encrypted Malware Traffic via Multi-Flow Temporal Graph Learning,73895,65248,8,"abstract,method,discussion,introduction,background,experiment,related_work,conclusion",True,True,True,0,6,,
655,Edge-Aware Multi-Modal Intrusion Detection for Consumer-Centric Industrial Internet-of-Things Devices Using Deep Adaptive Fusion,45454,38782,5,"method,introduction,related_work,experiment,conclusion",True,True,True,4,10,,
656,Edge-QSFL: Quantum-Enhanced Split Federated Learning With Multi-Head Temporal Networks for Edge-Based Intelligent Transportation Security,50733,43878,6,"abstract,introduction,method,related_work,experiment,conclusion",True,True,True,1,8,,
657,Effective Sample Generation for Industrial Control Systems: A GAN-Based Approach,52422,43248,5,"abstract,method,introduction,experiment,conclusion",True,True,True,2,3,,
658,Efficient Federated LLM Framework for Intelligent IoMT Management,93223,84956,5,"abstract,method,introduction,experiment,conclusion",True,True,True,2,7,,
659,Efficient Intrusion Detection for Edge Network via Multi-Stage Few-Shot Class-Incremental Learning,99577,67439,7,"abstract,introduction,method,conclusion,related_work,experiment,discussion",True,True,True,3,2,,
660,Efficient Malicious Encrypted Traffic Detection via Multi-Scale Convolution-Augmented Transformer: The NetFlowClassifier Approach,24970,21637,6,"abstract,introduction,related_work,method,experiment,conclusion",True,True,True,5,7,,
661,Encrypted Traffic Classification Based on Two-Phase Feature Fusion,57140,13531,5,"abstract,method,introduction,conclusion,related_work",True,False,True,2,2,,
662,Encrypted Traffic Detection in Resource Constrained IoT Networks: A Diffusion Model and LLM Integrated Framework,110019,72731,6,"method,introduction,conclusion,related_work,experiment,abstract",True,True,True,4,7,,
663,End-to-End Open-Set Semi-Supervised Learning for Fine-Grained Encrypted Traffic Classification,81370,68342,6,"introduction,discussion,method,experiment,related_work,conclusion",True,True,True,2,3,,
664,Energy-Efficient Distributed Intrusion Detection Leveraging Graph-Smoothness and Sparsity in Consumer IoT WSNs,48375,43754,5,"method,introduction,related_work,experiment,conclusion",True,True,True,2,13,,
665,Enhance UAV Network Resilience by Malicious Traffic Detection: A Twin Graph Encoder Approach,79503,58302,4,"method,introduction,experiment,discussion",True,True,False,0,2,,
666,Enhancing Anomaly Alert Prioritization Through Calibrated Standard Deviation Uncertainty Estimation With an Ensemble of Auto-Encoders,68317,54321,6,"abstract,introduction,related_work,method,experiment,conclusion",True,True,True,0,3,,
667,Enhancing Intrusion Detection via Interpretable Inter-Flow Spatio-Temporal Graphs and Intra-Flow Features,101139,82996,6,"introduction,related_work,method,experiment,discussion,conclusion",True,True,True,0,4,,
668,Enhancing Trust Management System for Connected Autonomous Vehicles Using Machine Learning Methods: A Survey,173754,123718,8,"abstract,introduction,method,experiment,conclusion,discussion,background,related_work",True,True,True,3,5,,
669,Enhancing Website Fingerprinting Attacks against Traffic Drift,95818,77615,8,"abstract,method,introduction,background,experiment,discussion,conclusion,related_work",True,True,True,3,5,,
670,Entropy-regulated cross-modal generative fusion for multimodal network intrusion detection,103780,89191,7,"abstract,method,introduction,conclusion,background,discussion,experiment",True,True,True,0,4,,
671,EO-EPTC: End-to-End Original Traffic-Based Encrypted Proxy Traffic Classification Framework,80983,69431,6,"introduction,method,related_work,experiment,abstract,conclusion",True,True,True,0,3,,
672,Estimating Node Abnormalities From Imprecise Subgraph-Level Supervision,95976,70335,5,"abstract,introduction,method,experiment,discussion",True,True,False,2,4,,
673,Evaluation to Integration: Hybrid Feature Selection Framework With Ensemble Machine Learning for Intrusion Detection,84165,75345,7,"method,introduction,related_work,experiment,discussion,background,conclusion",True,True,True,5,12,,
674,Evolving Intelligent Network Attack Classifier Under Label Distribution Shift,83698,70211,6,"abstract,introduction,method,discussion,experiment,conclusion",True,True,True,1,5,,
675,Explainable Anomaly Detection in Network Traffic Using Normalizing Flows,79232,70207,8,"abstract,method,introduction,experiment,related_work,background,discussion,conclusion",True,True,True,6,4,,
676,Explainable Graph Ensemble Learning for Multivariate Time Series Anomaly Detection in Cloud Microservice Architectures,78696,57723,5,"introduction,experiment,method,related_work,conclusion",True,True,True,0,7,,
677,Extended Traffic Interaction Graph:An Efficient Framework for Malicious Encrypted Web Traffic Detection,85721,40267,5,"abstract,introduction,method,discussion,experiment",True,True,False,1,2,,
678,Falcon: Federated Incremental Learning Framework for Intrusion Detection in Heterogeneous Consumer-Centric Internet of Things,75417,63797,7,"abstract,introduction,method,discussion,related_work,experiment,conclusion",True,True,True,1,5,,
679,Fast Real-World Classification of ECH-Enabled Applications,63189,55752,7,"method,abstract,introduction,background,conclusion,experiment,discussion",True,True,True,3,4,,
680,Federated and Quantized-Based Intrusion Detection for Embedded On-Board Automotive Networks,64135,57670,7,"abstract,introduction,method,related_work,experiment,discussion,conclusion",True,True,True,2,8,,
681,"Federated learning-powered real-time behavioral intrusion detection leveraging LSTM, attention, GANs, and large language models",108285,96740,7,"method,introduction,background,experiment,discussion,abstract,conclusion",True,True,True,4,9,,
682,FedMamba: Robust multimodal federated intrusion detection for heterogeneous IoT systems,80735,74648,7,"introduction,related_work,method,background,discussion,experiment,conclusion",True,True,True,2,4,,
683,FedScope—Federated Host Embeddings From Telescope Traffic: Design and Implementation,73752,61695,7,"abstract,method,introduction,experiment,related_work,conclusion,discussion",True,True,True,1,1,,
684,"FedSecureFormer: A Fast, Federated and Secure Transformer Framework for Lightweight Intrusion Detection in Connected and Autonomous Vehicles",61393,53358,7,"abstract,introduction,method,background,experiment,discussion,conclusion",True,True,True,2,8,,
685,Fine-Grained Detection and Analysis of Unknown Encrypted Malicious Traffic From Mixed Noisy Labels,107980,94162,8,"abstract,introduction,discussion,conclusion,method,related_work,background,experiment",True,True,True,3,2,,
686,FlowXpert: Context-Aware Flow Embedding for Enhanced Traffic Detection in IoT Network,87308,73203,6,"method,introduction,discussion,experiment,related_work,conclusion",True,True,True,7,6,,
687,FORM-IDS: A Lightweight yet High-Fidelity Intrusion Detection Framework via Formal Verification and Knowledge Distillation,77981,66603,5,"method,abstract,introduction,experiment,conclusion",True,True,True,5,9,,
688,FSLog: Adversarial Margin for Cross-System Few-Shot Log Anomaly Detection,76638,66027,6,"abstract,introduction,method,experiment,discussion,conclusion",True,True,True,1,4,,
689,FusedBoostNet: A Lightweight Hybrid Model for Consumer-Grade Intrusion Detection,34270,28084,6,"abstract,method,introduction,background,experiment,conclusion",True,True,True,7,9,,
690,GCB-PPO2: A Hybrid Deep Reinforcement Learning Intrusion Detection System for Under-Represented Attack Categories in SDN,91637,75738,5,"experiment,introduction,conclusion,discussion,method",True,True,True,4,8,,
691,Generative Adversarial Networks Based Low-Rate Denial of Service Attack Detection and Mitigation in Software-Defined Networks,70748,59503,8,"abstract,introduction,method,experiment,background,related_work,discussion,conclusion",True,True,True,3,7,,
692,GenFed-IDS: A Lightweight Federated Generative AI Framework for UAV Anomaly Detection in Rescue Operations,43705,36649,6,"abstract,method,introduction,related_work,conclusion,experiment",True,True,True,3,11,,
693,Graph Neural Networks for Graphs With Heterophily: A Survey,118367,84113,7,"abstract,introduction,method,background,conclusion,discussion,experiment",True,True,True,1,1,,
694,Guest Editorial Enhancing Edge-Based Consumer Electronics Devices and IoT Ecosystem With Post-Quantum Cryptosystem: Security Challenges and Solutions,21948,21948,2,"introduction,method",True,False,False,0,1,,
695,HADES: Detecting and Investigating Active Directory Attacks via Whole Network Provenance Analytics,100719,84214,6,"method,introduction,background,discussion,conclusion,experiment",True,True,True,3,2,,
696,Hardware-Aware Neural Architecture Search for Encrypted Traffic Classification on Resource-Constrained Devices,81085,66638,6,"abstract,experiment,introduction,method,related_work,conclusion",True,True,True,4,4,,
697,HAVEN: A Hybrid Anomaly Detection System for Intra-Vehicular CAN-Bus Communication Using Rule-Based and Neural Networks,70518,60996,8,"abstract,introduction,method,background,related_work,experiment,discussion,conclusion",True,True,True,2,7,,
698,Hermes: Boosting the Performance of Machine-Learning-Based Intrusion Detection System Through Geometric Feature Learning,84175,64138,8,"abstract,introduction,method,background,experiment,related_work,discussion,conclusion",True,True,True,6,10,,
699,HFLAD: AI-Driven Hierarchical Fusion Learning for Predictive Anomaly Detection in Consumer-Centric Systems,53182,41228,7,"abstract,method,introduction,experiment,related_work,conclusion,discussion",True,True,True,5,7,,
700,Hierarchical GNN Message Passing for Node-Level Anomaly Detection in Industrial Control Systems,97411,83191,8,"abstract,introduction,method,related_work,background,experiment,discussion,conclusion",True,True,True,4,3,,
701,Hierarchical Graph Neural Networks for Resilient Intrusion Detection in Consumer IoT With Limited Labeled Data,62308,53870,7,"abstract,conclusion,experiment,method,introduction,related_work,discussion",True,True,True,4,5,,
702,HINHJ: Hierarchical Attention-Based Heterogeneous Graph Neural Network for DNS Hijacking Detection,68528,57572,7,"abstract,method,introduction,discussion,experiment,related_work,conclusion",True,True,True,2,7,,
703,HKD-Net: Hierarchical Knowledge Distillation Based on Multi-Domain Feature Fusion for Efficient Network Intrusion Detection,61786,54071,7,"abstract,introduction,method,experiment,related_work,discussion,conclusion",True,True,True,3,10,,
704,HoneyLLMd: A Large Language Model-Powered Adaptive Honeypot System,109635,89511,8,"abstract,method,introduction,related_work,discussion,background,experiment,conclusion",True,True,True,1,3,,
705,Honeypot-Driven Proactive Detection Network for Attacks in Smart Grids,61060,55848,7,"abstract,method,discussion,introduction,background,experiment,conclusion",True,True,True,2,6,,
706,HTDC: Hyperbolic Transformer With Dual-Momentum Contrastive Learning for Hyperspectral Anomaly Detection,75926,59677,6,"abstract,method,introduction,background,experiment,discussion",True,True,False,2,3,,
707,HTTP/2 DoS Attacks in 5G Networks: Impact Analysis and Anomaly Detection,73977,62453,7,"discussion,abstract,method,introduction,background,conclusion,experiment",True,True,True,4,8,,
708,Hybrid CNN-LSTM Model for DDoS Detection and Mitigation in Software-Defined Networks,107215,81705,6,"abstract,introduction,method,discussion,related_work,experiment",True,True,False,5,14,,
709,ICAD: Rethinking the Role of Inference and Cues for the Anomaly Detection of Time Series in IIoT,87060,72695,7,"method,introduction,related_work,background,experiment,discussion,conclusion",True,True,True,5,2,,
710,ICT-META: In-Context Aware Few-Shot Learner for Encrypted Traffic Classification,57210,45857,7,"abstract,introduction,method,related_work,experiment,discussion,conclusion",True,True,True,3,1,,
711,IHUD-BERT: A Large-Scale Network Traffic Classification Method Based on Pre-Training Transformers and Knowledge Distillation,79867,72623,5,"abstract,experiment,introduction,method,discussion",True,True,False,3,3,,
712,ilLog: Incremental Learning Based Anomaly Detection from Evolving System Logs,82473,67220,7,"abstract,method,experiment,introduction,related_work,discussion,conclusion",True,True,True,3,3,,
713,"Incorporating Gradients to Rules: Toward Online, Adaptive Provenance-Based Intrusion Detection",95352,83007,6,"abstract,method,introduction,discussion,background,experiment",True,True,False,3,7,,
714,Intrusion detection algorithm based on multi-scale feature fusion,75602,70408,7,"experiment,method,introduction,related_work,discussion,abstract,conclusion",True,True,True,11,5,,
715,LaGraph: Laplacian-Guided Graph Learning for Time Series Anomaly Detection,76068,58057,5,"abstract,experiment,introduction,method,discussion",True,True,False,5,5,,
716,Large Language Model-Based Task Offloading and Resource Allocation for Digital Twin Edge Computing Networks,60758,42145,6,"abstract,introduction,method,related_work,experiment,conclusion",True,True,True,0,1,,
717,Large-Scale BGP Routing Anomaly Detection Based on Graph Attention Auto-Encoder,65331,54625,7,"abstract,introduction,method,discussion,related_work,experiment,conclusion",True,True,True,1,2,,
718,Learnable Frequency Domain Phase Residual and Graph-Contrastive Dynamic Convolution Network for Hyperspectral Anomaly Detection,70772,54681,7,"abstract,conclusion,method,introduction,experiment,background,discussion",True,True,True,0,7,,
719,Learning Flow Semantics for Encrypted Traffic Analysis: A Contrastive Pre-training Approach,90197,79155,8,"discussion,introduction,method,related_work,background,abstract,experiment,conclusion",True,True,True,4,5,,
720,Learning in Multiple Spaces: Prototypical Few-Shot Learning With Metric Fusion for Next-Generation Network Security,54131,46485,6,"abstract,experiment,introduction,method,related_work,conclusion",True,True,True,3,4,,
721,Learning Subgraph-Based Normality for Interpretable Graph-Level Anomaly Detection,74241,59718,6,"abstract,introduction,method,background,experiment,discussion",True,True,False,0,0,,
722,Learning With Noisy Labels for Industrial Time Series Outlier Detection: A Transformer-Embedded Contrastive Learning Framework,56213,42376,5,"abstract,introduction,method,experiment,conclusion",True,True,True,0,1,,
723,Lightweight Multimedia Anomaly and Integrity Detection for Consumer IoT Using Knowledge Distillation,56675,48537,6,"abstract,method,experiment,introduction,related_work,conclusion",True,True,True,3,5,,
724,Lightweight Privacy-Preserving IDS for ITS: Integrated Federated Learning and Blockchain,77009,65535,6,"abstract,experiment,introduction,method,background,conclusion",True,True,True,2,6,,
725,LitCVit: A Lightweight Self-Supervised Contrastive Vision Transformer for Encrypted Malicious Traffic Detection,63238,54486,8,"abstract,method,introduction,discussion,background,related_work,conclusion,experiment",True,True,True,2,15,,
726,LLM-HGAN: LLM-Enhanced Heterogeneous Graph Attention Networks for Advanced Persistent Threat Detection,97222,72208,7,"abstract,introduction,method,discussion,background,experiment,conclusion",True,True,True,3,11,,
727,LLMBA: Efficient Behavior Analytics via Large Pretrained Models in Zero Trust Networks,65126,53690,7,"abstract,method,experiment,introduction,related_work,discussion,conclusion",True,True,True,4,1,,
728,Log Anomaly Detection via Transformers Pre-Trained on Massive Unlabeled Data,86713,66850,7,"method,introduction,related_work,background,experiment,discussion,conclusion",True,True,True,3,0,,
729,LogBoost: Boost Log Anomaly Detection by Cherry-Picking Log Sequences,72627,59227,7,"abstract,introduction,discussion,conclusion,method,experiment,related_work",True,True,True,3,4,,
730,LogInstruct: Knowledge-Driven Instruction Synthesis for Enhancing LLM-Based Log Analysis,82819,68119,5,"discussion,introduction,conclusion,method,experiment",True,True,True,3,5,,
731,LogMUSE: Log Anomaly Detection via Multi-Scale Semantic Representation,88516,73927,8,"abstract,method,introduction,discussion,experiment,background,conclusion,related_work",True,True,True,3,2,,
732,LSTM-1DResNet: An Intrusion Detection Model for Connected and Autonomous Vehicles Based on Deep Learning,68360,58340,5,"abstract,introduction,method,conclusion,experiment",True,True,True,9,8,,
733,MAD-MulW: A Multi-Window Anomaly Detection Framework for BGP Security Events,81416,62723,6,"method,abstract,introduction,conclusion,related_work,experiment",True,True,True,1,4,,
734,MADGuard: A High-Performance Microservice Anomaly Detection System With Multidimensional Data Fusion and Temporal Causal Analysis,104291,91682,8,"abstract,introduction,method,experiment,background,discussion,conclusion,related_work",True,True,True,0,13,,
735,MAGNN: Multi-scale adaptive graph neural networks with contrastive learning for malicious network traffic detection,77852,77852,7,"introduction,method,related_work,background,discussion,experiment,conclusion",True,True,True,3,7,,
736,Malicious encrypted traffic identification model based on flow space-time features,49896,43179,5,"abstract,introduction,method,discussion,experiment",True,True,False,2,5,,
737,MalMoE: Mixture-of-Experts Enhanced Encrypted Malicious Traffic Detection Under Graph Drift,55924,47843,8,"abstract,method,experiment,introduction,background,conclusion,discussion,related_work",True,True,True,6,5,,
738,MambaNetBurst: Direct Byte-level Network Traffic Classification without Tokenization or Pretraining,74204,53502,6,"introduction,method,related_work,discussion,experiment,conclusion",True,True,True,5,6,,
739,Memory Augment Is All You Need for Image Restoration,38512,28270,5,"introduction,method,experiment,related_work,conclusion",True,True,True,0,1,,
740,MFAD: A Multimodal Feature Fusion-Enhanced Time Series Anomaly Detection Framework in Industrial Cyber-Physical Systems,81924,68260,7,"abstract,introduction,method,experiment,related_work,discussion,conclusion",True,True,True,2,6,,
741,Mitigating Membership Inference and Model Inversion in 6G Federated Anomaly Detection,70016,59977,7,"introduction,method,related_work,conclusion,discussion,abstract,experiment",True,True,True,2,9,,
742,Moon: A Modality Conversion-Based Efficient Multivariate Time Series Anomaly Detection,89697,75473,8,"abstract,method,introduction,experiment,background,discussion,related_work,conclusion",True,True,True,8,5,,
743,MPdetector: A Multi-Party Collaborative Federated Transfer Learning Approach for IoT Intrusion Detection,68982,59917,7,"abstract,introduction,method,experiment,discussion,related_work,conclusion",True,True,True,8,4,,
744,MT-DEGCL: Multi-Task Encrypted Traffic Classification With Dual Embedding and Graph Contrastive Learning,77907,67096,8,"abstract,introduction,method,background,related_work,experiment,discussion,conclusion",True,True,True,3,2,,
745,MT-KD: Multi-Teacher Knowledge Distillation for Privacy-Aware Unlearning in IIoT Intrusion Detection Systems,75725,63373,7,"abstract,introduction,method,related_work,experiment,discussion,conclusion",True,True,True,2,5,,
746,MTDecipher: robust encrypted malicious traffic detection via multi-task graph neural networks,89932,75490,7,"abstract,method,introduction,experiment,background,conclusion,discussion",True,True,True,5,9,,
747,MTG-GAN: A Masked Temporal Graph Generative Adversarial Network for Cross-Domain System Log Anomaly Detection,99730,83046,8,"abstract,experiment,introduction,method,background,related_work,discussion,conclusion",True,True,True,2,4,,
748,MTRF: Multidomain Transformation Representation for Network Flows in Network Intrusion Detection,69877,61177,8,"abstract,introduction,method,related_work,background,experiment,discussion,conclusion",True,True,True,4,4,,
749,Multi-Agent Federated Edge Learning for UAV-IDS in Smart City IoT Environment,39537,34878,7,"abstract,method,experiment,introduction,discussion,related_work,conclusion",True,True,True,3,11,,
750,Multi-Dimensional Cross-Granularity Open-Set Network Intrusion Detection,79323,67242,7,"abstract,method,introduction,related_work,discussion,experiment,conclusion",True,True,True,0,3,,
751,Multi-Scenario Cloud–Edge Collaborative DDoS Detection in LLM-Enabled AIoT,107839,85137,7,"abstract,method,experiment,introduction,conclusion,related_work,discussion",True,True,True,2,5,,
752,"Multilingual Cyber Threat Detection in Tweets/X Using ML, DL, and LLM: A Comparative Analysis",76412,71157,6,"abstract,introduction,experiment,method,related_work,conclusion",True,True,True,2,3,,
753,Multimodal Anomaly Detection for Microservice Systems via Grassmann Manifolds-Based Graph Fusion,70607,58463,6,"introduction,method,experiment,related_work,discussion,conclusion",True,True,True,0,3,,
754,Multimodal Industrial Anomaly Detection via Attention-Enhanced Memory-Guided Network,66192,54647,7,"abstract,experiment,method,introduction,discussion,related_work,conclusion",True,True,True,3,3,,
755,Multimodal Reasoning with LLM for Encrypted Traffic Interpretation: A Benchmark,88062,80976,7,"abstract,method,introduction,related_work,discussion,conclusion,experiment",True,True,True,4,2,,
756,Multivariate Time Series Anomaly Detection in IIoT Using Spatial-temporal Dynamic Mask Diffusion Model,72373,62229,6,"abstract,method,introduction,related_work,experiment,conclusion",True,True,True,0,6,,
757,Multivariate Time Series Anomaly Detection Using Learnable Spatial-Temporal Graph Ordinary Differential Equations Network,75483,59275,8,"abstract,introduction,related_work,method,background,experiment,discussion,conclusion",True,True,True,1,2,,
758,Multiview Spatial–Temporal Interaction Attention- Based Multivariate Time Series Anomaly Detection for Distributed Industrial Control Networks,75874,62990,8,"abstract,method,introduction,related_work,background,discussion,experiment,conclusion",True,True,True,2,0,,
759,MVNIDS: A multiview-based network intrusion detection system,66130,54880,6,"method,introduction,conclusion,discussion,background,experiment",True,True,True,2,7,,
760,Network attack pattern recognition and early warning based on multimodal data and artificial intelligence,120725,94254,7,"abstract,method,introduction,related_work,discussion,conclusion,experiment",True,True,True,4,9,,
761,Network Intrusion Detection System Based on Enhanced Dual Gaussian Mixture Variational Autoencoders for Internet of Vehicles,60272,52138,8,"abstract,introduction,method,experiment,background,related_work,discussion,conclusion",True,True,True,4,9,,
762,Neural Collapse-Based Class-Incremental Learning for Encrypted Traffic Classification,68174,54672,8,"abstract,method,introduction,related_work,background,experiment,discussion,conclusion",True,True,True,2,1,,
763,NFTracker: Fine-Grained NFT Behavior Traffic Identification Over Encrypted Tunnel,70602,61287,7,"abstract,method,introduction,background,discussion,experiment,conclusion",True,True,True,1,5,,
764,Noise Resistant Encrypted Malicious Traffic Detection Through Kernel-Enhanced Contrastive View Alignment,64454,53109,7,"abstract,introduction,method,related_work,experiment,conclusion,discussion",True,True,True,3,5,,
765,Normality in Anomaly: Rethinking Traffic Labels,104842,82499,8,"abstract,introduction,method,conclusion,related_work,experiment,background,discussion",True,True,True,3,11,,
766,NOS-Gate: Queue-Aware Streaming IDS for Consumer Gateways Under Timing-Controlled Evasion,67368,59950,7,"introduction,abstract,background,method,discussion,experiment,conclusion",True,True,True,0,6,,
767,NOVA: A Self-Supervised Graph Framework for Real-Time Anomaly Detection in Internet of Vehicles,73317,63229,8,"abstract,introduction,method,discussion,related_work,experiment,background,conclusion",True,True,True,5,5,,
768,NT-Transformer: A Non-Pretrained Encrypted Network Traffic Classification Model,73557,59488,6,"abstract,method,introduction,related_work,experiment,discussion",True,True,False,0,2,,
769,OIPR: Evaluation for Time-Series Anomaly Detection Inspired by Operator Interest,61671,48101,7,"abstract,introduction,experiment,method,related_work,discussion,conclusion",True,True,True,7,6,,
770,On Graph Design for GNN-Based Network Anomaly Detection,72631,60869,8,"abstract,method,introduction,experiment,background,related_work,discussion,conclusion",True,True,True,3,9,,
771,One 2 : An Intrusion Detection System for Both Internal and External Vehicular Network From Weak Labeled Data,73969,57431,5,"abstract,method,introduction,experiment,discussion",True,True,False,4,3,,
772,Online Intrusion Detection for Industrial Cyber-Physical Systems Based on Self-Supervised Predictive Model,70902,58204,6,"introduction,method,background,experiment,discussion,conclusion",True,True,True,3,7,,
773,"Physics-Informed Multi-Scale Adaptive Graph Learning for Unified Event Detection, Localization, and Classification in Power System",59251,49458,7,"abstract,introduction,method,discussion,background,experiment,conclusion",True,True,True,0,2,,
774,PowerDiffuser: Collaborative Contrastive-Reconstruction Self-Supervised Learning for Robust Power Load Signal Representation,55575,47241,8,"abstract,introduction,method,experiment,related_work,background,discussion,conclusion",True,True,True,1,0,,
775,Principled Uncertainty Decomposition with Bayesian Ensemble Transformers for Trustworthy Intrusion Detection,127920,114744,7,"abstract,method,introduction,related_work,experiment,discussion,conclusion",True,True,True,7,6,,
776,PrivNet—Generative AI-Augmented Quantum Privacy Framework for Vehicular Networks,44536,37465,7,"abstract,conclusion,method,introduction,related_work,experiment,discussion",True,True,True,6,7,,
777,Proactive Zero-Trust Intrusion Detection for Consumer IoT Applications Using Lightweight Ensemble Learning With Anomaly Analysis,41464,36818,6,"abstract,introduction,discussion,method,experiment,conclusion",True,True,True,2,12,,
778,Quantum Machine Learning for Cybersecurity: Toward Smarter Intrusion Detection Systems,59343,45346,7,"abstract,introduction,conclusion,experiment,discussion,related_work,method",True,True,True,4,7,,
779,RDSAD: Robust Threat Detection in Evolving Data Streams via Adaptive Latent Dynamics,99749,89642,7,"abstract,method,introduction,background,related_work,experiment,conclusion",True,True,True,6,3,,
780,Real-Time Intrusion Detection in Internet of Vehicles for Consumer Autonomous Intelligent Systems Using Hyper-Dimensional Computing,59118,49243,7,"abstract,introduction,method,related_work,background,experiment,discussion",True,True,False,4,5,,
781,REAPER: Real-Time Detection of Malicious Traffic via Deep Time-Series Embedding Analysis,80692,67277,6,"abstract,method,introduction,experiment,related_work,discussion",True,True,False,1,8,,
782,Reference Model-Based Cyber-Attack Detection for Stochastically Uncertain Wind Turbine Systems,59211,52316,5,"experiment,introduction,method,abstract,conclusion",True,True,True,1,0,,
783,Replica-Based Moving Target Defense Against Injection Attacks in Software-Defined Industrial Control Systems,97987,80353,8,"abstract,experiment,introduction,method,related_work,background,discussion,conclusion",True,True,True,1,4,,
784,Representation Learning for Tabular Data: A Comprehensive Survey,138186,92265,6,"abstract,introduction,method,background,experiment,conclusion",True,True,True,2,5,,
785,RET-Net: A CNN Framework for Real-Time Traffic Classification Using Key-Byte Mechanism,86032,74681,7,"abstract,introduction,method,experiment,background,discussion,conclusion",True,True,True,0,6,,
786,Retriever: A Distributed Intrusion Detection System for NOS-Enabled Networks,68991,55077,7,"abstract,introduction,method,background,experiment,discussion,conclusion",True,True,True,0,4,,
787,Reverse Engineering of Industrial Protocols From Network Traffic,89961,62860,8,"abstract,experiment,introduction,background,method,related_work,discussion,conclusion",True,True,True,3,5,,
788,Revisiting the Intrusion Detection in In-Vehicle Networks,54544,42561,5,"method,introduction,conclusion,related_work,experiment",True,True,True,3,10,,
789,RGPKD: Reconstruction-Guided and Prompt-Enhanced Asymmetric Knowledge Distillation for Anomaly Detection,54335,42085,7,"abstract,method,introduction,related_work,experiment,discussion,conclusion",True,True,True,1,4,,
790,RISK-4-Auto: Residually Interconnected and Superimposed Kolmogorov-Arnold Networks for Automotive Network Traffic Classification,43813,36167,6,"abstract,introduction,background,method,experiment,conclusion",True,True,True,3,7,,
791,RL-ACID: Reinforcement Learning-Optimized Adaptive Causal Discovery for Robust Anomaly Detection in Industrial Systems,63213,56406,6,"abstract,method,discussion,introduction,experiment,conclusion",True,True,True,3,1,,
792,Robust AI-Driven Intrusion Detection and Defense for Next-Generation Consumer Services,56661,32407,5,"abstract,method,introduction,related_work,discussion",True,False,False,4,5,,
793,"Robust Malicious Network Traffic Detection Framework With Automated Drift Detection, Identification, and Adaptation",91329,80383,8,"method,abstract,introduction,background,experiment,discussion,related_work,conclusion",True,True,True,0,3,,
794,RTF-Net: A Lightweight Dual-View Framework for Fine-Grained Encrypted Short-Video Fingerprinting,63789,57198,7,"abstract,introduction,discussion,method,related_work,experiment,conclusion",True,True,True,0,3,,
795,SAGA: Synthetic Audit Log Generation for APT Campaigns,79868,66851,6,"introduction,method,background,experiment,related_work,discussion",True,True,False,1,0,,
796,Saliency-Guided Transformer Attention With Pixel-Level Contrastive Learning for Weakly Supervised Defect Localization,61256,47719,6,"abstract,method,introduction,background,experiment,conclusion",True,True,True,4,1,,
797,SatFedGuard: Semi-Supervised Federated Contrastive Learning With RL-Assisted Bidirectional Distillation for Anomaly Traffic Detection in Satellite Networks,103489,91276,5,"method,introduction,discussion,experiment,conclusion",True,True,True,1,7,,
798,SD-RetinaNet: Topologically Constrained Semi-Supervised Retinal Lesion and Layer Segmentation in OCT,81418,71125,6,"abstract,method,introduction,conclusion,experiment,discussion",True,True,True,3,3,,
799,Secure Federated Maximum Entropy Classifier for Intrusion Detection in IoT Consumer Electronics,58495,45688,6,"method,experiment,introduction,background,related_work,discussion",True,True,False,2,8,,
800,SecureDyn-FL: A Robust Privacy-Preserving Federated Learning Framework for Intrusion Detection in IoT Networks,119823,100344,8,"abstract,introduction,method,background,related_work,discussion,experiment,conclusion",True,True,True,6,6,,
801,Securing IoT: Unveiling Attacks With Multiview-Multitask Learning,73968,55837,7,"abstract,method,introduction,related_work,discussion,experiment,conclusion",True,True,True,7,7,,
802,Securing Vehicular Ad Hoc Networks via Digital Twin-Driven Anomaly Detection and Graph Reinforcement Learning,80438,70126,7,"abstract,method,experiment,introduction,related_work,discussion,conclusion",True,True,True,0,2,,
803,Self-Contrastive Learning to Boost Weakly Supervised Anomaly Detection,66239,53248,6,"abstract,introduction,method,experiment,conclusion,discussion",True,True,True,0,5,,
804,Shattering Weak Facades: Trustworthy Detection of Encrypted Malicious Traffic via Uncertainty-Aware Fusion,61774,53547,7,"abstract,introduction,method,experiment,related_work,discussion,conclusion",True,True,True,1,3,,
805,Silent-App-Aware Federated Machine Unlearning for Encrypted Network Traffic Classification,101754,80040,7,"abstract,introduction,method,experiment,background,discussion,conclusion",True,True,True,6,6,,
806,SOFA: Service-Oriented Fine-Grained Attack Traffic Detection With Meta Learning,86529,69805,8,"abstract,method,introduction,related_work,background,experiment,discussion,conclusion",True,True,True,2,5,,
807,Sparse Gaussian–Markov Modeling for Robust and Trustworthy Unknown Cyber Defense,80130,66084,8,"abstract,introduction,method,experiment,background,discussion,related_work,conclusion",True,True,True,3,7,,
808,SParse: Semantic Tracking and Path Analysis for Attack Investigation in Real-Time,72319,59792,8,"abstract,introduction,method,discussion,background,experiment,related_work,conclusion",True,True,True,0,5,,
809,SpectraBayes: Exploring Traffic Series Reconstruction in Frequency Domain for Anomaly Detection,62249,49513,6,"abstract,method,introduction,related_work,experiment,conclusion",True,True,True,1,7,,
810,SRViT: A Robust Online Encrypted Traffic Classification Based on Vision Transformer,83511,65654,7,"abstract,experiment,introduction,method,related_work,background,discussion",True,True,False,5,4,,
811,SSCTAD: Semi-Supervised Contrastive Learning for Trajectory Anomaly Detection,60277,49351,7,"method,introduction,background,experiment,related_work,discussion,conclusion",True,True,True,3,6,,
812,StatGraph: Effective In-Vehicle Intrusion Detection via Multi-View Statistical Graph Learning,90601,79493,8,"abstract,experiment,introduction,method,background,discussion,related_work,conclusion",True,True,True,3,5,,
813,STELLAR: Similarity-Based Satellite Federated Learning for Malicious Traffic Recognition,71601,64676,7,"abstract,introduction,method,related_work,conclusion,experiment,discussion",True,True,True,3,3,,
814,SwarmSense-DNN: A Trustworthy and Decentralized Neural Framework for Proactive Anomaly Defense in Consumer IoT,44823,36035,7,"abstract,method,introduction,related_work,experiment,discussion,conclusion",True,True,True,8,10,,
815,SYNAPS: A Neuro-Symbolic Framework for Proactive Security in Consumer Electronics,41047,33853,6,"abstract,introduction,method,conclusion,discussion,experiment",True,True,True,4,11,,
816,System Log Anomaly Detection With Noise-Contrastive Learning and Pattern Feature,67094,54765,5,"method,introduction,related_work,experiment,conclusion",True,True,True,3,2,,
817,Take Attention as Gate: An Associative Recurrent Network-Based Intrusion Detection Method for Industrial Control Network,83433,73740,8,"abstract,method,introduction,experiment,related_work,background,discussion,conclusion",True,True,True,3,3,,
818,TFDA: A Time-Frequency Domain Adaptive Model for Multi-Source Multi-Task Anomaly Detection and Localization in Distribution Systems,68990,54243,7,"method,introduction,discussion,related_work,background,experiment,conclusion",True,True,True,1,2,,
819,The TES Framework: Joint Statistical Modeling and Machine Learning for Network KPI Forecasting,84478,68125,7,"abstract,method,introduction,related_work,conclusion,discussion,experiment",True,True,True,0,3,,
820,TIME-VAD: Text-Informed Magnitude Enhancement Feature Learning for Vehicle Accident Detection and Anticipation,84847,67498,7,"abstract,introduction,method,related_work,discussion,experiment,conclusion",True,True,True,1,6,,
821,Time Will Tell: Criss-Cross Transformer for Encrypted Traffic Analysis,80684,68294,5,"discussion,introduction,method,experiment,conclusion",True,True,True,1,3,,
822,TIPSO-GAN: Malicious Network Traffic Detection Using a Novel Optimized Generative Adversarial Network,108319,86048,6,"method,introduction,experiment,background,discussion,conclusion",True,True,True,2,10,,
823,TopoCL: Topological Contrastive Learning for Time Series,60867,46604,7,"abstract,introduction,method,discussion,background,experiment,conclusion",True,True,True,2,2,,
824,Toward a Hybrid Intrusion Detection Framework for IIoT Using a Large Language Model,63859,56794,6,"abstract,introduction,method,experiment,discussion,conclusion",True,True,True,9,12,,
825,Toward Context-Aware Anomaly Detection for AIOps in Microservices Using Dynamic Knowledge Graphs,96313,89139,7,"abstract,experiment,introduction,method,related_work,discussion,conclusion",True,True,True,3,6,,
826,Toward Efficient Distributed Network Security: A Lightweight Multitask Traffic Analysis Framework,87342,75034,7,"abstract,method,introduction,discussion,experiment,related_work,conclusion",True,True,True,3,3,,
827,Toward Robust Detection of Malicious Encrypted Traffic Using Only Low-Quality Training Data,93029,70257,8,"abstract,method,introduction,background,experiment,discussion,related_work,conclusion",True,True,True,1,3,,
828,Towards Semantic-aware Aerial Video Anomaly Detection by Exploiting Multimodal Large Language Model,100911,80740,7,"abstract,introduction,method,experiment,related_work,discussion,conclusion",True,True,True,0,4,,
829,TraceCluster: A Lightweight and Adaptive Clustering-Based Subgraph Attention Network for APT Detection in Provenance Graphs,79572,71449,7,"method,introduction,related_work,background,conclusion,experiment,discussion",True,True,True,3,7,,
830,TraceHG: An Unsupervised Dual-View Framework for Microservice Anomaly Detection,69283,55864,7,"abstract,method,introduction,related_work,experiment,discussion,conclusion",True,True,True,2,4,,
831,TrafficAudio: Audio Representation for Lightweight Encrypted Traffic Classification in IoT,72582,60097,6,"abstract,method,introduction,experiment,discussion,conclusion",True,True,True,2,4,,
832,Ultimate Encrypted Traffic Feature Engineering: HTTPS Encrypted Traffic Classification Using Restored Application Data Unit Length,87935,73022,7,"abstract,introduction,discussion,related_work,method,experiment,conclusion",True,True,True,2,6,,
833,Uncertainty-Aware Multimodal Anomaly Detection for Microservice Systems With Active Learning,89192,72857,7,"abstract,method,introduction,experiment,related_work,discussion,conclusion",True,True,True,1,6,,
834,Unified Anomaly Detection via Multi-Scale Contrasted Memory,71982,57514,6,"abstract,method,conclusion,introduction,related_work,experiment",True,True,True,1,0,,
835,UniNet: A Unified Multi-Granular Traffic Modeling Framework for Network Security,85575,69779,7,"method,abstract,introduction,discussion,experiment,background,conclusion",True,True,True,2,2,,
836,Universal Embedding Function for Traffic Classification via QUIC Domain Recognition Pretraining: A Transfer Learning Success,96431,84586,8,"abstract,introduction,method,experiment,related_work,discussion,background,conclusion",True,True,True,5,3,,
837,Unraveling Spatio-Temporal Foundation Models via the Pipeline Lens: A Comprehensive Review,144788,93758,4,"abstract,method,introduction,conclusion",True,False,True,3,2,,
838,Unsupervised Cross-Domain Attack Traffic Classifier for Intelligent Connected Vehicle,61511,52035,6,"method,introduction,experiment,related_work,discussion,conclusion",True,True,True,5,3,,
839,Unsupervised Textless Prompt With LLMs for Multivariate Time Series Anomaly Detection,57449,42874,7,"abstract,introduction,method,experiment,related_work,discussion,conclusion",True,True,True,6,8,,
840,VDDFormer: A Variable Dependency Discrepancy-Based Transformer for Multivariate Time Series Anomaly Detection,68773,57447,7,"abstract,introduction,method,related_work,experiment,discussion,conclusion",True,True,True,5,0,,
841,Web Page Tampering Detection Based on Dynamic Temporal Graph Pre-Training,97247,85673,8,"abstract,introduction,related_work,discussion,method,background,experiment,conclusion",True,True,True,3,4,,
842,When Handshakes Tell the Truth: Detecting Web Bad Bots via TLS Fingerprints,37223,28515,8,"abstract,method,related_work,introduction,discussion,background,experiment,conclusion",True,True,True,0,11,,
843,When Pre-Training Meets Contrast Learning: Few-Shot Encrypted Traffic Classification With Novelty Detection,88304,73883,6,"abstract,method,introduction,experiment,related_work,discussion",True,True,False,2,3,,
844,When Unknown Threat Meets Label Noise: A Self-Correcting Framework,86866,72776,7,"method,experiment,introduction,related_work,abstract,conclusion,discussion",True,True,True,4,5,,
845,Where Do Flow Semantics Reside? A Protocol-Native Tabular Pretraining Paradigm for Encrypted Traffic Classification,47534,40733,7,"abstract,introduction,method,experiment,discussion,background,conclusion",True,True,True,2,4,,
846,XAI-EdgeSFL: Explainable Edge Intelligence With Adaptive Intrusion-Resilient Split Federated Learning for Consumer Healthcare Ecosystems,54183,46092,5,"abstract,introduction,method,related_work,experiment",True,True,False,2,9,,
847,Zoomer: An APT TTP Recognition System via Deep & Wide Provenance Graph Learning,87510,73153,8,"method,introduction,background,related_work,abstract,experiment,discussion,conclusion",True,True,True,2,3,,
848,ZTXPlainaAI an explainable deep learning framework for encrypted traffic anomaly detection in Zero Trust Networks,134700,22332,7,"method,abstract,experiment,introduction,discussion,related_work,background",True,True,False,0,5,,
849,Google Play Annual Transparency Report,0,0,0,,False,False,False,0,0,,
850,NetFlow Services and Applications,0,0,0,,False,False,False,0,0,,
851,Towards Open Set Deep Networks,69620,42085,5,"abstract,method,introduction,experiment,discussion",True,True,False,2,2,,
852,On Calibration of Modern Neural Networks,91169,38424,6,"abstract,introduction,background,method,experiment,conclusion",True,True,True,1,2,,
853,Evidential Deep Learning to Quantify Classification Uncertainty,49017,32847,6,"abstract,introduction,method,experiment,related_work,conclusion",True,True,True,2,2,,
854,A Simple Unified Framework for Detecting Out-of-Distribution Samples and Adversarial Attacks,60204,38758,5,"abstract,method,introduction,experiment,conclusion",True,True,True,2,11,,
855,Energy-Based Out-of-Distribution Detection,54750,33846,7,"abstract,introduction,method,background,experiment,related_work,conclusion",True,True,True,0,9,,
856,FOSS: Towards Fine-Grained Unknown Class Detection Against the Open-Set Attack Spectrum With Variable Legitimate Traffic,133812,95295,5,"method,experiment,introduction,conclusion,related_work",True,True,True,3,2,,
857,M3S-UPD: Efficient Multi-Stage Self-Supervised Learning for Fine-Grained Encrypted Traffic Classification With Unknown Pattern Discovery,129432,71050,6,"abstract,introduction,method,experiment,conclusion,discussion",True,True,True,2,4,,
858,New Class Detection in Network Traffic Classification Using Confidence Information Embedded Cascade Structure,98318,56524,6,"method,introduction,related_work,experiment,discussion,conclusion",True,True,True,0,3,,
