编号,题名,年份,DOI,PDF,大类,二级类,创新点标签,科学问题标签,相关性,相关性分数,代码状态,代码仓库,方法关键词
1,New directions in cryptography,1976,10.1109/tit.1976.1055638,paper/10.1109_tit.1976.1055638.pdf,基础理论、密码协议与安全机制,图学习、知识图谱与威胁情报,数据集、基准、工具与系统化评测,多源异构数据融合与上下文建模,弱相关,0,未发现,,New; Two; Widening
2,A method for obtaining digital signatures and public-key cryptosystems,1983,10.1145/357980.358017,paper/10.1145_357980.358017.pdf,基础理论、密码协议与安全机制,,数据集、基准、工具与系统化评测,开放世界未知攻击与误报控制,弱相关,0,未发现,,
3,Computer Network Architectures and Protocols,1989,10.1007/978-1-4613-0809-6,paper/10.1007_978-1-4613-0809-6.pdf,基础理论、密码协议与安全机制,,应用场景与系统化验证,开放世界未知攻击与误报控制,弱相关,2,未发现,,Computer; Network; Architectures; Protocols
4,"Automata, Languages and Programming",1997,10.1007/3-540-63165-8,paper/10.1007_3-540-63165-8.pdf,其他AI安全与跨域异常检测,,应用场景与系统化验证,开放世界未知攻击与误报控制,弱相关,0,未发现,,Automata; Languages; Programming
5,The Codebreakers: The Comprehensive History of Secret Communication from Ancient Times to the Internet,1997,10.2307/20048054,paper/10.2307_20048054.pdf,加密流量分类与应用识别,,应用场景与系统化验证,加密与隐私保护造成可观测特征缺失,中相关,8,未发现,,Codebreakers; Comprehensive; History; Secret; Communication; Ancient; Times; Internet
6,Bro: a system for detecting network intruders in real-time,1999,10.1016/s1389-1286(99)00112-7,paper/10.1016_s1389-1286%2899%2900112-7.pdf,其他AI安全与跨域异常检测,,轻量化、实时与高性能部署; 数据集、基准、工具与系统化评测,高速流量实时检测与资源约束,弱相关,3,未发现,,Bro
7,"Traffic Analysis: Protocols, Attacks, Design Issues, and Open Problems",2001,10.1007/3-540-44702-4_2,paper/10.1007_3-540-44702-4_2.pdf,恶意流量、暗网与攻击检测,网络流量监测、测量与工具; 基础理论、密码协议与安全机制,应用场景与系统化验证,开放世界未知攻击与误报控制,强相关,10,未发现,,Traffic; Analysis; Protocols; Attacks; Design; Issues; Open; Problems
8,HMM profiles for network traffic classification,2004,10.1145/1029208.1029211,paper/10.1145_1029208.1029211.pdf,加密流量分类与应用识别,其他AI安全与跨域异常检测,应用场景与系统化验证,开放世界未知攻击与误报控制,强相关,10,未发现,,HMM
9,A Performance Comparison of Data Encryption Algorithms,2005,10.1109/ICICT.2005.1598556,paper/10.1109_ICICT.2005.1598556.pdf,基础理论、密码协议与安全机制,,应用场景与系统化验证,开放世界未知攻击与误报控制,弱相关,1,未发现,,Performance; Comparison; Data; Encryption; Algorithms; However
10,A Survey of Network Traffic Monitoring and Analysis Tools,2006,,paper/A%20Survey%20of%20Network%20Traffic%20Monitoring%20and%20Analysis%20Tools.pdf,数据集、基准、综述与开源工具,网络流量监测、测量与工具,数据集、基准、工具与系统化评测,数据集代表性、标准化评测与可复现; 加密与隐私保护造成可观测特征缺失,中相关,8,未发现,,Survey; Network; Traffic; Monitoring; Analysis; Tools
11,On Inferring Application Protocol Behaviors in Encrypted Network Traffic,2006,10.5555/1248547.1248647,paper/10.5555_1248547.1248647.pdf,基础理论、密码协议与安全机制,,应用场景与系统化验证,加密与隐私保护造成可观测特征缺失,中相关,8,未发现,,Inferring; Application; Protocol; Behaviors; Encrypted; Network; Traffic; Several
12,Bayesian Neural Networks for Internet Traffic Classification,2006,10.1109/tnn.2006.883010,paper/10.1109_tnn.2006.883010.pdf,加密流量分类与应用识别,其他AI安全与跨域异常检测,数据集、基准、工具与系统化评测,开放世界未知攻击与误报控制,强相关,12,未发现,,Bayesian; Neural; Networks; Internet; Traffic; Classification
13,A survey of techniques for internet traffic classification using machine learning,2008,10.1109/surv.2008.080406,paper/10.1109_surv.2008.080406.pdf,加密流量分类与应用识别,数据集、基准、综述与开源工具; 其他AI安全与跨域异常检测,数据集、基准、工具与系统化评测,数据集代表性、标准化评测与可复现; 加密与隐私保护造成可观测特征缺失,强相关,10,未发现,,Simple; TCP; UDP; New
14,Machine learning based encrypted traffic classification: Identifying SSH and Skype,2009,10.1109/cisda.2009.5356534,paper/10.1109_cisda.2009.5356534.pdf,加密流量分类与应用识别,其他AI安全与跨域异常检测,应用场景与系统化验证,加密与隐私保护造成可观测特征缺失,强相关,10,未发现,,Machine; Identifying; SSH; Skype
15,". Kwon, and Y. Choi,",2010,10.1145/1921168.1921180,paper/10.1145_1921168.1921180.pdf,加密流量分类与应用识别,,数据集、基准、工具与系统化评测,开放世界未知攻击与误报控制,强相关,11,未发现,,Kwon; Choi; America; Recent; Internet; ISPs
16,Untangling Attribution: Moving to Accountability in Cyberspace,2010,,paper/Untangling%20Attribution%20-%20Moving%20to%20Accountability%20in%20Cyberspace.pdf,基础理论、密码协议与安全机制,,可解释性、规则抽取与因果分析,模型可解释、可信与可审计,弱相关,0,未发现,,Untangling; Attribution; Moving; Accountability; Cyberspace
17,Analysis of country-wide internet outages caused by censorship,2011,10.1145/2068816.2068818,paper/10.1145_2068816.2068818.pdf,恶意流量、暗网与攻击检测,,应用场景与系统化验证,开放世界未知攻击与误报控制,中相关,6,未发现,,Analysis
18,IP traffic classification based on machine learning,2011,10.1109/icct.2011.6158005,paper/10.1109_icct.2011.6158005.pdf,加密流量分类与应用识别,其他AI安全与跨域异常检测,应用场景与系统化验证,开放世界未知攻击与误报控制,中相关,8,未发现,,
19,Benchmarking two techniques for Tor classification: Flow level and circuit level classification,2014,10.1109/cicybs.2014.7013368,paper/10.1109_cicybs.2014.7013368.pdf,数据集、基准、综述与开源工具,加密流量分类与应用识别; 其他AI安全与跨域异常检测,数据集、基准、工具与系统化评测,数据集代表性、标准化评测与可复现; 加密与隐私保护造成可观测特征缺失,中相关,6,未发现,,Benchmarking; Tor; Flow; Recently; TCP; ISP; Our
20,Homomorphic Encryption,2014,10.1007/978-3-319-12229-8_2,paper/10.1007_978-3-319-12229-8_2.pdf,基础理论、密码协议与安全机制,,应用场景与系统化验证,开放世界未知攻击与误报控制,弱相关,1,未发现,,Homomorphic; Encryption; Recent
21,"Information Privacy Engineering and Privacy by Design: Understanding Privacy Threats, Technology, and Regulations Based on Standards and Best Practices",2014,10.5555/3384141,paper/10.5555_3384141.pdf,其他AI安全与跨域异常检测,,应用场景与系统化验证,加密与隐私保护造成可观测特征缺失,弱相关,0,未发现,,Information; Privacy; Engineering; Design; Understanding; Threats; Technology; Regulations
22,A survey of methods for encrypted traffic classification and analysis,2015,10.1002/nem.1901,paper/10.1002_nem.1901.pdf,加密流量分类与应用识别,数据集、基准、综述与开源工具; 其他AI安全与跨域异常检测,数据集、基准、工具与系统化评测,加密与隐私保护造成可观测特征缺失; 数据集代表性、标准化评测与可复现,强相关,14,未发现,,First; Internet
23,Traffic flow analysis of tor pluggable transports,2015,10.1109/cnsm.2015.7367356,paper/10.1109_cnsm.2015.7367356.pdf,加密流量分类与应用识别,,应用场景与系统化验证,加密与隐私保护造成可观测特征缺失,强相关,12,未发现,,Traffic
24,Characterization of Encrypted and VPN Traffic using Time-related Features,2016,10.5220/0005740704070414,paper/10.5220_0005740704070414.pdf,加密流量分类与应用识别,,应用场景与系统化验证,加密与隐私保护造成可观测特征缺失,强相关,14,未发现,,Characterization; Encrypted; VPN; Traffic; Time-related; Features; Virtual; Private
25,An Introduction to Deep Learning for the Physical Layer,2017,10.1109/tccn.2017.2758370,paper/10.1109_tccn.2017.2758370.pdf,其他AI安全与跨域异常检测,,应用场景与系统化验证,开放世界未知攻击与误报控制,弱相关,1,未发现,,Introduction; Deep; Learning; Physical; Layer; autoencoder
26,Characterization of Tor Traffic using Time based Features,2017,10.5220/0006105602530262,paper/10.5220_0006105602530262.pdf,加密流量分类与应用识别,,数据集、基准、工具与系统化评测,加密与隐私保护造成可观测特征缺失; 数据集代表性、标准化评测与可复现,强相关,13,未发现,,Characterization; Tor; Traffic; Time; Features; Internet; Encryption
27,End-to-end encrypted traffic classification with one-dimensional convolution neural networks,2017,10.1109/isi.2017.8004872,paper/10.1109_isi.2017.8004872.pdf,加密流量分类与应用识别,其他AI安全与跨域异常检测,数据集、基准、工具与系统化评测,加密与隐私保护造成可观测特征缺失; 高速流量实时检测与资源约束; 数据集代表性、标准化评测与可复现,强相关,13,候选不可访问,cnntraffic,End-to-end; Traffic; Some; VPN
28,Network Traffic Classifier With Convolutional and Recurrent Neural Networks for Internet of Things,2017,10.1109/ACCESS.2017.2747560,paper/10.1109_ACCESS.2017.2747560.pdf,IoT、车联网、工业互联网与边缘安全,,应用场景与系统化验证,开放世界未知攻击与误报控制,中相关,7,未发现,,Network; Traffic; Classifier; Convolutional; Recurrent; Neural; Networks; Internet
29,A Survey on Tor Encrypted Traffic Monitoring,2018,10.14569/ijacsa.2018.090815,paper/10.14569_ijacsa.2018.090815.pdf,加密流量分类与应用识别,数据集、基准、综述与开源工具; 网络流量监测、测量与工具,数据集、基准、工具与系统化评测,加密与隐私保护造成可观测特征缺失; 数据集代表性、标准化评测与可复现,强相关,15,未发现,,Survey; Tor; Encrypted; Traffic; Monitoring; Onion; Router; Therefore
30,Co-teaching: Robust Training of Deep Neural Networks with Extremely Noisy Labels,2018,10.48550/arXiv.1804.06872,paper/10.48550_arXiv.1804.06872.pdf,其他AI安全与跨域异常检测,,鲁棒性、对抗防御与可信检测,标签稀缺、类别不平衡与长尾攻击; 对抗规避、污染与鲁棒性,弱相关,2,已下载,Co-teaching -> source\Co-teaching,Co-teaching; Robust; Training; Deep; Neural; Networks; Extremely; Noisy
31,Deciphering malware’s use of TLS (without decryption),2018,10.1007/s11416-017-0306-6,paper/10.1007_s11416-017-0306-6.pdf,加密流量分类与应用识别,,应用场景与系统化验证,加密与隐私保护造成可观测特征缺失,中相关,8,未发现,,Deciphering; TLS
32,Handbook of Applied Cryptography,2018,10.1201/9781439821916,paper/10.1201_9781439821916.pdf,图学习、知识图谱与威胁情报,基础理论、密码协议与安全机制,应用场景与系统化验证,多源异构数据融合与上下文建模,弱相关,3,未发现,,Handbook; Applied; Cryptography
33,How far can we push flow analysis to identify encrypted anonymity network traffic?,2018,10.1109/noms.2018.8406156,paper/10.1109_noms.2018.8406156.pdf,加密流量分类与应用识别,,应用场景与系统化验证,加密与隐私保护造成可观测特征缺失,强相关,16,未发现,,How; Anonymity; Such; Internet; Multilayer; IRC; One
34,How to Achieve High Classification Accuracy with Just a Few Labels: A Semi-supervised Approach Using Sampled Packets,2018,10.48550/arXiv.1812.09761,paper/10.48550_arXiv.1812.09761.pdf,加密流量分类与应用识别,其他AI安全与跨域异常检测,自监督、对比学习与少样本学习,标签稀缺、类别不平衡与长尾攻击,强相关,12,未发现,,How; Achieve; High; Classification; Accuracy; Just; Few; Labels
35,MaMPF: Encrypted Traffic Classification Based on Multi-Attribute Markov Probability Fingerprints,2018,10.1109/iwqos.2018.8624124,paper/10.1109_iwqos.2018.8624124.pdf,加密流量分类与应用识别,其他AI安全与跨域异常检测,数据集、基准、工具与系统化评测,加密与隐私保护造成可观测特征缺失,强相关,16,已下载,WSPTTH/MaMPF -> source\MaMPF,MaMPF; Encrypted; Traffic; Classification; Based; Multi-Attribute; Markov; Probability
36,On blockchain and its integration with IoT. Challenges and opportunities,2018,10.1016/j.future.2018.05.046,paper/10.1016_j.future.2018.05.046.pdf,联邦学习、隐私保护与分布式协同,IoT、车联网、工业互联网与边缘安全,联邦学习、隐私保护与协同训练; 数据集、基准、工具与系统化评测,边缘、IoT、车联网与工业场景约束,弱相关,3,未发现,,IoT; Challenges; Internet; Things; Taking; Blockchain
37,Toward Generating a New Intrusion Detection Dataset and Intrusion Traffic Characterization,2018,10.5220/0006639801080116,paper/10.5220_0006639801080116.pdf,入侵检测与网络异常检测,数据集、基准、综述与开源工具,数据集、基准、工具与系统化评测,数据集代表性、标准化评测与可复现,强相关,15,未发现,,Toward; Generating; New; Intrusion; Detection; Dataset; Traffic; Characterization
38,A Survey on Big Data for Network Traffic Monitoring and Analysis,2019,10.1109/tnsm.2019.2933358,paper/10.1109_tnsm.2019.2933358.pdf,数据集、基准、综述与开源工具,网络流量监测、测量与工具; 加密流量分类与应用识别,数据集、基准、工具与系统化评测; 轻量化、实时与高性能部署,数据集代表性、标准化评测与可复现; 加密与隐私保护造成可观测特征缺失; 高速流量实时检测与资源约束,强相关,11,未发现,,Survey; Big; Data; Network; Traffic; Monitoring; Analysis; NTMA
39,Blockchain for Internet of Things: A Survey,2019,10.1109/jiot.2019.2920987,paper/10.1109_jiot.2019.2920987.pdf,数据集、基准、综述与开源工具,IoT、车联网、工业互联网与边缘安全; 联邦学习、隐私保护与分布式协同,联邦学习、隐私保护与协同训练; 数据集、基准、工具与系统化评测; 轻量化、实时与高性能部署,数据集代表性、标准化评测与可复现; 边缘、IoT、车联网与工业场景约束; 高速流量实时检测与资源约束,弱相关,2,未发现,,Blockchain; Internet; Things; Survey; IoT; However; All
40,BlockDeepNet: A Blockchain-Based Secure Deep Learning for IoT Network,2019,10.3390/su11143974,paper/10.3390_su11143974.pdf,联邦学习、隐私保护与分布式协同,其他AI安全与跨域异常检测; IoT、车联网、工业互联网与边缘安全,联邦学习、隐私保护与协同训练,边缘、IoT、车联网与工业场景约束,中相关,6,未发现,,BlockDeepNet; Blockchain-Based; Secure; Deep; Learning; IoT; Network; Big
41,$Deep-Full-Range$ : A Deep Learning Based Network Encrypted Traffic Classification and Intrusion Detection Framework,2019,10.1109/access.2019.2908225,paper/10.1109_access.2019.2908225.pdf,加密流量分类与应用识别,入侵检测与网络异常检测; 其他AI安全与跨域异常检测,数据集、基准、工具与系统化评测,加密与隐私保护造成可观测特征缺失,强相关,16,未发现,,Deep-Full-Range; Deep; Learning; Based; Network; Encrypted; Traffic; Classification
42,Encrypted Traffic Analysis: Use Cases & Security Challenges,2019,,paper/Encrypted%20Traffic%20Analysis%20-%20Use%20Cases%20%26%20Security%20Challenges.pdf,加密流量分类与应用识别,网络流量监测、测量与工具,应用场景与系统化验证,加密与隐私保护造成可观测特征缺失,强相关,10,未发现,,Encrypted; Traffic; Analysis; Use; Cases; Security; Challenges
43,FS-Net: A Flow Sequence Network For Encrypted Traffic Classification,2019,10.1109/infocom.2019.8737507,paper/10.1109_infocom.2019.8737507.pdf,加密流量分类与应用识别,其他AI安全与跨域异常检测,应用场景与系统化验证,加密与隐私保护造成可观测特征缺失,强相关,15,已下载,Akrusher/Fs-net -> source\Fs-net; WSPTTH/FS-Net -> source\WSPTTH_FS-Net,FS-Net; Flow; Sequence; Network; Encrypted; Traffic; Classification; Combining
44,MIRAGE: Mobile-app Traffic Capture and Ground-truth Creation,2019,10.1109/cccs.2019.8888137,paper/10.1109_cccs.2019.8888137.pdf,加密流量分类与应用识别,网络流量监测、测量与工具,数据集、基准、工具与系统化评测,加密与隐私保护造成可观测特征缺失; 域迁移、概念漂移与真实网络分布变化; 数据集代表性、标准化评测与可复现,中相关,9,未发现,,MIRAGE; Mobile-app; Traffic; Capture; Ground-truth; Creation; Network; Even
45,"Mobile Encrypted Traffic Classification Using Deep Learning: Experimental Evaluation, Lessons Learned, and Challenges",2019,10.1109/tnsm.2019.2899085,paper/10.1109_tnsm.2019.2899085.pdf,加密流量分类与应用识别,其他AI安全与跨域异常检测,数据集、基准、工具与系统化评测; 轻量化、实时与高性能部署,加密与隐私保护造成可观测特征缺失; 数据集代表性、标准化评测与可复现; 高速流量实时检测与资源约束,强相关,14,未发现,,Mobile; Encrypted; Traffic; Classification; Using; Deep; Learning; Experimental
46,Towards the Deployment of Machine Learning Solutions in Network Traffic Classification: A Systematic Survey,2018,10.1109/comst.2018.2883147,paper/10.1109_comst.2018.2883147.pdf,加密流量分类与应用识别,数据集、基准、综述与开源工具; 其他AI安全与跨域异常检测,数据集、基准、工具与系统化评测; 轻量化、实时与高性能部署,数据集代表性、标准化评测与可复现; 加密与隐私保护造成可观测特征缺失; 高速流量实时检测与资源约束,强相关,14,未发现,,Towards; Deployment; Machine; Learning; Solutions; Network; Traffic; Classification
47,A Dive into the Dark Web: Hierarchical Traffic Classification of Anonymity Tools,2019,10.1109/tnse.2019.2901994,paper/10.1109_tnse.2019.2901994.pdf,加密流量分类与应用识别,数据集、基准、综述与开源工具; 其他AI安全与跨域异常检测,数据集、基准、工具与系统化评测,数据集代表性、标准化评测与可复现; 加密与隐私保护造成可观测特征缺失,强相关,10,未发现,,Dive; Dark; Web; Hierarchical; Traffic; Classification; Anonymity; Tools
48,An Encrypted Traffic Classification Framework Based on Convolutional Neural Networks and Stacked Autoencoders,2020,10.1109/iccc51575.2020.9344978,paper/10.1109_iccc51575.2020.9344978.pdf,加密流量分类与应用识别,其他AI安全与跨域异常检测,数据集、基准、工具与系统化评测,加密与隐私保护造成可观测特征缺失,强相关,12,未发现,,Encrypted; Traffic; Classification; Framework; Based; Convolutional; Neural; Networks
49,"Anonymity Services Tor, I2P, JonDonym: Classifying in the Dark (Web)",2018,10.1109/tdsc.2018.2804394,paper/10.1109_tdsc.2018.2804394.pdf,加密流量分类与应用识别,时序、日志、KPI 与云原生异常检测,数据集、基准、工具与系统化评测,加密与隐私保护造成可观测特征缺失; 数据集代表性、标准化评测与可复现,强相关,12,未发现,,Anonymity; Services; Tor; I2P; JonDonym; Classifying; Dark; Web
50,BFSN: A Novel Method of Encrypted Traffic Classification Based on Bidirectional Flow Sequence Network,2020,10.1109/hoticn50779.2020.9350824,paper/10.1109_hoticn50779.2020.9350824.pdf,加密流量分类与应用识别,其他AI安全与跨域异常检测,应用场景与系统化验证,加密与隐私保护造成可观测特征缺失,强相关,15,未发现,,BFSN; Novel; Method; Encrypted; Traffic; Classification; Based; Bidirectional
51,Blockchain and Federated Learning for Privacy-Preserved Data Sharing in Industrial IoT,2019,10.1109/tii.2019.2942190,paper/10.1109_tii.2019.2942190.pdf,联邦学习、隐私保护与分布式协同,IoT、车联网、工业互联网与边缘安全,联邦学习、隐私保护与协同训练,边缘、IoT、车联网与工业场景约束; 加密与隐私保护造成可观测特征缺失,中相关,6,未发现,,Blockchain; Federated; Learning; Privacy-Preserved; Data; Sharing; Industrial; IoT
52,Deep packet: a novel approach for encrypted traffic classification using deep learning,2020,10.1007/s00500-019-04030-2,paper/10.1007_s00500-019-04030-2.pdf,加密流量分类与应用识别,其他AI安全与跨域异常检测,数据集、基准、工具与系统化评测,加密与隐私保护造成可观测特征缺失; 高速流量实时检测与资源约束,强相关,15,未发现,,Deep; Network; Internet; Numerous; Most; Our
53,Detection of DoH Tunnels using Time-series Classification of Encrypted Traffic,2020,10.1109/dasc-picom-cbdcom-cyberscitech49142.2020.00026,paper/10.1109_dasc-picom-cbdcom-cyberscitech49142.2020.00026.pdf,加密流量分类与应用识别,恶意流量、暗网与攻击检测; 其他AI安全与跨域异常检测,在线、增量、开放集与概念漂移,加密与隐私保护造成可观测特征缺失; 域迁移、概念漂移与真实网络分布变化,强相关,16,未发现,,Detection; DoH; Tunnels; Time-series; Classification; Encrypted; Traffic; Computer
54,DIDarknet: A Contemporary Approach to Detect and Characterize the Darknet Traffic using Deep Image Learning,2020,10.1145/3442520.3442521,paper/10.1145_3442520.3442521.pdf,恶意流量、暗网与攻击检测,多媒体、医学、遥感与视频异常检测; 加密流量分类与应用识别,轻量化、实时与高性能部署,加密与隐私保护造成可观测特征缺失; 高速流量实时检测与资源约束,强相关,15,未发现,,DIDarknet; Contemporary; Approach; Detect; Characterize; Darknet; Traffic; Deep
55,Encrypted traffic classification based on Gaussian mixture models and Hidden Markov Models,2020,10.1016/j.jnca.2020.102711,paper/10.1016_j.jnca.2020.102711.pdf,加密流量分类与应用识别,其他AI安全与跨域异常检测,应用场景与系统化验证,加密与隐私保护造成可观测特征缺失,强相关,10,未发现,,Encrypted; Gaussian; Hidden; Markov; Models
56,Encrypted Traffic Classification Using Graph Convolutional Networks,2020,10.1007/978-3-030-65390-3_17,paper/10.1007_978-3-030-65390-3_17.pdf,加密流量分类与应用识别,其他AI安全与跨域异常检测; 图学习、知识图谱与威胁情报,数据集、基准、工具与系统化评测,加密与隐私保护造成可观测特征缺失; 多源异构数据融合与上下文建模; 数据集代表性、标准化评测与可复现,强相关,14,未发现,,Encrypted; Traffic; Classification; Using; Graph; Convolutional; Networks; Internet
57,Fingerprinting encrypted voice traffic on smart speakers with deep learning,2020,10.1145/3395351.3399357,paper/10.1145_3395351.3399357.pdf,加密流量分类与应用识别,其他AI安全与跨域异常检测,应用场景与系统化验证,加密与隐私保护造成可观测特征缺失,强相关,11,未发现,,Fingerprinting; WiSec; July; Linz; Virtual; Event; Austria; ACM
58,FlowPrint: Semi-Supervised Mobile-App Fingerprinting on Encrypted Network Traffic,2020,10.14722/ndss.2020.24412,paper/10.14722_ndss.2020.24412.pdf,加密流量分类与应用识别,,自监督、对比学习与少样本学习; 轻量化、实时与高性能部署; 数据集、基准、工具与系统化评测,加密与隐私保护造成可观测特征缺失; 标签稀缺、类别不平衡与长尾攻击; 高速流量实时检测与资源约束; 边缘、IoT、车联网与工业场景约束,强相关,15,已下载,FlowPrint -> source\FlowPrint,FlowPrint; Semi-Supervised; Mobile-App; Fingerprinting; Encrypted; Network; Traffic; CDNs
59,Image-based Encrypted Traffic Classification with Convolution Neural Networks,2020,10.1109/dsc50466.2020.00048,paper/10.1109_dsc50466.2020.00048.pdf,加密流量分类与应用识别,多媒体、医学、遥感与视频异常检测; 其他AI安全与跨域异常检测,应用场景与系统化验证,加密与隐私保护造成可观测特征缺失,强相关,14,未发现,,Image-based; Encrypted; Traffic; Classification; Convolution; Neural; Networks; Network
60,Knowledge graph based methods for record linkage,2020,10.1016/j.patrec.2020.05.025,paper/10.1016_j.patrec.2020.05.025.pdf,图学习、知识图谱与威胁情报,,图神经网络与关系建模; 轻量化、实时与高性能部署,多源异构数据融合与上下文建模; 高速流量实时检测与资源约束; 边缘、IoT、车联网与工业场景约束,弱相关,4,未发现,,Knowledge; knowledge graph
61,Learning to Classify: A Flow-Based Relation Network for Encrypted Traffic Classification,2020,10.1145/3366423.3380090,paper/10.1145_3366423.3380090.pdf,加密流量分类与应用识别,其他AI安全与跨域异常检测,应用场景与系统化验证,加密与隐私保护造成可观测特征缺失,强相关,16,未发现,,Learning; Classify; Flow-Based; Relation; Network; Encrypted; Traffic; Classification
62,On the classification of fog computing applications: A machine learning perspective,2020,10.1016/j.jnca.2020.102596,paper/10.1016_j.jnca.2020.102596.pdf,其他AI安全与跨域异常检测,,应用场景与系统化验证,开放世界未知攻击与误报控制,弱相关,0,未发现,,
63,PacketCGAN: Exploratory Study of Class Imbalance for Encrypted Traffic Classification Using CGAN,2020,10.1109/icc40277.2020.9148946,paper/10.1109_icc40277.2020.9148946.pdf,加密流量分类与应用识别,其他AI安全与跨域异常检测,生成式增强、GAN与扩散模型,加密与隐私保护造成可观测特征缺失; 标签稀缺、类别不平衡与长尾攻击,强相关,16,未发现,,PacketCGAN; Exploratory; Study; Class; Imbalance; Encrypted; Traffic; Classification
64,Part-dependent Label Noise: Towards Instance-dependent Label Noise,2006,10.48550/arXiv.2006.07836,paper/10.48550_arXiv.2006.07836.pdf,加密流量分类与应用识别,,数据集、基准、工具与系统化评测,标签稀缺、类别不平衡与长尾攻击; 数据集代表性、标准化评测与可复现,中相关,7,未发现,,Part-dependent; Label; Noise; Towards; Instance-dependent; Learning; Note; Annotators
65,PERT: Payload Encoding Representation from Transformer for Encrypted Traffic Classification,2020,10.23919/ituk50268.2020.9303204,paper/10.23919_ituk50268.2020.9303204.pdf,加密流量分类与应用识别,其他AI安全与跨域异常检测,表征学习、预训练与Transformer,加密与隐私保护造成可观测特征缺失; 域迁移、概念漂移与真实网络分布变化,强相关,14,未发现,,PERT; Payload; Encoding; Representation; Transformer; Encrypted; Traffic; Classification
66,Practical evaluation of encrypted traffic classification based on a combined method of entropy estimation and neural networks,2019,10.4218/etrij.2019-0190,paper/10.4218_etrij.2019-0190.pdf,加密流量分类与应用识别,其他AI安全与跨域异常检测,数据集、基准、工具与系统化评测,加密与隐私保护造成可观测特征缺失; 数据集代表性、标准化评测与可复现,强相关,12,未发现,,Practical
67,"Traffic Classification of User Behaviors in Tor, I2P, ZeroNet, Freenet",2020,10.1109/trustcom50675.2020.00064,paper/10.1109_trustcom50675.2020.00064.pdf,加密流量分类与应用识别,其他AI安全与跨域异常检测,应用场景与系统化验证,加密与隐私保护造成可观测特征缺失,强相关,12,未发现,,Traffic; Classification; User; Behaviors; Tor; I2P; ZeroNet; Freenet
68,A Look Behind the Curtain: Traffic Classification in an Increasingly Encrypted Web,2021,10.1145/3410220.3453921,paper/10.1145_3410220.3453921.pdf,加密流量分类与应用识别,其他AI安全与跨域异常检测,数据集、基准、工具与系统化评测,加密与隐私保护造成可观测特征缺失,强相关,13,未发现,,Look; Behind; Curtain; Traffic; Classification; Increasingly; Encrypted; Web
69,A Survey of Encrypted Malicious Traffic Detection,2021,10.1109/ccci52664.2021.9583191,paper/10.1109_ccci52664.2021.9583191.pdf,数据集、基准、综述与开源工具,恶意流量、暗网与攻击检测,数据集、基准、工具与系统化评测,加密与隐私保护造成可观测特征缺失; 数据集代表性、标准化评测与可复现,中相关,7,未发现,,Survey; Encrypted; Malicious; Traffic; Detection; HTTPS; Identification; Combined
70,Accurate Decentralized Application Identification via Encrypted Traffic Analysis Using Graph Neural Networks,2021,10.1109/tifs.2021.3050608,paper/10.1109_tifs.2021.3050608.pdf,加密流量分类与应用识别,图学习、知识图谱与威胁情报; 网络流量监测、测量与工具,图神经网络与关系建模,加密与隐私保护造成可观测特征缺失; 多源异构数据融合与上下文建模,强相关,13,未发现,,Accurate; Decentralized; Application; Identification; Encrypted; Traffic; Analysis; Using
71,AEFETA: Encrypted traffic classification framework based on self-learning of feature,2021,10.1109/icsp51882.2021.9408973,paper/10.1109_icsp51882.2021.9408973.pdf,加密流量分类与应用识别,其他AI安全与跨域异常检测,数据集、基准、工具与系统化评测,加密与隐私保护造成可观测特征缺失,强相关,13,未发现,,AEFETA; Encrypted; Statistics-based
72,ByteSGAN: A semi-supervised Generative Adversarial Network for encrypted traffic classification in SDN Edge Gateway,2021,10.1016/j.comnet.2021.108535,paper/10.1016_j.comnet.2021.108535.pdf,加密流量分类与应用识别,IoT、车联网、工业互联网与边缘安全; 其他AI安全与跨域异常检测,生成式增强、GAN与扩散模型; 自监督、对比学习与少样本学习; 鲁棒性、对抗防御与可信检测; 轻量化、实时与高性能部署,加密与隐私保护造成可观测特征缺失; 标签稀缺、类别不平衡与长尾攻击; 对抗规避、污染与鲁棒性; 高速流量实时检测与资源约束,强相关,13,未发现,,ByteSGAN; Generative; Adversarial; Network; SDN; Edge; Gateway; GAN
73,CADE: Detecting and Explaining Concept Drift Samples for Security Applications,2021,,paper/CADE%20-%20Detecting%20and%20Explaining%20Concept%20Drift%20Samples%20for%20Security%20Applications.pdf,其他AI安全与跨域异常检测,,在线、增量、开放集与概念漂移; 可解释性、规则抽取与因果分析,域迁移、概念漂移与真实网络分布变化; 模型可解释、可信与可审计,弱相关,0,已下载,CADE -> source\CADE,CADE; Detecting; Explaining; Concept; Drift; Samples; Security; Applications
74,CBD: A Deep-Learning-Based Scheme for Encrypted Traffic Classification with a General Pre-Training Method,2021,10.3390/s21248231,paper/10.3390_s21248231.pdf,加密流量分类与应用识别,其他AI安全与跨域异常检测,表征学习、预训练与Transformer,加密与隐私保护造成可观测特征缺失; 域迁移、概念漂移与真实网络分布变化,强相关,13,未发现,,CBD; Deep-Learning-Based; Scheme; Encrypted; Traffic; Classification; General; Pre-Training
75,CENTIME: A Direct Comprehensive Traffic Features Extraction for Encrypted Traffic Classification,2021,10.1109/icccs52626.2021.9449280,paper/10.1109_icccs52626.2021.9449280.pdf,加密流量分类与应用识别,其他AI安全与跨域异常检测,应用场景与系统化验证,加密与隐私保护造成可观测特征缺失,强相关,10,已下载,Traffic-Classification -> source\Traffic-Classification,CENTIME; Direct; Comprehensive; Traffic; Features; Extraction; Encrypted; Classification
76,CSCNN: Cost-Sensitive Convolutional Neural Network for Encrypted Traffic Classification,2021,10.1007/s11063-021-10534-6,paper/10.1007_s11063-021-10534-6.pdf,加密流量分类与应用识别,其他AI安全与跨域异常检测,应用场景与系统化验证,加密与隐私保护造成可观测特征缺失,强相关,13,未发现,,CSCNN; Cost-Sensitive; Convolutional; Neural; Network; Encrypted; Traffic; Classification
77,Deep Learning for Network Traffic Monitoring and Analysis (NTMA): A Survey,2021,10.1016/j.comcom.2021.01.021,paper/10.1016_j.comcom.2021.01.021.pdf,数据集、基准、综述与开源工具,其他AI安全与跨域异常检测; 网络流量监测、测量与工具,数据集、基准、工具与系统化评测,数据集代表性、标准化评测与可复现; 加密与隐私保护造成可观测特征缺失,中相关,8,未发现,,Deep; Learning; Network; Traffic; Monitoring; Analysis; NTMA; Survey
78,DISTILLER: Encrypted traffic classification via multimodal multitask deep learning,2021,10.1016/j.jnca.2021.102985,paper/10.1016_j.jnca.2021.102985.pdf,加密流量分类与应用识别,其他AI安全与跨域异常检测,多模态、多视图与特征融合,加密与隐私保护造成可观测特征缺失,强相关,11,未发现,,DISTILLER; Encrypted; Traffic; Conversely
79,Distributed Deep Convolutional Neural Networks for the Internet-of-Things,2021,10.1109/tc.2021.3062227,paper/10.1109_tc.2021.3062227.pdf,联邦学习、隐私保护与分布式协同,,联邦学习、隐私保护与协同训练,开放世界未知攻击与误报控制,中相关,5,已下载,distributedCNNs -> source\distributedCNNs,Distributed; Deep; Convolutional; Neural; Networks; Internet-of-Things; Severe; IoT
80,Embedding Blockchain Technology Into IoT for Security: A Survey,2021,10.1109/jiot.2021.3060508,paper/10.1109_jiot.2021.3060508.pdf,数据集、基准、综述与开源工具,联邦学习、隐私保护与分布式协同; IoT、车联网、工业互联网与边缘安全,表征学习、预训练与Transformer; 联邦学习、隐私保护与协同训练; 数据集、基准、工具与系统化评测; 轻量化、实时与高性能部署,数据集代表性、标准化评测与可复现; 边缘、IoT、车联网与工业场景约束; 加密与隐私保护造成可观测特征缺失; 高速流量实时检测与资源约束,弱相关,3,未发现,,Embedding; Blockchain; Technology; Into; IoT; Security; Survey; Internet
81,FARE: Enabling Fine-grained Attack Categorization under Low-quality Labeled Data,2021,10.14722/ndss.2021.24403,paper/10.14722_ndss.2021.24403.pdf,恶意流量、暗网与攻击检测,,应用场景与系统化验证,标签稀缺、类别不平衡与长尾攻击,中相关,8,已下载,FARE -> source\FARE,FARE; Enabling; Fine-grained; Attack; Categorization; Low-quality; Labeled; Data
82,Flow Transformer: A Novel Anonymity Network Traffic Classifier with Attention Mechanism,2021,10.1109/msn53354.2021.00045,paper/10.1109_msn53354.2021.00045.pdf,其他AI安全与跨域异常检测,加密流量分类与应用识别,表征学习、预训练与Transformer,开放世界未知攻击与误报控制,中相关,7,未发现,,Flow; Transformer; Novel; Anonymity; Network; Traffic; Classifier; Attention
83,Generating Network Intrusion Detection Dataset Based on Real and Encrypted Synthetic Attack Traffic,2021,10.3390/app11177868,paper/10.3390_app11177868.pdf,入侵检测与网络异常检测,数据集、基准、综述与开源工具; 恶意流量、暗网与攻击检测,数据集、基准、工具与系统化评测; 生成式增强、GAN与扩散模型,加密与隐私保护造成可观测特征缺失; 数据集代表性、标准化评测与可复现,强相关,16,未发现,,Generating; Network; Intrusion; Detection; Dataset; Based; Real; Encrypted
84,Generative Adversarial Transformers,2021,10.48550/arXiv.2103.01209,paper/10.48550_arXiv.2103.01209.pdf,其他AI安全与跨域异常检测,,表征学习、预训练与Transformer; 生成式增强、GAN与扩散模型; 鲁棒性、对抗防御与可信检测; 轻量化、实时与高性能部署,对抗规避、污染与鲁棒性; 域迁移、概念漂移与真实网络分布变化; 高速流量实时检测与资源约束; 数据集代表性、标准化评测与可复现,弱相关,2,已下载,gansformer -> source\gansformer,Generative; Adversarial; Transformers; GANsformer; Transformer; GAN
85,MATEC: A lightweight neural network for online encrypted traffic classification,2021,10.1016/j.comnet.2021.108472,paper/10.1016_j.comnet.2021.108472.pdf,加密流量分类与应用识别,其他AI安全与跨域异常检测,轻量化、实时与高性能部署; 在线、增量、开放集与概念漂移,高速流量实时检测与资源约束; 加密与隐私保护造成可观测特征缺失,强相关,13,未发现,,MATEC
86,ME-Box: A reliable method to detect malicious encrypted traffic,2021,10.1016/j.jisa.2021.102823,paper/10.1016_j.jisa.2021.102823.pdf,加密流量分类与应用识别,恶意流量、暗网与攻击检测,应用场景与系统化验证,加密与隐私保护造成可观测特征缺失,强相关,12,未发现,,ME-Box
87,Multi class SVM algorithm with active learning for network traffic classification,2021,10.1016/j.eswa.2021.114885,paper/10.1016_j.eswa.2021.114885.pdf,加密流量分类与应用识别,其他AI安全与跨域异常检测,应用场景与系统化验证,开放世界未知攻击与误报控制,强相关,10,未发现,,Multi; SVM
88,Open-CyKG: An Open Cyber Threat Intelligence Knowledge Graph,2021,10.1016/j.knosys.2021.107524,paper/10.1016_j.knosys.2021.107524.pdf,图学习、知识图谱与威胁情报,,图神经网络与关系建模; 轻量化、实时与高性能部署,多源异构数据融合与上下文建模; 高速流量实时检测与资源约束; 边缘、IoT、车联网与工业场景约束,弱相关,4,已下载,IS5882/Open-CyKG -> source\Open-CyKG,Open-CyKG; Open; Cyber; Threat; Intelligence; Knowledge; Graph; knowledge graph
89,Privacy-Preserving Tucker Train Decomposition Over Blockchain-Based Encrypted Industrial IoT Data,2020,10.1109/tii.2020.2968923,paper/10.1109_tii.2020.2968923.pdf,联邦学习、隐私保护与分布式协同,IoT、车联网、工业互联网与边缘安全,联邦学习、隐私保护与协同训练; 数据集、基准、工具与系统化评测,加密与隐私保护造成可观测特征缺失; 边缘、IoT、车联网与工业场景约束,中相关,5,未发现,,Privacy-Preserving; Tucker; Train; Decomposition; Over; Blockchain-Based; Encrypted; Industrial
90,SPPNet: An Approach For Real-Time Encrypted Traffic Classification Using Deep Learning,2021,10.1109/globecom46510.2021.9686037,paper/10.1109_globecom46510.2021.9686037.pdf,加密流量分类与应用识别,其他AI安全与跨域异常检测,轻量化、实时与高性能部署,高速流量实时检测与资源约束; 加密与隐私保护造成可观测特征缺失,强相关,14,未发现,,SPPNet; Approach; Real-Time; Encrypted; Traffic; Classification; Using; Deep
91,tCLD-Net: A Transfer Learning Internet Encrypted Traffic Classification Scheme Based on Convolution Neural Network and Long Short-Term Memory Network,2021,10.1109/ccci52664.2021.9583214,paper/10.1109_ccci52664.2021.9583214.pdf,加密流量分类与应用识别,其他AI安全与跨域异常检测,应用场景与系统化验证,加密与隐私保护造成可观测特征缺失; 域迁移、概念漂移与真实网络分布变化,强相关,13,未发现,,Net; Transfer; Learning; Internet; Encrypted; Traffic; Classification; Scheme
92,TSCRNN: A novel classification scheme of encrypted traffic based on flow spatiotemporal features for efficient management of IIoT,2021,10.1016/j.comnet.2021.107974,paper/10.1016_j.comnet.2021.107974.pdf,加密流量分类与应用识别,IoT、车联网、工业互联网与边缘安全; 时序、日志、KPI 与云原生异常检测,轻量化、实时与高性能部署,边缘、IoT、车联网与工业场景约束; 加密与隐私保护造成可观测特征缺失; 高速流量实时检测与资源约束,强相关,15,未发现,,TSCRNN; IIoT; CNN; LSTM; ISCXTor2016; Tor/nonTor; Furthermore
93,UTMobileNetTraffic2021: A Labeled Public Network Traffic Dataset,2021,10.1109/lnet.2021.3098455,paper/10.1109_lnet.2021.3098455.pdf,数据集、基准、综述与开源工具,加密流量分类与应用识别,数据集、基准、工具与系统化评测,数据集代表性、标准化评测与可复现; 标签稀缺、类别不平衡与长尾攻击,中相关,6,未发现,,UTMobileNetTraffic2021; Labeled; Public; Network; Traffic; Dataset
94,XAI Meets Mobile Traffic Classification: Understanding and Improving Multimodal Deep Learning Architectures,2021,10.1109/tnsm.2021.3098157,paper/10.1109_tnsm.2021.3098157.pdf,加密流量分类与应用识别,其他AI安全与跨域异常检测,多模态、多视图与特征融合; 可解释性、规则抽取与因果分析; 鲁棒性、对抗防御与可信检测,模型可解释、可信与可审计; 加密与隐私保护造成可观测特征缺失,强相关,10,未发现,,XAI; Meets; Mobile; Traffic; Classification; Understanding; Improving; Multimodal
95,A Review of Deep Learning Techniques for Encrypted Traffic Classification,2022,10.36647/ciml/03.02.a003,paper/10.36647_ciml_03.02.a003.pdf,加密流量分类与应用识别,数据集、基准、综述与开源工具; 其他AI安全与跨域异常检测,应用场景与系统化验证,加密与隐私保护造成可观测特征缺失; 数据集代表性、标准化评测与可复现,强相关,13,未发现,,Review; Deep; Learning; Techniques; Encrypted; Traffic; Classification; Network
96,"A Survey on Encrypted Network Traffic Analysis Applications, Techniques, and Countermeasures",2022,10.1145/3457904,paper/10.1145_3457904.pdf,数据集、基准、综述与开源工具,网络流量监测、测量与工具,数据集、基准、工具与系统化评测,加密与隐私保护造成可观测特征缺失; 数据集代表性、标准化评测与可复现,中相关,6,未发现,,Survey; Encrypted; Network; Traffic; Analysis; Applications; Techniques; Countermeasures
97,An Efficient Approach for Encrypted Traffic Classification using CNN and Bidirectional GRU,2022,10.1109/iccece54139.2022.9712708,paper/10.1109_iccece54139.2022.9712708.pdf,加密流量分类与应用识别,其他AI安全与跨域异常检测,轻量化、实时与高性能部署; 数据集、基准、工具与系统化评测,加密与隐私保护造成可观测特征缺失; 高速流量实时检测与资源约束,强相关,15,未发现,,Efficient; Approach; Encrypted; Traffic; Classification; CNN; Bidirectional; GRU
98,An encrypted traffic classification method based on contrastive learning,2022,10.1145/3571662.3571678,paper/10.1145_3571662.3571678.pdf,加密流量分类与应用识别,其他AI安全与跨域异常检测,自监督、对比学习与少样本学习,加密与隐私保护造成可观测特征缺失,强相关,11,未发现,,International; Conference; Com; Network; Information; Processing; ICCIP; November
99,AppClassNet,2022,10.1145/3561954.3561958,paper/10.1145_3561954.3561958.pdf,数据集、基准、综述与开源工具,,数据集、基准、工具与系统化评测,数据集代表性、标准化评测与可复现; 加密与隐私保护造成可观测特征缺失,弱相关,3,未发现,,AppClassNet; Artificial; Intelligence; Large
100,DarknetSec: A novel self-attentive deep learning method for darknet traffic classification and application identification,2022,10.1016/j.cose.2022.102663,paper/10.1016_j.cose.2022.102663.pdf,加密流量分类与应用识别,其他AI安全与跨域异常检测; 恶意流量、暗网与攻击检测,应用场景与系统化验证,开放世界未知攻击与误报控制,强相关,10,未发现,,DarknetSec
101,Deep Learning for Encrypted Traffic Classification and Unknown Data Detection,2022,10.3390/s22197643,paper/10.3390_s22197643.pdf,加密流量分类与应用识别,其他AI安全与跨域异常检测,应用场景与系统化验证,加密与隐私保护造成可观测特征缺失; 开放世界未知攻击与误报控制,强相关,13,未发现,,Deep; Learning; Encrypted; Traffic; Classification; Unknown; Data; Detection
102,E-GraphSAGE: A Graph Neural Network based Intrusion Detection System for IoT,2022,10.1109/NOMS54207.2022.9789878,paper/10.1109_NOMS54207.2022.9789878.pdf,入侵检测与网络异常检测,图学习、知识图谱与威胁情报; IoT、车联网、工业互联网与边缘安全,图神经网络与关系建模; 数据集、基准、工具与系统化评测,多源异构数据融合与上下文建模; 边缘、IoT、车联网与工业场景约束; 数据集代表性、标准化评测与可复现,强相关,14,已下载,George730/E-ResGAT -> source\E-ResGAT; waimorris/E-GraphSAGE -> source\E-GraphSAGE,E-GraphSAGE; Graph; Neural; Network; Intrusion; Detection; System; IoT
103,Encrypted internet traffic classification using a supervised spiking neural network,2022,10.1016/j.neucom.2022.06.055,paper/10.1016_j.neucom.2022.06.055.pdf,加密流量分类与应用识别,其他AI安全与跨域异常检测,数据集、基准、工具与系统化评测,加密与隐私保护造成可观测特征缺失,强相关,13,未发现,,Encrypted; Internet; Hence; Spik
104,Encrypted Malware Traffic Detection via Graph-based Network Analysis,2022,10.1145/3545948.3545983,paper/10.1145_3545948.3545983.pdf,恶意流量、暗网与攻击检测,图学习、知识图谱与威胁情报,应用场景与系统化验证,加密与隐私保护造成可观测特征缺失; 多源异构数据融合与上下文建模,强相关,15,未发现,,Encrypted; Malware; Traffic; Detection; Graph-based; Network; Analysis; Research
105,ET-BERT: A Contextualized Datagram Representation with Pre-training Transformers for Encrypted Traffic Classification,2022,10.1145/3485447.3512217,paper/10.1145_3485447.3512217.pdf,加密流量分类与应用识别,其他AI安全与跨域异常检测,表征学习、预训练与Transformer,加密与隐私保护造成可观测特征缺失; 多源异构数据融合与上下文建模,强相关,13,已下载,ET-BERT -> source\ET-BERT,ET-BERT; Contextualized; Datagram; Representation; Pre-training; Transformers; Encrypted; Traffic
106,EULER: Detecting Network Lateral Movement via Scalable Temporal Link Prediction,2022,10.14722/ndss.2022.24107,paper/10.14722_ndss.2022.24107.pdf,时序、日志、KPI 与云原生异常检测,,轻量化、实时与高性能部署,高速流量实时检测与资源约束,中相关,6,已下载,Euler -> source\Euler,EULER; Detecting; Network; Lateral; Movement; Scalable; Temporal; Link
107,Flow Sequence-Based Anonymity Network Traffic Identification with Residual Graph Convolutional Networks,2022,10.1109/iwqos54832.2022.9812882,paper/10.1109_iwqos54832.2022.9812882.pdf,加密流量分类与应用识别,图学习、知识图谱与威胁情报,数据集、基准、工具与系统化评测,多源异构数据融合与上下文建模,强相关,13,未发现,,Flow; Sequence-Based; Anonymity; Network; Traffic; Identification; Residual; Graph
108,GRAIN: Granular multi-label encrypted traffic classification using classifier chain,2022,10.1016/j.comnet.2022.109084,paper/10.1016_j.comnet.2022.109084.pdf,加密流量分类与应用识别,其他AI安全与跨域异常检测,数据集、基准、工具与系统化评测; 在线、增量、开放集与概念漂移,加密与隐私保护造成可观测特征缺失; 标签稀缺、类别不平衡与长尾攻击; 数据集代表性、标准化评测与可复现,强相关,15,未发现,,GRAIN; Granular; Accordingly; Application; Facebook
109,KRYSTAL: Knowledge graph-based framework for tactical attack discovery in audit data,2022,10.1016/j.cose.2022.102828,paper/10.1016_j.cose.2022.102828.pdf,图学习、知识图谱与威胁情报,恶意流量、暗网与攻击检测,图神经网络与关系建模; 数据集、基准、工具与系统化评测; 轻量化、实时与高性能部署,多源异构数据融合与上下文建模; 高速流量实时检测与资源约束; 边缘、IoT、车联网与工业场景约束,中相关,6,已下载,Krystal -> source\Krystal,KRYSTAL; Knowledge; knowledge graph
110,Machine Learning 5G Attack Detection in Programmable Logic,2022,10.1109/gcwkshps56602.2022.10008647,paper/10.1109_gcwkshps56602.2022.10008647.pdf,恶意流量、暗网与攻击检测,其他AI安全与跨域异常检测,应用场景与系统化验证,边缘、IoT、车联网与工业场景约束,中相关,8,未发现,,Machine; Learning; Attack; Detection; Programmable; Logic
111,Markov‐GAN: Markov image enhancement method for malicious encrypted traffic classification,2022,10.1049/ise2.12071,paper/10.1049_ise2.12071.pdf,加密流量分类与应用识别,恶意流量、暗网与攻击检测; 多媒体、医学、遥感与视频异常检测,生成式增强、GAN与扩散模型,加密与隐私保护造成可观测特征缺失; 标签稀缺、类别不平衡与长尾攻击,强相关,13,未发现,,Markov; GAN; University; Chengdu; China; School; Physics; Electronic
112,MT-FlowFormer: A Semi-Supervised Flow Transformer for Encrypted Traffic Classification,2022,10.1145/3534678.3539314,paper/10.1145_3534678.3539314.pdf,加密流量分类与应用识别,其他AI安全与跨域异常检测,表征学习、预训练与Transformer; 自监督、对比学习与少样本学习,加密与隐私保护造成可观测特征缺失; 标签稀缺、类别不平衡与长尾攻击,强相关,15,未发现,,MT-FlowFormer; Semi-Supervised; Flow; Transformer; Encrypted; Traffic; Classification; ACM
113,Network traffic classification using convolutional neural network and ant-lion optimization,2022,10.1016/j.compeleceng.2022.108024,paper/10.1016_j.compeleceng.2022.108024.pdf,加密流量分类与应用识别,其他AI安全与跨域异常检测,应用场景与系统化验证,开放世界未知攻击与误报控制,强相关,10,未发现,,Network
114,2023 State of Encrypted Attacks Report,2023,,paper/2023%20State%20of%20Encrypted%20Attacks%20Report.pdf,恶意流量、暗网与攻击检测,数据集、基准、综述与开源工具,应用场景与系统化验证,加密与隐私保护造成可观测特征缺失,强相关,10,未发现,,State; Encrypted; Attacks; Report
115,3D-IDS: Doubly Disentangled Dynamic Intrusion Detection,2023,10.48550/arXiv.2307.11079,paper/10.48550_arXiv.2307.11079.pdf,入侵检测与网络异常检测,,图神经网络与关系建模; 在线、增量、开放集与概念漂移,域迁移、概念漂移与真实网络分布变化; 开放世界未知攻击与误报控制,强相关,19,未发现,,IDS; Doubly; Disentangled; Dynamic; Intrusion; Detection; Network-based; NIDS
116,A federated and explainable approach for insider threat detection in IoT,2023,10.1016/j.iot.2023.100965,paper/10.1016_j.iot.2023.100965.pdf,恶意流量、暗网与攻击检测,联邦学习、隐私保护与分布式协同; IoT、车联网、工业互联网与边缘安全,可解释性、规则抽取与因果分析; 联邦学习、隐私保护与协同训练,模型可解释、可信与可审计; 边缘、IoT、车联网与工业场景约束,中相关,6,未发现,,IoT
117,A framework for threat intelligence extraction and fusion,2023,10.1016/j.cose.2023.103371,paper/10.1016_j.cose.2023.103371.pdf,图学习、知识图谱与威胁情报,,多模态、多视图与特征融合; 数据集、基准、工具与系统化评测,多源异构数据融合与上下文建模,弱相关,3,未发现,,
118,A graph empowered insider threat detection framework based on daily activities,2023,10.1016/j.isatra.2023.06.030,paper/10.1016_j.isatra.2023.06.030.pdf,图学习、知识图谱与威胁情报,恶意流量、暗网与攻击检测,数据集、基准、工具与系统化评测; 图神经网络与关系建模,多源异构数据融合与上下文建模,弱相关,4,未发现,,
119,AAE-DSVDD: A one-class classification model for VPN traffic identification,2023,10.1016/j.comnet.2023.109990,paper/10.1016_j.comnet.2023.109990.pdf,其他AI安全与跨域异常检测,加密流量分类与应用识别,应用场景与系统化验证,加密与隐私保护造成可观测特征缺失,弱相关,4,未发现,,AAE-DSVDD; VPN
120,An intelligent network monitoring approach for online classification of Darknet traffic,2023,10.1016/j.compeleceng.2023.108852,paper/10.1016_j.compeleceng.2023.108852.pdf,其他AI安全与跨域异常检测,恶意流量、暗网与攻击检测; 网络流量监测、测量与工具,轻量化、实时与高性能部署; 在线、增量、开放集与概念漂移,高速流量实时检测与资源约束; 加密与隐私保护造成可观测特征缺失,强相关,11,已下载,adaptive-monitoring -> source\adaptive-monitoring,Darknet
121,Bi-ETC: A Bidirectional Encrypted Traffic Classification Model Based on BERT and BiLSTM,2023,10.1109/dsc59305.2023.00037,paper/10.1109_dsc59305.2023.00037.pdf,加密流量分类与应用识别,其他AI安全与跨域异常检测,表征学习、预训练与Transformer,加密与隐私保护造成可观测特征缺失,强相关,11,未发现,,Bi-ETC; Bidirectional; Encrypted; Traffic; Classification; Model; Based; BERT
122,CBS: A Deep Learning Approach for Encrypted Traffic Classification With Mixed Spatio-Temporal and Statistical Features,2023,10.1109/access.2023.3343189,paper/10.1109_access.2023.3343189.pdf,加密流量分类与应用识别,其他AI安全与跨域异常检测; 时序、日志、KPI 与云原生异常检测,多模态、多视图与特征融合; 轻量化、实时与高性能部署; 生成式增强、GAN与扩散模型,加密与隐私保护造成可观测特征缺失; 多源异构数据融合与上下文建模; 高速流量实时检测与资源约束,强相关,14,已下载,CBS -> source\CBS,CBS; Deep; Learning; Approach; Encrypted; Traffic; Classification; Mixed
123,CESNET-QUIC22: A large one-month QUIC network traffic dataset from backbone lines,2023,10.1016/j.dib.2023.108888,paper/10.1016_j.dib.2023.108888.pdf,数据集、基准、综述与开源工具,加密流量分类与应用识别,数据集、基准、工具与系统化评测,加密与隐私保护造成可观测特征缺失; 数据集代表性、标准化评测与可复现,中相关,6,未发现,,CESNET-QUIC22; QUIC
124,CICIoT2023: A Real-Time Dataset and Benchmark for Large-Scale Attacks in IoT Environment,2023,10.3390/s23135941,paper/10.3390_s23135941.pdf,数据集、基准、综述与开源工具,恶意流量、暗网与攻击检测; IoT、车联网、工业互联网与边缘安全,数据集、基准、工具与系统化评测; 轻量化、实时与高性能部署,数据集代表性、标准化评测与可复现; 高速流量实时检测与资源约束; 边缘、IoT、车联网与工业场景约束,中相关,6,已下载,Jaquelinedops/CICIoT2023 -> source\CICIoT2023; plumpmonkey/CICIoT2023 -> source\plumpmonkey_CICIoT2023,CICIoT2023; Real-Time; Dataset; Benchmark; Large-Scale; Attacks; IoT; Environment
125,Cybersecurity knowledge graphs,2023,10.1007/s10115-023-01860-3,paper/10.1007_s10115-023-01860-3.pdf,图学习、知识图谱与威胁情报,,图神经网络与关系建模; 轻量化、实时与高性能部署; 表征学习、预训练与Transformer,多源异构数据融合与上下文建模; 高速流量实时检测与资源约束; 边缘、IoT、车联网与工业场景约束,中相关,7,未发现,,Cybersecurity; They; BERT; knowledge graph
126,Cybersecurity knowledge graphs construction and quality assessment,2023,10.1007/s40747-023-01205-1,paper/10.1007_s40747-023-01205-1.pdf,图学习、知识图谱与威胁情报,,图神经网络与关系建模; 表征学习、预训练与Transformer; 轻量化、实时与高性能部署; 数据集、基准、工具与系统化评测,多源异构数据融合与上下文建模; 高速流量实时检测与资源约束; 边缘、IoT、车联网与工业场景约束; 数据集代表性、标准化评测与可复现,中相关,5,未发现,,Cybersecurity; Cyber-attack; Introducing; However; knowledge graph
127,Darknet traffic classification and adversarial attacks using machine learning,2023,10.1016/j.cose.2023.103098,paper/10.1016_j.cose.2023.103098.pdf,加密流量分类与应用识别,恶意流量、暗网与攻击检测; 其他AI安全与跨域异常检测,鲁棒性、对抗防御与可信检测,对抗规避、污染与鲁棒性,强相关,12,未发现,,Darknet
128,Darknet traffic detection and characterization with models based on decision trees and neural networks,2023,10.1016/j.iswa.2023.200199,paper/10.1016_j.iswa.2023.200199.pdf,恶意流量、暗网与攻击检测,,数据集、基准、工具与系统化评测,开放世界未知攻击与误报控制,强相关,12,未发现,,Darknet
129,Detecting Unknown Encrypted Malicious Traffic in Real Time via Flow Interaction Graph Analysis,2023,10.14722/ndss.2023.23080,paper/10.14722_ndss.2023.23080.pdf,恶意流量、暗网与攻击检测,图学习、知识图谱与威胁情报,应用场景与系统化验证,加密与隐私保护造成可观测特征缺失; 多源异构数据融合与上下文建模; 开放世界未知攻击与误报控制,强相关,14,已下载,HyperVision -> source\HyperVision,Detecting; Unknown; Encrypted; Malicious; Traffic; Real; Time; Flow
130,Detection of obfuscated Tor traffic based on bidirectional generative adversarial networks and vision transform,2023,10.1016/j.cose.2023.103512,paper/10.1016_j.cose.2023.103512.pdf,加密流量分类与应用识别,,生成式增强、GAN与扩散模型; 鲁棒性、对抗防御与可信检测,对抗规避、污染与鲁棒性; 加密与隐私保护造成可观测特征缺失,强相关,12,未发现,,Detection; Tor
131,DFMKE: A dual fusion multi-modal knowledge graph embedding framework for entity alignment,2022,10.1016/j.inffus.2022.09.012,paper/10.1016_j.inffus.2022.09.012.pdf,图学习、知识图谱与威胁情报,,多模态、多视图与特征融合; 表征学习、预训练与Transformer; 图神经网络与关系建模; 数据集、基准、工具与系统化评测,多源异构数据融合与上下文建模; 高速流量实时检测与资源约束; 边缘、IoT、车联网与工业场景约束,弱相关,4,未发现,,DFMKE; knowledge graph
132,DI-NIDS: Domain invariant network intrusion detection system,2023,10.1016/j.knosys.2023.110626,paper/10.1016_j.knosys.2023.110626.pdf,入侵检测与网络异常检测,,数据集、基准、工具与系统化评测,域迁移、概念漂移与真实网络分布变化; 数据集代表性、标准化评测与可复现,强相关,14,未发现,,DI-NIDS; Domain
133,EC-GCN: A encrypted traffic classification framework based on multi-scale graph convolution networks,2023,10.1016/j.comnet.2023.109614,paper/10.1016_j.comnet.2023.109614.pdf,加密流量分类与应用识别,图学习、知识图谱与威胁情报; 其他AI安全与跨域异常检测,数据集、基准、工具与系统化评测; 图神经网络与关系建模,加密与隐私保护造成可观测特征缺失; 多源异构数据融合与上下文建模,强相关,13,未发现,,EC-GCN; GCN
134,EETC: An extended encrypted traffic classification algorithm based on variant resnet network,2023,10.1016/j.cose.2023.103175,paper/10.1016_j.cose.2023.103175.pdf,加密流量分类与应用识别,其他AI安全与跨域异常检测,应用场景与系统化验证,加密与隐私保护造成可观测特征缺失,强相关,12,未发现,,EETC
135,Encrypted TLS Traffic Classification on Cloud Platforms,2022,10.1109/tnet.2022.3191312,paper/10.1109_tnet.2022.3191312.pdf,加密流量分类与应用识别,时序、日志、KPI 与云原生异常检测; 其他AI安全与跨域异常检测,应用场景与系统化验证,加密与隐私保护造成可观测特征缺失,强相关,14,未发现,,Encrypted; TLS; Traffic; Classification; Cloud; Platforms; Nowadays; Internet
136,FastTraffic: A lightweight method for encrypted traffic fast classification,2023,10.1016/j.comnet.2023.109965,paper/10.1016_j.comnet.2023.109965.pdf,加密流量分类与应用识别,其他AI安全与跨域异常检测,轻量化、实时与高性能部署,高速流量实时检测与资源约束; 加密与隐私保护造成可观测特征缺失,强相关,11,已下载,JieCaoSec/FastTraffic -> source\FastTraffic,FastTraffic
137,Flow-Based Encrypted Network Traffic Classification With Graph Neural Networks,2022,10.1109/tnsm.2022.3227500,paper/10.1109_tnsm.2022.3227500.pdf,加密流量分类与应用识别,图学习、知识图谱与威胁情报; 其他AI安全与跨域异常检测,图神经网络与关系建模,加密与隐私保护造成可观测特征缺失; 多源异构数据融合与上下文建模,强相关,17,未发现,,Flow-Based; Encrypted; Network; Traffic; Classification; Graph; Neural; Networks
138,Graph based encrypted malicious traffic detection with hybrid analysis of multi-view features,2023,10.1016/j.ins.2023.119229,paper/10.1016_j.ins.2023.119229.pdf,恶意流量、暗网与攻击检测,图学习、知识图谱与威胁情报,多模态、多视图与特征融合,多源异构数据融合与上下文建模; 加密与隐私保护造成可观测特征缺失,强相关,12,未发现,,Graph
139,GraphCWGAN-GP: A Novel Data Augmenting Approach for Imbalanced Encrypted Traffic Classification,2023,10.32604/cmes.2023.023764,paper/10.32604_cmes.2023.023764.pdf,加密流量分类与应用识别,其他AI安全与跨域异常检测; 图学习、知识图谱与威胁情报,生成式增强、GAN与扩散模型,标签稀缺、类别不平衡与长尾攻击; 加密与隐私保护造成可观测特征缺失; 多源异构数据融合与上下文建模,强相关,11,未发现,,GraphCWGAN-GP; Novel; Data; Augmenting; Approach; Imbalanced; Encrypted; Traffic
140,Heterogeneous Domain Adaptation for IoT Intrusion Detection: A Geometric Graph Alignment Approach,2023,10.1109/JIOT.2023.3239872,paper/10.1109_JIOT.2023.3239872.pdf,入侵检测与网络异常检测,IoT、车联网、工业互联网与边缘安全; 图学习、知识图谱与威胁情报,应用场景与系统化验证,多源异构数据融合与上下文建模; 域迁移、概念漂移与真实网络分布变化; 边缘、IoT、车联网与工业场景约束,强相关,12,未发现,,Heterogeneous; Domain; Adaptation; IoT; Intrusion; Detection; Geometric; Graph
141,"Improving Performance, Reliability, and Feasibility in Multimodal Multitask Traffic Classification with XAI",2023,10.1109/tnsm.2023.3246794,paper/10.1109_tnsm.2023.3246794.pdf,加密流量分类与应用识别,其他AI安全与跨域异常检测,可解释性、规则抽取与因果分析; 多模态、多视图与特征融合; 轻量化、实时与高性能部署; 鲁棒性、对抗防御与可信检测,模型可解释、可信与可审计; 高速流量实时检测与资源约束; 加密与隐私保护造成可观测特征缺失,强相关,12,未发现,,Improving; Performance; Reliability; Feasibility; Multimodal; Multitask; Traffic; Classification
142,Including insider threats into risk management through Bayesian threat graph networks,2023,10.1016/j.cose.2023.103410,paper/10.1016_j.cose.2023.103410.pdf,图学习、知识图谱与威胁情报,,应用场景与系统化验证,多源异构数据融合与上下文建模,中相关,5,未发现,,Including; Bayesian
143,IP packet-level encrypted traffic classification using machine learning with a light weight feature engineering method,2023,10.1016/j.jisa.2023.103519,paper/10.1016_j.jisa.2023.103519.pdf,加密流量分类与应用识别,其他AI安全与跨域异常检测,应用场景与系统化验证,加密与隐私保护造成可观测特征缺失,强相关,12,未发现,,
144,Machine Learning-Powered Encrypted Network Traffic Analysis: A Comprehensive Survey,2022,10.1109/comst.2022.3208196,paper/10.1109_comst.2022.3208196.pdf,数据集、基准、综述与开源工具,其他AI安全与跨域异常检测; 加密流量分类与应用识别,数据集、基准、工具与系统化评测,加密与隐私保护造成可观测特征缺失; 数据集代表性、标准化评测与可复现,强相关,12,未发现,,Machine; Learning-Powered; Encrypted; Network; Traffic; Analysis; Comprehensive; Survey
145,MMIEA: Multi-modal Interaction Entity Alignment model for knowledge graphs,2023,10.1016/j.inffus.2023.101935,paper/10.1016_j.inffus.2023.101935.pdf,图学习、知识图谱与威胁情报,,多模态、多视图与特征融合; 图神经网络与关系建模; 轻量化、实时与高性能部署; 表征学习、预训练与Transformer,多源异构数据融合与上下文建模; 高速流量实时检测与资源约束; 边缘、IoT、车联网与工业场景约束,弱相关,4,未发现,,MMIEA; Multi-modal; Interaction; Entity; Alignment; knowledge graph
146,MTC: A Multi-Task Model for Encrypted Network Traffic Classification Based on Transformer and 1D-CNN,2023,10.32604/iasc.2023.036701,paper/10.32604_iasc.2023.036701.pdf,加密流量分类与应用识别,其他AI安全与跨域异常检测,表征学习、预训练与Transformer; 数据集、基准、工具与系统化评测,加密与隐私保护造成可观测特征缺失,强相关,13,未发现,,MTC; Multi-Task; Model; Encrypted; Network; Traffic; Classification; Based
147,Point Cloud Analysis for ML-Based Malicious Traffic Detection: Reducing Majorities of False Positive Alarms,2023,10.1145/3576915.3616631,paper/10.1145_3576915.3616631.pdf,恶意流量、暗网与攻击检测,时序、日志、KPI 与云原生异常检测,应用场景与系统化验证,开放世界未知攻击与误报控制,强相关,10,未发现,,Point; Cloud; Analysis; ML-Based; Malicious; Traffic; Detection; Reducing
148,Privacy-Preserving Asynchronous Federated Learning Framework in Distributed IoT,2023,10.1109/jiot.2023.3262546,paper/10.1109_jiot.2023.3262546.pdf,联邦学习、隐私保护与分布式协同,IoT、车联网、工业互联网与边缘安全,联邦学习、隐私保护与协同训练; 数据集、基准、工具与系统化评测; 轻量化、实时与高性能部署; 鲁棒性、对抗防御与可信检测,加密与隐私保护造成可观测特征缺失; 边缘、IoT、车联网与工业场景约束; 高速流量实时检测与资源约束,中相关,6,未发现,,Privacy-Preserving; Asynchronous; Federated; Learning; Framework; Distributed; IoT; NTRODUCTION
149,Robust Anomaly-Based Insider Threat Detection Using Graph Neural Network,2022,10.1109/tnsm.2022.3222635,paper/10.1109_TNSM.2022.3222635.pdf,图学习、知识图谱与威胁情报,恶意流量、暗网与攻击检测; 其他AI安全与跨域异常检测,图神经网络与关系建模; 鲁棒性、对抗防御与可信检测,多源异构数据融合与上下文建模; 对抗规避、污染与鲁棒性,强相关,10,未发现,,Robust; Anomaly-Based; Insider; Threat; Detection; Using; Graph; Neural
150,Rosetta: Enabling Robust TLS Encrypted Traffic Classification in Diverse Network Environments with TCP-Aware Traffic Augmentation,2023,10.1145/3603165.3607437,paper/10.1145_3603165.3607437.pdf,加密流量分类与应用识别,其他AI安全与跨域异常检测,鲁棒性、对抗防御与可信检测,加密与隐私保护造成可观测特征缺失; 对抗规避、污染与鲁棒性,强相关,16,已下载,Rosetta -> source\Rosetta,Rosetta; Enabling; Robust; TLS; Encrypted; Traffic; Classification; Diverse
151,Task Allocation Under Geo-Indistinguishability via Group-Based Noise Addition,2022,10.1109/tbdata.2022.3215467,paper/10.1109_tbdata.2022.3215467.pdf,数据集、基准、综述与开源工具,,应用场景与系统化验证,开放世界未知攻击与误报控制,弱相关,0,未发现,,Task; Allocation; Under; Geo-Indistinguishability; Group-Based; Noise; Addition; Locations
152,TFE-GNN: A Temporal Fusion Encoder Using Graph Neural Networks for Fine-grained Encrypted Traffic Classification,2023,10.1145/3543507.3583227,paper/10.1145_3543507.3583227.pdf,加密流量分类与应用识别,图学习、知识图谱与威胁情报; 时序、日志、KPI 与云原生异常检测,图神经网络与关系建模; 多模态、多视图与特征融合,多源异构数据融合与上下文建模; 加密与隐私保护造成可观测特征缺失,强相关,14,已下载,ViktorAxelsen/TFE-GNN -> source\TFE-GNN,TFE-GNN; Temporal; Fusion; Encoder; Using; Graph; Neural; Networks
153,TGPrint: Attack fingerprint classification on encrypted network traffic based graph convolution attention networks,2023,10.1016/j.cose.2023.103466,paper/10.1016_j.cose.2023.103466.pdf,图学习、知识图谱与威胁情报,其他AI安全与跨域异常检测; 恶意流量、暗网与攻击检测,表征学习、预训练与Transformer,加密与隐私保护造成可观测特征缺失; 多源异构数据融合与上下文建模,强相关,11,未发现,,TGPrint; Attack
154,Yet Another Traffic Classifier: A Masked Autoencoder Based Traffic Transformer with Multi-Level Flow Representation,2023,10.1609/aaai.v37i4.25674,paper/10.1609_aaai.v37i4.25674.pdf,其他AI安全与跨域异常检测,加密流量分类与应用识别,表征学习、预训练与Transformer,开放世界未知攻击与误报控制,中相关,6,已下载,YaTC -> source\YaTC,Yet; Another; Traffic; Classifier; Masked; Autoencoder; Based; Transformer
155,6G-Enabled Consumer Electronics Device Intrusion Detection With Federated Meta-Learning and Digital Twins in a Meta-Verse Environment,2023,10.1109/tce.2023.3321846,paper/10.1109_TCE.2023.3321846.pdf,入侵检测与网络异常检测,IoT、车联网、工业互联网与边缘安全; 联邦学习、隐私保护与分布式协同,联邦学习、隐私保护与协同训练; 数据集、基准、工具与系统化评测,加密与隐私保护造成可观测特征缺失,强相关,12,未发现,,Enabled; Consumer; Electronics; Device; Intrusion; Detection; Federated; Meta-Learning
156,A Discrepancy Aware Framework for Robust Anomaly Detection,2023,10.1109/tii.2023.3318302,paper/10.1109_TII.2023.3318302.pdf,入侵检测与网络异常检测,其他AI安全与跨域异常检测,鲁棒性、对抗防御与可信检测; 数据集、基准、工具与系统化评测,对抗规避、污染与鲁棒性,中相关,8,已下载,DAF -> source\DAF,Discrepancy; Aware; Framework; Robust; Anomaly; Detection
157,A Few-Shot Class-Incremental Learning Method for Network Intrusion Detection,2023,10.1109/tnsm.2023.3332284,paper/10.1109_TNSM.2023.3332284.pdf,入侵检测与网络异常检测,,自监督、对比学习与少样本学习; 在线、增量、开放集与概念漂移; 表征学习、预训练与Transformer,标签稀缺、类别不平衡与长尾攻击,强相关,14,未发现,,Few-Shot; Class-Incremental; Learning; Method; Network; Intrusion; Detection; These
158,A Lightweight Pipeline Edge Detection Model Based on Heterogeneous Knowledge Distillation,2024,10.1109/tcsii.2024.3439361,paper/10.1109_TCSII.2024.3439361.pdf,IoT、车联网、工业互联网与边缘安全,,轻量化、实时与高性能部署; 表征学习、预训练与Transformer,高速流量实时检测与资源约束; 多源异构数据融合与上下文建模; 边缘、IoT、车联网与工业场景约束,中相关,6,未发现,,Lightweight; Pipeline; Edge; Detection; Model; Based; Heterogeneous; Knowledge
159,A Multihead Attention Self-Supervised Representation Model for Industrial Sensors Anomaly Detection,2023,10.1109/tii.2023.3280337,paper/10.1109_TII.2023.3280337.pdf,其他AI安全与跨域异常检测,入侵检测与网络异常检测; IoT、车联网、工业互联网与边缘安全,表征学习、预训练与Transformer; 自监督、对比学习与少样本学习,边缘、IoT、车联网与工业场景约束,弱相关,2,未发现,,Multihead; Attention; Self-Supervised; Representation; Model; Industrial; Sensors; Anomaly
160,A Preference-Driven Malicious Platform Detection Mechanism for Users in Mobile Crowdsensing,2024,10.1109/tifs.2024.3352412,paper/10.1109_TIFS.2024.3352412.pdf,恶意流量、暗网与攻击检测,,数据集、基准、工具与系统化评测,边缘、IoT、车联网与工业场景约束,强相关,11,未发现,,Preference-Driven; Malicious; Platform; Detection; Mechanism; Users; Mobile; Crowdsensing
161,A Privacy-Preserving Framework for Efficient Network Intrusion Detection in Consumer Network Using Quantum Federated Learning,2024,10.1109/tce.2024.3458985,paper/10.1109_TCE.2024.3458985.pdf,入侵检测与网络异常检测,联邦学习、隐私保护与分布式协同,联邦学习、隐私保护与协同训练; 轻量化、实时与高性能部署; 数据集、基准、工具与系统化评测,高速流量实时检测与资源约束; 加密与隐私保护造成可观测特征缺失,强相关,14,未发现,,Privacy-Preserving; Framework; Efficient; Network; Intrusion; Detection; Consumer; Using
162,A Survey of Graph-Based Deep Learning for Anomaly Detection in Distributed Systems,2023,10.1109/tkde.2023.3282898,paper/10.1109_TKDE.2023.3282898.pdf,数据集、基准、综述与开源工具,其他AI安全与跨域异常检测; 入侵检测与网络异常检测,数据集、基准、工具与系统化评测; 联邦学习、隐私保护与协同训练,多源异构数据融合与上下文建模; 数据集代表性、标准化评测与可复现,弱相关,2,未发现,,Survey; Graph-Based; Deep; Learning; Anomaly; Detection; Distributed; Systems
163,"A Survey on Graph Neural Networks for Time Series: Forecasting, Classification, Imputation, and Anomaly Detection",2024,10.1109/tpami.2024.3443141,paper/10.1109_TPAMI.2024.3443141.pdf,数据集、基准、综述与开源工具,图学习、知识图谱与威胁情报; 其他AI安全与跨域异常检测,数据集、基准、工具与系统化评测; 图神经网络与关系建模,多源异构数据融合与上下文建模; 数据集代表性、标准化评测与可复现,中相关,5,未发现,,Survey; Graph; Neural; Networks; Time; Series; Forecasting; Classification
164,A Survey on Time-Series Pre-Trained Models,2024,10.1109/tkde.2024.3475809,paper/10.1109_TKDE.2024.3475809.pdf,数据集、基准、综述与开源工具,其他AI安全与跨域异常检测,数据集、基准、工具与系统化评测; 表征学习、预训练与Transformer; 自监督、对比学习与少样本学习,数据集代表性、标准化评测与可复现; 标签稀缺、类别不平衡与长尾攻击,弱相关,0,未发现,,Survey; Time-Series; Pre-Trained; Models; Mining; TSM; Deep; Then
165,A Temporal Convolutional Network-Based Approach for Network Intrusion Detection,2024,10.1109/iciics63763.2024.10860234,paper/10.1109_iciics63763.2024.10860234.pdf,入侵检测与网络异常检测,时序、日志、KPI 与云原生异常检测,轻量化、实时与高性能部署; 数据集、基准、工具与系统化评测,高速流量实时检测与资源约束; 边缘、IoT、车联网与工业场景约束,强相关,16,未发现,,Temporal; Convolutional; Network-Based; Approach; Network; Intrusion; Detection; Neighbors
166,Abnormal Logical Representation Learning for Intrusion Detection in Industrial Control Systems,2024,10.1109/tii.2024.3396348,paper/10.1109_TII.2024.3396348.pdf,入侵检测与网络异常检测,,表征学习、预训练与Transformer; 数据集、基准、工具与系统化评测; 轻量化、实时与高性能部署,边缘、IoT、车联网与工业场景约束; 高速流量实时检测与资源约束,强相关,12,未发现,,Abnormal; Logical; Representation; Learning; Intrusion; Detection; Industrial; Control
167,Adaptive Context-Aware Distillation for Industrial Image Anomaly Detection,2023,10.1109/tim.2023.3336758,paper/10.1109_TIM.2023.3336758.pdf,多媒体、医学、遥感与视频异常检测,其他AI安全与跨域异常检测; 入侵检测与网络异常检测,表征学习、预训练与Transformer,边缘、IoT、车联网与工业场景约束; 多源异构数据融合与上下文建模; 域迁移、概念漂移与真实网络分布变化,弱相关,3,未发现,,Adaptive; Context-Aware; Distillation; Industrial; Image; Anomaly; Detection; Recently
168,Adaptive Working Condition Recognition With Clustering-Based Contrastive Learning for Unsupervised Anomaly Detection,2024,10.1109/tii.2024.3413952,paper/10.1109_TII.2024.3413952.pdf,其他AI安全与跨域异常检测,入侵检测与网络异常检测,自监督、对比学习与少样本学习; 数据集、基准、工具与系统化评测,边缘、IoT、车联网与工业场景约束,弱相关,3,未发现,,Adaptive; Working; Condition; Recognition; Clustering-Based; Contrastive; Learning; Unsupervised
169,Advancing Security and Trust in WSNs: A Federated Multi-Agent Deep Reinforcement Learning Approach,2024,10.1109/tce.2024.3440178,paper/10.1109_TCE.2024.3440178.pdf,联邦学习、隐私保护与分布式协同,IoT、车联网、工业互联网与边缘安全,联邦学习、隐私保护与协同训练; 鲁棒性、对抗防御与可信检测; 轻量化、实时与高性能部署; 数据集、基准、工具与系统化评测,模型可解释、可信与可审计; 加密与隐私保护造成可观测特征缺失; 边缘、IoT、车联网与工业场景约束; 高速流量实时检测与资源约束,中相关,9,未发现,,Advancing; Security; Trust; WSNs; Federated; Multi-Agent; Deep; Reinforcement
170,Adversarial Graph Neural Network for Multivariate Time Series Anomaly Detection,2024,10.1109/tkde.2024.3419891,paper/10.1109_TKDE.2024.3419891.pdf,时序、日志、KPI 与云原生异常检测,图学习、知识图谱与威胁情报; 其他AI安全与跨域异常检测,图神经网络与关系建模; 鲁棒性、对抗防御与可信检测; 生成式增强、GAN与扩散模型,多源异构数据融合与上下文建模; 对抗规避、污染与鲁棒性; 高速流量实时检测与资源约束; 边缘、IoT、车联网与工业场景约束,强相关,10,未发现,,Adversarial; Graph; Neural; Network; Multivariate; Time; Series; Anomaly
171,An Adaptability-Enhanced Few-Shot Website Fingerprinting Attack Based on Collusion,2024,10.1109/tifs.2024.3433586,paper/10.1109_TIFS.2024.3433586.pdf,加密流量分类与应用识别,恶意流量、暗网与攻击检测,自监督、对比学习与少样本学习; 数据集、基准、工具与系统化评测; 表征学习、预训练与Transformer,加密与隐私保护造成可观测特征缺失; 标签稀缺、类别不平衡与长尾攻击; 域迁移、概念漂移与真实网络分布变化,强相关,11,未发现,,Adaptability-Enhanced; Few-Shot; Website; Fingerprinting; Attack; Based; Collusion; FSWF
172,An Anomaly-Free Representation Learning Approach for Efficient Railway Foreign Object Detection,2024,10.1109/tii.2024.3413965,paper/10.1109_TII.2024.3413965.pdf,其他AI安全与跨域异常检测,多媒体、医学、遥感与视频异常检测,表征学习、预训练与Transformer; 轻量化、实时与高性能部署,高速流量实时检测与资源约束; 开放世界未知攻击与误报控制,弱相关,3,未发现,,Anomaly-Free; Representation; Learning; Approach; Efficient; Railway; Foreign; Object
173,An Autoencoder-Based Hybrid Detection Model for Intrusion Detection With Small-Sample Problem,2023,10.1109/tnsm.2023.3334028,paper/10.1109_TNSM.2023.3334028.pdf,入侵检测与网络异常检测,其他AI安全与跨域异常检测,数据集、基准、工具与系统化评测; 轻量化、实时与高性能部署,标签稀缺、类别不平衡与长尾攻击; 高速流量实时检测与资源约束; 边缘、IoT、车联网与工业场景约束,强相关,15,未发现,,Autoencoder-Based; Hybrid; Detection; Model; Intrusion; Small-Sample; Problem; Cyber-attacks
174,An encrypted traffic identification method based on multi-scale feature fusion,2024,10.1016/j.array.2024.100338,paper/10.1016_j.array.2024.100338.pdf,加密流量分类与应用识别,,多模态、多视图与特征融合,加密与隐私保护造成可观测特征缺失; 多源异构数据融合与上下文建模,强相关,10,未发现,,
175,Anomaly Detection for In-Vehicle Network Using Self-Supervised Learning With Vehicle-Cloud Collaboration Update,2024,10.1109/tits.2024.3351438,paper/10.1109_TITS.2024.3351438.pdf,入侵检测与网络异常检测,其他AI安全与跨域异常检测; IoT、车联网、工业互联网与边缘安全,自监督、对比学习与少样本学习; 数据集、基准、工具与系统化评测,边缘、IoT、车联网与工业场景约束,强相关,11,未发现,,Anomaly; Detection; In-Vehicle; Network; Using; Self-Supervised; Learning; Vehicle-Cloud
176,ARISE: Graph Anomaly Detection on Attributed Networks via Substructure Awareness,2023,10.1109/tnnls.2023.3312655,paper/10.1109_TNNLS.2023.3312655.pdf,入侵检测与网络异常检测,图学习、知识图谱与威胁情报; 其他AI安全与跨域异常检测,表征学习、预训练与Transformer; 图神经网络与关系建模; 数据集、基准、工具与系统化评测,多源异构数据融合与上下文建模,强相关,12,已下载,FelixDJC/ARISE -> source\FelixDJC_ARISE,ARISE; Graph; Anomaly; Detection; Attributed; Networks; Substructure; Awareness
177,Artificial Intelligence-Based Zero Trust Security Approach for Consumer Industry,2024,10.1109/tce.2024.3412772,paper/10.1109_tce.2024.3412772.pdf,联邦学习、隐私保护与分布式协同,,联邦学习、隐私保护与协同训练; 鲁棒性、对抗防御与可信检测,模型可解释、可信与可审计,弱相关,3,未发现,,Artificial; Intelligence-Based; Zero; Trust; Security; Approach; Consumer; Industry
178,Asymptotic Consistent Graph Structure Learning for Multivariate Time-Series Anomaly Detection,2024,10.1109/tim.2024.3369159,paper/10.1109_TIM.2024.3369159.pdf,图学习、知识图谱与威胁情报,时序、日志、KPI 与云原生异常检测; 其他AI安全与跨域异常检测,数据集、基准、工具与系统化评测; 图神经网络与关系建模,多源异构数据融合与上下文建模,中相关,9,未发现,,Asymptotic; Consistent; Graph; Structure; Learning; Multivariate; Time-Series; Anomaly
179,ATVITSC: A Novel Encrypted Traffic Classification Method Based on Deep Learning,2024,10.1109/tifs.2024.3433446,paper/10.1109_TIFS.2024.3433446.pdf,加密流量分类与应用识别,其他AI安全与跨域异常检测,表征学习、预训练与Transformer,加密与隐私保护造成可观测特征缺失,强相关,13,未发现,,ATVITSC; Novel; Encrypted; Traffic; Classification; Method; Based; Deep
180,Auto-Updating Intrusion Detection System for Vehicular Network: A Deep Learning Approach Based on Cloud-Edge-Vehicle Collaboration,2024,10.1109/tvt.2024.3399219,paper/10.1109_TVT.2024.3399219.pdf,入侵检测与网络异常检测,IoT、车联网、工业互联网与边缘安全; 时序、日志、KPI 与云原生异常检测,在线、增量、开放集与概念漂移; 数据集、基准、工具与系统化评测; 轻量化、实时与高性能部署,边缘、IoT、车联网与工业场景约束; 高速流量实时检测与资源约束; 开放世界未知攻击与误报控制,强相关,13,未发现,,Auto-Updating; Intrusion; Detection; System; Vehicular; Network; Deep; Learning
181,Automatic Evasion of Machine Learning-Based Network Intrusion Detection Systems,2023,10.1109/tdsc.2023.3247585,paper/10.1109_TDSC.2023.3247585.pdf,入侵检测与网络异常检测,其他AI安全与跨域异常检测,鲁棒性、对抗防御与可信检测; 数据集、基准、工具与系统化评测,对抗规避、污染与鲁棒性,强相关,14,未发现,,Automatic; Evasion; Machine; Learning-Based; Network; Intrusion; Detection; Systems
182,AutoML4ETC: Automated Neural Architecture Search for Real-World Encrypted Traffic Classification,2023,10.1109/tnsm.2023.3324936,paper/10.1109_TNSM.2023.3324936.pdf,加密流量分类与应用识别,其他AI安全与跨域异常检测,数据集、基准、工具与系统化评测,加密与隐私保护造成可观测特征缺失; 域迁移、概念漂移与真实网络分布变化; 数据集代表性、标准化评测与可复现,强相关,16,已下载,AutoML4ETC -> source\AutoML4ETC,AutoML4ETC; Automated; Neural; Architecture; Search; Real-World; Encrypted; Traffic
183,Blockchain-Enabled Federated Learning for Enhanced Collaborative Intrusion Detection in Vehicular Edge Computing,2024,10.1109/tits.2024.3351699,paper/10.1109_TITS.2024.3351699.pdf,联邦学习、隐私保护与分布式协同,入侵检测与网络异常检测; IoT、车联网、工业互联网与边缘安全,联邦学习、隐私保护与协同训练; 轻量化、实时与高性能部署; 数据集、基准、工具与系统化评测,边缘、IoT、车联网与工业场景约束; 高速流量实时检测与资源约束,强相关,12,未发现,,Blockchain-Enabled; Federated; Learning; Enhanced; Collaborative; Intrusion; Detection; Vehicular
184,BSTFNet: An Encrypted Malicious Traffic Classification Method Integrating Global Semantic and Spatiotemporal Features,2024,10.32604/cmc.2024.047918,paper/10.32604_cmc.2024.047918.pdf,加密流量分类与应用识别,其他AI安全与跨域异常检测; 恶意流量、暗网与攻击检测,表征学习、预训练与Transformer; 多模态、多视图与特征融合,加密与隐私保护造成可观测特征缺失; 边缘、IoT、车联网与工业场景约束; 多源异构数据融合与上下文建模,强相关,14,未发现,,BSTFNet; Encrypted; Malicious; Traffic; Classification; Method; Integrating; Global
185,CaCo: Attributed Network Anomaly Detection via Canonical Correlation Analysis,2023,10.1109/tii.2023.3266406,paper/10.1109_TII.2023.3266406.pdf,入侵检测与网络异常检测,其他AI安全与跨域异常检测,表征学习、预训练与Transformer,开放世界未知攻击与误报控制,强相关,10,未发现,,CaCo; Attributed; Network; Anomaly; Detection; Canonical; Correlation; Analysis
186,Cactus: Obfuscating Bidirectional Encrypted TCP Traffic at Client Side,2024,10.1109/tifs.2024.3442530,paper/10.1109_TIFS.2024.3442530.pdf,加密流量分类与应用识别,,应用场景与系统化验证,加密与隐私保护造成可观测特征缺失,强相关,13,未发现,,Cactus; Obfuscating; Bidirectional; Encrypted; TCP; Traffic; Client; Side
187,Calibrated One-Class Classification for Unsupervised Time Series Anomaly Detection,2024,10.1109/tkde.2024.3393996,paper/10.1109_TKDE.2024.3393996.pdf,其他AI安全与跨域异常检测,入侵检测与网络异常检测; 时序、日志、KPI 与云原生异常检测,应用场景与系统化验证,开放世界未知攻击与误报控制,弱相关,2,未发现,,Calibrated; One-Class; Classification; Unsupervised; Time; Series; Anomaly; Detection
188,Classify Traffic Rather Than Flow: Versatile Multi-Flow Encrypted Traffic Classification With Flow Clustering,2023,10.1109/tnsm.2023.3322861,paper/10.1109_TNSM.2023.3322861.pdf,加密流量分类与应用识别,其他AI安全与跨域异常检测; 基础理论、密码协议与安全机制,应用场景与系统化验证,加密与隐私保护造成可观测特征缺失,强相关,14,未发现,,Classify; Traffic; Rather; Than; Flow; Versatile; Multi-Flow; Encrypted
189,Classifying Tor Traffic Encrypted Payload Using Machine Learning,2024,10.1109/access.2024.3356073,paper/10.1109_access.2024.3356073.pdf,加密流量分类与应用识别,其他AI安全与跨域异常检测,应用场景与系统化验证,加密与隐私保护造成可观测特征缺失,强相关,17,未发现,,Classifying; Tor; Traffic; Encrypted; Payload; Using; Machine; Learning
190,Clients Eligibility-Based Lightweight Protocol in Federated Learning: An IDS Use Case,2024,10.1109/tnsm.2024.3398213,paper/10.1109_TNSM.2024.3398213.pdf,联邦学习、隐私保护与分布式协同,基础理论、密码协议与安全机制; 入侵检测与网络异常检测,轻量化、实时与高性能部署; 联邦学习、隐私保护与协同训练,高速流量实时检测与资源约束,中相关,9,未发现,,Clients; Eligibility-Based; Lightweight; Protocol; Federated; Learning; IDS; Use
191,Cluster and Conquer: Malicious Traffic Classification at the Edge,2023,10.1109/tnsm.2023.3342716,paper/10.1109_TNSM.2023.3342716.pdf,加密流量分类与应用识别,其他AI安全与跨域异常检测; 恶意流量、暗网与攻击检测,轻量化、实时与高性能部署; 在线、增量、开放集与概念漂移; 鲁棒性、对抗防御与可信检测,高速流量实时检测与资源约束; 边缘、IoT、车联网与工业场景约束; 对抗规避、污染与鲁棒性,强相关,16,未发现,,Cluster; Conquer; Malicious; Traffic; Classification; Edge; IoT; NIDSs
192,Combine intra- and inter-flow: A multimodal encrypted traffic classification model driven by diverse features,2024,10.1016/j.comnet.2024.110403,paper/10.1016_j.comnet.2024.110403.pdf,加密流量分类与应用识别,其他AI安全与跨域异常检测,多模态、多视图与特征融合,加密与隐私保护造成可观测特征缺失,强相关,12,未发现,,Combine
193,CoMDet: A Contrastive Multimodal Pre-Training Approach to Encrypted Malicious Traffic Detection,2024,10.1109/compsac61105.2024.00151,paper/10.1109_compsac61105.2024.00151.pdf,其他AI安全与跨域异常检测,恶意流量、暗网与攻击检测,表征学习、预训练与Transformer; 多模态、多视图与特征融合; 自监督、对比学习与少样本学习,加密与隐私保护造成可观测特征缺失,中相关,7,未发现,,CoMDet; Contrastive; Multimodal; Pre-Training; Approach; Encrypted; Malicious; Traffic
194,Constraining Adversarial Attacks on Network Intrusion Detection Systems: Transferability and Defense Analysis,2024,10.1109/tnsm.2024.3357316,paper/10.1109_TNSM.2024.3357316.pdf,入侵检测与网络异常检测,恶意流量、暗网与攻击检测,鲁棒性、对抗防御与可信检测; 数据集、基准、工具与系统化评测,对抗规避、污染与鲁棒性; 域迁移、概念漂移与真实网络分布变化,强相关,17,未发现,,Constraining; Adversarial; Attacks; Network; Intrusion; Detection; Systems; Transferability
195,Continuous Select-and-Prune Incremental Learning for Encrypted Traffic Classification in Distributed SDN Networks,2024,10.1109/lcn60385.2024.10639717,paper/10.1109_lcn60385.2024.10639717.pdf,加密流量分类与应用识别,其他AI安全与跨域异常检测; 联邦学习、隐私保护与分布式协同,联邦学习、隐私保护与协同训练; 在线、增量、开放集与概念漂移,加密与隐私保护造成可观测特征缺失,强相关,15,未发现,,Continuous; Select-and-Prune; Incremental; Learning; Encrypted; Traffic; Classification; Distributed
196,Contrasting Estimation of Pattern Prototypes for Anomaly Detection in Urban Crowd Flow,2024,10.1109/tits.2024.3355143,paper/10.1109_TITS.2024.3355143.pdf,入侵检测与网络异常检测,其他AI安全与跨域异常检测; 加密流量分类与应用识别,可解释性、规则抽取与因果分析; 数据集、基准、工具与系统化评测,模型可解释、可信与可审计; 数据集代表性、标准化评测与可复现,强相关,11,已下载,ProtoDetect -> source\ProtoDetect,Contrasting; Estimation; Pattern; Prototypes; Anomaly; Detection; Urban; Crowd
197,Contrastive Time-Series Anomaly Detection,2023,10.1109/tkde.2023.3335317,paper/10.1109_TKDE.2023.3335317.pdf,其他AI安全与跨域异常检测,入侵检测与网络异常检测,自监督、对比学习与少样本学习; 表征学习、预训练与Transformer; 轻量化、实时与高性能部署,域迁移、概念漂移与真实网络分布变化; 高速流量实时检测与资源约束,弱相关,3,未发现,,Contrastive; Time-Series; Anomaly; Detection; Advances; Moreover; Additi; contrastive learning
198,"CoopGBFS: A Federated Learning and Game-Theoretic-Based Approach for Personalized Security, Recommendation in 5G Beyond IoT Environments for Consumer Electronics",2023,10.1109/tce.2023.3305508,paper/10.1109_TCE.2023.3305508.pdf,IoT、车联网、工业互联网与边缘安全,联邦学习、隐私保护与分布式协同,联邦学习、隐私保护与协同训练; 数据集、基准、工具与系统化评测,边缘、IoT、车联网与工业场景约束,中相关,8,未发现,,CoopGBFS; Federated; Learning; Game-Theoretic-Based; Approach; Personalized; Security; Recommendation
199,Correlation-Aware Spatial–Temporal Graph Learning for Multivariate Time-Series Anomaly Detection,2023,10.1109/tnnls.2023.3325667,paper/10.1109_TNNLS.2023.3325667.pdf,时序、日志、KPI 与云原生异常检测,图学习、知识图谱与威胁情报; 入侵检测与网络异常检测,图神经网络与关系建模,多源异构数据融合与上下文建模,中相关,9,未发现,,Correlation-Aware; Spatial; Temporal; Graph; Learning; Multivariate; Time-Series; Anomaly
200,Counterfactual Data Augmentation With Denoising Diffusion for Graph Anomaly Detection,2024,10.1109/tcss.2024.3403503,paper/10.1109_TCSS.2024.3403503.pdf,图学习、知识图谱与威胁情报,入侵检测与网络异常检测; 其他AI安全与跨域异常检测,生成式增强、GAN与扩散模型; 多模态、多视图与特征融合; 可解释性、规则抽取与因果分析; 表征学习、预训练与Transformer,多源异构数据融合与上下文建模; 模型可解释、可信与可审计,中相关,7,已下载,CAGAD -> source\CAGAD,Counterfactual; Data; Augmentation; Denoising; Diffusion; Graph; Anomaly; Detection
201,Coupled Attention Networks for Multivariate Time Series Anomaly Detection,2023,10.1109/tetc.2023.3280577,paper/10.1109_TETC.2023.3280577.pdf,时序、日志、KPI 与云原生异常检测,其他AI安全与跨域异常检测; 入侵检测与网络异常检测,表征学习、预训练与Transformer; 图神经网络与关系建模,开放世界未知攻击与误报控制,中相关,8,未发现,,Coupled; Attention; Networks; Multivariate; Time; Series; Anomaly; Detection
202,Credible Link Flooding Attack Detection and Mitigation: A Blockchain-Based Approach,2024,10.1109/tnsm.2024.3357660,paper/10.1109_TNSM.2024.3357660.pdf,恶意流量、暗网与攻击检测,联邦学习、隐私保护与分布式协同,联邦学习、隐私保护与协同训练; 在线、增量、开放集与概念漂移; 鲁棒性、对抗防御与可信检测,开放世界未知攻击与误报控制,强相关,13,未发现,,Credible; Link; Flooding; Attack; Detection; Mitigation; Blockchain-Based; Approach
203,Curved Geometric Networks for Visual Anomaly Recognition,2023,10.1109/tnnls.2023.3309846,paper/10.1109_TNNLS.2023.3309846.pdf,多媒体、医学、遥感与视频异常检测,其他AI安全与跨域异常检测,在线、增量、开放集与概念漂移; 表征学习、预训练与Transformer,域迁移、概念漂移与真实网络分布变化,弱相关,2,未发现,,Curved; Geometric; Networks; Visual; Anomaly; Recognition
204,DE-GNN: Dual embedding with graph neural network for fine-grained encrypted traffic classification,2024,10.1016/j.comnet.2024.110372,paper/10.1016_j.comnet.2024.110372.pdf,加密流量分类与应用识别,图学习、知识图谱与威胁情报; 其他AI安全与跨域异常检测,图神经网络与关系建模; 表征学习、预训练与Transformer,加密与隐私保护造成可观测特征缺失; 多源异构数据融合与上下文建模,强相关,13,未发现,,DE-GNN; Dual; GNN
205,Deep Contrastive Representation Learning With Self-Distillation,2023,10.1109/tetci.2023.3304948,paper/10.1109_TETCI.2023.3304948.pdf,其他AI安全与跨域异常检测,,自监督、对比学习与少样本学习; 表征学习、预训练与Transformer,开放世界未知攻击与误报控制,弱相关,1,未发现,,Deep; Contrastive; Representation; Learning; Self-Distillation; Recently; Low-level; contrastive learning
206,Detecting Cloud Anomaly via Broad Network-Based Contrastive Autoencoder,2024,10.1109/tnsm.2024.3353772,paper/10.1109_tnsm.2024.3353772.pdf,其他AI安全与跨域异常检测,时序、日志、KPI 与云原生异常检测,自监督、对比学习与少样本学习; 数据集、基准、工具与系统化评测,数据集代表性、标准化评测与可复现,弱相关,4,候选不可访问,BroadCAE,Detecting; Cloud; Anomaly; Broad; Network-Based; Contrastive; Autoencoder; Although
207,Detecting Intentional AIS Shutdown in Open Sea Maritime Surveillance Using Self-Supervised Deep Learning,2023,10.1109/tits.2023.3322690,paper/10.1109_TITS.2023.3322690.pdf,其他AI安全与跨域异常检测,多媒体、医学、遥感与视频异常检测,自监督、对比学习与少样本学习,开放世界未知攻击与误报控制,弱相关,3,未发现,,Detecting; Intentional; AIS; Shutdown; Open; Sea; Maritime; Surveillance
208,Distinguishing Tor From Other Encrypted Network Traffic Through Character Analysis,2024,10.18420/cdm-2024-37-14,paper/10.18420_cdm-2024-37-14.pdf,加密流量分类与应用识别,,应用场景与系统化验证,加密与隐私保护造成可观测特征缺失,强相关,16,未发现,,Distinguishing; Tor; From; Other; Encrypted; Network; Traffic; Through
209,DroneSSL: Self-Supervised Multimodal Anomaly Detection in Internet of Drone Things,2024,10.1109/tce.2024.3376440,paper/10.1109_TCE.2024.3376440.pdf,其他AI安全与跨域异常检测,IoT、车联网、工业互联网与边缘安全; 入侵检测与网络异常检测,多模态、多视图与特征融合; 自监督、对比学习与少样本学习; 轻量化、实时与高性能部署; 图神经网络与关系建模,边缘、IoT、车联网与工业场景约束; 高速流量实时检测与资源约束; 加密与隐私保护造成可观测特征缺失; 多源异构数据融合与上下文建模,中相关,6,未发现,,DroneSSL; Self-Supervised; Multimodal; Anomaly; Detection; Internet; Drone; Things
210,DualAttlog: Context aware dual attention networks for log-based anomaly detection,2024,10.1016/j.neunet.2024.106680,paper/10.1016_j.neunet.2024.106680.pdf,时序、日志、KPI 与云原生异常检测,入侵检测与网络异常检测; 其他AI安全与跨域异常检测,表征学习、预训练与Transformer,多源异构数据融合与上下文建模,中相关,7,未发现,,DualAttlog; Context
211,ECNet: Robust Malicious Network Traffic Detection With Multi-View Feature and Confidence Mechanism,2024,10.1109/tifs.2024.3426304,paper/10.1109_TIFS.2024.3426304.pdf,恶意流量、暗网与攻击检测,,多模态、多视图与特征融合; 鲁棒性、对抗防御与可信检测,多源异构数据融合与上下文建模; 对抗规避、污染与鲁棒性; 开放世界未知攻击与误报控制; 域迁移、概念漂移与真实网络分布变化,强相关,13,已下载,Shining20183/ECNet -> source\ECNet,ECNet; Robust; Malicious; Network; Traffic; Detection; Multi-View; Feature
212,Efficient Secure Inference Scheme in Multiparty Settings for Industrial Internet of Things,2024,10.1109/tii.2024.3413324,paper/10.1109_tii.2024.3413324.pdf,IoT、车联网、工业互联网与边缘安全,,轻量化、实时与高性能部署,边缘、IoT、车联网与工业场景约束; 高速流量实时检测与资源约束,中相关,5,未发现,,Efficient; Secure; Inference; Scheme; Multiparty; Settings; Industrial; Internet
213,Encoder-Decoder Contrast for Unsupervised Anomaly Detection in Medical Images,2023,10.1109/tmi.2023.3327720,paper/10.1109_TMI.2023.3327720.pdf,多媒体、医学、遥感与视频异常检测,其他AI安全与跨域异常检测; 入侵检测与网络异常检测,数据集、基准、工具与系统化评测,域迁移、概念漂移与真实网络分布变化,弱相关,3,已下载,EDC -> source\EDC,Encoder-Decoder; Contrast; Unsupervised; Anomaly; Detection; Medical; Images; UAD
214,Encrypted malicious traffic detection based on natural language processing and deep learning,2024,10.1016/j.comnet.2024.110598,paper/10.1016_j.comnet.2024.110598.pdf,恶意流量、暗网与攻击检测,其他AI安全与跨域异常检测,应用场景与系统化验证,加密与隐私保护造成可观测特征缺失,强相关,12,未发现,,Encrypted
215,Encrypted traffic classification based on contrastive learning with spatial-temporal feature fusion,2024,10.1117/12.3025808,paper/10.1117_12.3025808.pdf,加密流量分类与应用识别,其他AI安全与跨域异常检测; 时序、日志、KPI 与云原生异常检测,多模态、多视图与特征融合; 自监督、对比学习与少样本学习,加密与隐私保护造成可观测特征缺失; 多源异构数据融合与上下文建模,强相关,12,未发现,,Encrypted; While; How; Unlike; contrastive learning
216,Energy-Efficient Self-Supervised Technique to Identify Abnormal User Over 5G Network for E-Commerce,2024,10.1109/tce.2024.3355477,paper/10.1109_TCE.2024.3355477.pdf,其他AI安全与跨域异常检测,入侵检测与网络异常检测; IoT、车联网、工业互联网与边缘安全,自监督、对比学习与少样本学习; 轻量化、实时与高性能部署,高速流量实时检测与资源约束; 边缘、IoT、车联网与工业场景约束; 多源异构数据融合与上下文建模,弱相关,4,未发现,,Energy-Efficient; Self-Supervised; Technique; Identify; Abnormal; User; Over; Network
217,Enhanced Network Intrusion Detection System for Internet of Things Security Using Multimodal Big Data Representation with Transfer Learning and Game Theory,2024,10.3390/s24134152,paper/10.3390_s24134152.pdf,入侵检测与网络异常检测,IoT、车联网、工业互联网与边缘安全,表征学习、预训练与Transformer; 数据集、基准、工具与系统化评测; 多模态、多视图与特征融合; 轻量化、实时与高性能部署,域迁移、概念漂移与真实网络分布变化; 边缘、IoT、车联网与工业场景约束; 高速流量实时检测与资源约束,强相关,16,未发现,,Enhanced; Network; Intrusion; Detection; System; Internet; Things; Security
218,Enhanced Pseudo-Label Generation With Self-Supervised Training for Weakly- Supervised Semantic Segmentation,2024,10.1109/tcsvt.2024.3364764,paper/10.1109_TCSVT.2024.3364764.pdf,多媒体、医学、遥感与视频异常检测,其他AI安全与跨域异常检测,自监督、对比学习与少样本学习,标签稀缺、类别不平衡与长尾攻击,弱相关,0,未发现,,Enhanced; Pseudo-Label; Generation; Self-Supervised; Training; Weakly; Supervised; Semantic
219,Evaluating Federated Learning-Based Intrusion Detection Scheme for Next Generation Networks,2024,10.1109/tnsm.2024.3385385,paper/10.1109_TNSM.2024.3385385.pdf,入侵检测与网络异常检测,联邦学习、隐私保护与分布式协同; 其他AI安全与跨域异常检测,联邦学习、隐私保护与协同训练; 数据集、基准、工具与系统化评测,开放世界未知攻击与误报控制; 加密与隐私保护造成可观测特征缺失; 数据集代表性、标准化评测与可复现,强相关,15,未发现,,Evaluating; Federated; Learning-Based; Intrusion; Detection; Scheme; Next; Generation
220,Explosive Cyber Security Threats During COVID-19 Pandemic and a Novel Tree-Based Broad Learning System to Overcome,2022,10.1109/tits.2022.3160182,paper/10.1109_TITS.2022.3160182.pdf,恶意流量、暗网与攻击检测,,数据集、基准、工具与系统化评测,开放世界未知攻击与误报控制,强相关,10,未发现,,Explosive; Cyber; Security; Threats; During; COVID-19; Pandemic; Novel
221,Extensible Machine Learning for Encrypted Network Traffic Application Labeling via Uncertainty Quantification,2023,10.1109/tai.2023.3244168,paper/10.1109_TAI.2023.3244168.pdf,其他AI安全与跨域异常检测,,鲁棒性、对抗防御与可信检测; 表征学习、预训练与Transformer,加密与隐私保护造成可观测特征缺失; 标签稀缺、类别不平衡与长尾攻击; 域迁移、概念漂移与真实网络分布变化,中相关,6,未发现,,Extensible; Machine; Learning; Encrypted; Network; Traffic; Application; Labeling
222,Fast and Accurate Multi-Task Learning for Encrypted Network Traffic Classification,2024,10.3390/app14073073,paper/10.3390_app14073073.pdf,加密流量分类与应用识别,其他AI安全与跨域异常检测,轻量化、实时与高性能部署; 表征学习、预训练与Transformer,加密与隐私保护造成可观测特征缺失; 高速流量实时检测与资源约束,强相关,14,未发现,,Fast; Accurate; Multi-Task; Learning; Encrypted; Network; Traffic; Classification
223,Federated Deep Learning for Intrusion Detection in Consumer-Centric Internet of Things,2023,10.1109/tce.2023.3347170,paper/10.1109_TCE.2023.3347170.pdf,入侵检测与网络异常检测,IoT、车联网、工业互联网与边缘安全; 联邦学习、隐私保护与分布式协同,联邦学习、隐私保护与协同训练; 数据集、基准、工具与系统化评测,边缘、IoT、车联网与工业场景约束; 加密与隐私保护造成可观测特征缺失,强相关,12,未发现,,Federated; Deep; Learning; Intrusion; Detection; Consumer-Centric; Internet; Things
224,Federated Deep Reinforcement Learning for Efficient Jamming Attack Mitigation in O-RAN,2024,10.1109/tvt.2024.3359998,paper/10.1109_TVT.2024.3359998.pdf,恶意流量、暗网与攻击检测,联邦学习、隐私保护与分布式协同,联邦学习、隐私保护与协同训练; 轻量化、实时与高性能部署; 数据集、基准、工具与系统化评测,高速流量实时检测与资源约束,强相关,10,未发现,,Federated; Deep; Reinforcement; Learning; Efficient; Jamming; Attack; Mitigation
225,Federated Learning-Assisted Distributed Intrusion Detection Using Mesh Satellite Nets for Autonomous Vehicle Protection,2023,10.1109/tce.2023.3318727,paper/10.1109_TCE.2023.3318727.pdf,入侵检测与网络异常检测,联邦学习、隐私保护与分布式协同; IoT、车联网、工业互联网与边缘安全,联邦学习、隐私保护与协同训练; 数据集、基准、工具与系统化评测,边缘、IoT、车联网与工业场景约束,强相关,11,未发现,,Federated; Learning-Assisted; Distributed; Intrusion; Detection; Using; Mesh; Satellite
226,Federated Learning-Based Personalized Recommendation Systems: An Overview on Security and Privacy Challenges,2023,10.1109/tce.2023.3318754,paper/10.1109_TCE.2023.3318754.pdf,联邦学习、隐私保护与分布式协同,,数据集、基准、工具与系统化评测; 联邦学习、隐私保护与协同训练; 轻量化、实时与高性能部署,加密与隐私保护造成可观测特征缺失; 高速流量实时检测与资源约束; 数据集代表性、标准化评测与可复现,弱相关,4,未发现,,Federated; Learning-Based; Personalized; Recommendation; Systems; Overview; Security; Privacy
227,FedETC: Encrypted traffic classification based on federated learning,2024,10.1016/j.heliyon.2024.e35962,paper/10.1016_j.heliyon.2024.e35962.pdf,加密流量分类与应用识别,联邦学习、隐私保护与分布式协同; 其他AI安全与跨域异常检测,联邦学习、隐私保护与协同训练,加密与隐私保护造成可观测特征缺失,强相关,10,未发现,,FedETC; Encrypted; federated learning
228,FedPot: A Quality-Aware Collaborative and Incentivized Honeypot-Based Detector for Smart Grid Networks,2024,10.1109/tnsm.2024.3387710,paper/10.1109_TNSM.2024.3387710.pdf,联邦学习、隐私保护与分布式协同,IoT、车联网、工业互联网与边缘安全,联邦学习、隐私保护与协同训练,边缘、IoT、车联网与工业场景约束; 加密与隐私保护造成可观测特征缺失,中相关,8,未发现,,FedPot; Quality-Aware; Collaborative; Incentivized; Honeypot-Based; Detector; Smart; Grid
229,FRHIDS: Federated Learning Recommender Hybrid Intrusion Detection System Model in Software-Defined Networking for Consumer Devices,2023,10.1109/tce.2023.3329151,paper/10.1109_TCE.2023.3329151.pdf,入侵检测与网络异常检测,联邦学习、隐私保护与分布式协同; 其他AI安全与跨域异常检测,联邦学习、隐私保护与协同训练; 数据集、基准、工具与系统化评测,开放世界未知攻击与误报控制,强相关,15,未发现,,FRHIDS; Federated; Learning; Recommender; Hybrid; Intrusion; Detection; System
230,Fusion Graph Structure Learning-Based Multivariate Time Series Anomaly Detection With Structured Prior Knowledge,2024,10.1109/tifs.2024.3459631,paper/10.1109_TIFS.2024.3459631.pdf,时序、日志、KPI 与云原生异常检测,图学习、知识图谱与威胁情报; 入侵检测与网络异常检测,多模态、多视图与特征融合; 轻量化、实时与高性能部署; 图神经网络与关系建模,多源异构数据融合与上下文建模; 边缘、IoT、车联网与工业场景约束; 高速流量实时检测与资源约束,中相关,8,未发现,,Fusion; Graph; Structure; Learning-Based; Multivariate; Time; Series; Anomaly
231,GCN-MHSA: A novel malicious traffic detection method based on graph convolutional neural network and multi-head self-attention mechanism,2024,10.1016/j.cose.2024.104083,paper/10.1016_j.cose.2024.104083.pdf,图学习、知识图谱与威胁情报,恶意流量、暗网与攻击检测,表征学习、预训练与Transformer; 图神经网络与关系建模,多源异构数据融合与上下文建模,强相关,10,未发现,,GCN-MHSA; GCN
232,Generalized Out-of-Distribution Fault Diagnosis (GOOFD) via Internal Contrastive Learning,2024,10.1109/tii.2024.3390446,paper/10.1109_TII.2024.3390446.pdf,其他AI安全与跨域异常检测,,在线、增量、开放集与概念漂移; 自监督、对比学习与少样本学习; 数据集、基准、工具与系统化评测,域迁移、概念漂移与真实网络分布变化; 开放世界未知攻击与误报控制,弱相关,2,未发现,,Generalized; Out-of-Distribution; Fault; Diagnosis; GOOFD; Internal; Contrastive; Learning
233,GETRF: A General Framework for Encrypted Traffic Identification With Robust Representation Based on Datagram Structure,2024,10.1109/tccn.2024.3400825,paper/10.1109_TCCN.2024.3400825.pdf,加密流量分类与应用识别,,表征学习、预训练与Transformer; 鲁棒性、对抗防御与可信检测; 数据集、基准、工具与系统化评测,加密与隐私保护造成可观测特征缺失; 对抗规避、污染与鲁棒性; 域迁移、概念漂移与真实网络分布变化,强相关,13,未发现,,GETRF; General; Framework; Encrypted; Traffic; Identification; Robust; Representation
234,Global-to-Local Spatial–Spectral Awareness Transformer Network for Hyperspectral Anomaly Detection,2024,10.1109/tgrs.2024.3456799,paper/10.1109_TGRS.2024.3456799.pdf,多媒体、医学、遥感与视频异常检测,其他AI安全与跨域异常检测; 入侵检测与网络异常检测,表征学习、预训练与Transformer,加密与隐私保护造成可观测特征缺失,中相关,6,未发现,,Global-to-Local; Spatial; Spectral; Awareness; Transformer; Network; Hyperspectral; Anomaly
235,Graph Anomaly Detection via Multi-View Discriminative Awareness Learning,2024,10.1109/tnse.2024.3462462,paper/10.1109_TNSE.2024.3462462.pdf,其他AI安全与跨域异常检测,图学习、知识图谱与威胁情报; 入侵检测与网络异常检测,多模态、多视图与特征融合; 数据集、基准、工具与系统化评测; 自监督、对比学习与少样本学习,多源异构数据融合与上下文建模; 数据集代表性、标准化评测与可复现,弱相关,3,未发现,,Graph; Anomaly; Detection; Multi-View; Discriminative; Awareness; Learning; Currently
236,Graph Autoencoder Anomaly Detection for E-Commerce Application by Contextual Integrating Contrast With Reconstruction and Complementarity,2024,10.1109/tce.2024.3352186,paper/10.1109_TCE.2024.3352186.pdf,其他AI安全与跨域异常检测,入侵检测与网络异常检测; 图学习、知识图谱与威胁情报,应用场景与系统化验证,多源异构数据融合与上下文建模,弱相关,4,已下载,GAAD -> source\GAAD,Graph; Autoencoder; Anomaly; Detection; E-Commerce; Application; Contextual; Integrating
237,Graph Structure Change-Based Anomaly Detection in Multivariate Time Series of Industrial Processes,2023,10.1109/tii.2023.3347000,paper/10.1109_TII.2023.3347000.pdf,时序、日志、KPI 与云原生异常检测,图学习、知识图谱与威胁情报; 其他AI安全与跨域异常检测,图神经网络与关系建模,多源异构数据融合与上下文建模; 边缘、IoT、车联网与工业场景约束,中相关,6,未发现,,Graph; Structure; Change-Based; Anomaly; Detection; Multivariate; Time; Series
238,Graph Structure Learning-Based Multivariate Time Series Anomaly Detection in Internet of Things for Human-Centric Consumer Applications,2024,10.1109/tce.2024.3409391,paper/10.1109_TCE.2024.3409391.pdf,时序、日志、KPI 与云原生异常检测,IoT、车联网、工业互联网与边缘安全; 图学习、知识图谱与威胁情报,图神经网络与关系建模; 数据集、基准、工具与系统化评测,多源异构数据融合与上下文建模,中相关,7,未发现,,Graph; Structure; Learning-Based; Multivariate; Time; Series; Anomaly; Detection
239,Guest Editorial Introduction to the Special Section on Next-Generation Traffic Measurement With Network-Wide Perspective and Artificial Intelligence,2024,10.1109/tnse.2024.3389428,paper/10.1109_TNSE.2024.3389428.pdf,网络流量监测、测量与工具,,数据集、基准、工具与系统化评测,加密与隐私保护造成可观测特征缺失,强相关,12,未发现,,Guest; Editorial; Introduction; Special; Section; Next-Generation; Traffic; Measurement
240,"Guest Editorial Introduction to the Special Section on Open Radio Access Networks: Architecture, Challenges, Opportunities, and Use Cases in Vehicular Networks",2024,10.1109/tvt.2024.3399470,paper/10.1109_TVT.2024.3399470.pdf,IoT、车联网、工业互联网与边缘安全,,应用场景与系统化验证,边缘、IoT、车联网与工业场景约束; 加密与隐私保护造成可观测特征缺失,中相关,7,未发现,,Guest; Editorial; Introduction; Special; Section; Open; Radio; Access
241,Guest Editorial: Special Issue on Graph Learning,2024,10.1109/tnnls.2024.3427528,paper/10.1109_TNNLS.2024.3427528.pdf,图学习、知识图谱与威胁情报,,图神经网络与关系建模,多源异构数据融合与上下文建模; 加密与隐私保护造成可观测特征缺失,中相关,6,未发现,,Guest; Editorial; Special; Issue; Graph; Learning
242,Hierarchical-Instance Contrastive Learning for Minority Detection on Imbalanced Medical Datasets,2023,10.1109/tmi.2023.3310716,paper/10.1109_TMI.2023.3310716.pdf,多媒体、医学、遥感与视频异常检测,数据集、基准、综述与开源工具; 其他AI安全与跨域异常检测,自监督、对比学习与少样本学习; 数据集、基准、工具与系统化评测,标签稀缺、类别不平衡与长尾攻击; 数据集代表性、标准化评测与可复现,弱相关,0,未发现,,Hierarchical-Instance; Contrastive; Learning; Minority; Detection; Imbalanced; Medical; Datasets
243,HybridAD: A Hybrid Model-Driven Anomaly Detection Approach for Multivariate Time Series,2023,10.1109/tetci.2023.3290027,paper/10.1109_TETCI.2023.3290027.pdf,时序、日志、KPI 与云原生异常检测,入侵检测与网络异常检测; 其他AI安全与跨域异常检测,表征学习、预训练与Transformer,开放世界未知攻击与误报控制,中相关,8,未发现,,HybridAD; Hybrid; Model-Driven; Anomaly; Detection; Approach; Multivariate; Time
244,I $^{2}$ RNN: An Incremental and Interpretable Recurrent Neural Network for Encrypted Traffic Classification,2023,10.1109/tdsc.2023.3245411,paper/10.1109_tdsc.2023.3245411.pdf,加密流量分类与应用识别,其他AI安全与跨域异常检测; 基础理论、密码协议与安全机制,可解释性、规则抽取与因果分析; 在线、增量、开放集与概念漂移,加密与隐私保护造成可观测特征缺失; 模型可解释、可信与可审计,强相关,14,未发现,,RNN; Incremental; Interpretable; Recurrent; Neural; Network; Encrypted; Traffic
245,Integrating Entity Attributes for Error-Aware Knowledge Graph Embedding,2023,10.1109/tkde.2023.3310149,paper/10.1109_TKDE.2023.3310149.pdf,图学习、知识图谱与威胁情报,,表征学习、预训练与Transformer; 图神经网络与关系建模; 轻量化、实时与高性能部署,多源异构数据融合与上下文建模; 高速流量实时检测与资源约束; 边缘、IoT、车联网与工业场景约束,中相关,5,未发现,,Integrating; Entity; Attributes; Error-Aware; Knowledge; Graph; Embedding; KGs
246,Inter-Flow Spatio-Temporal Correlation Analysis Based Website Fingerprinting Using Graph Neural Network,2024,10.1109/tifs.2024.3441935,paper/10.1109_TIFS.2024.3441935.pdf,加密流量分类与应用识别,图学习、知识图谱与威胁情报; 时序、日志、KPI 与云原生异常检测,图神经网络与关系建模; 多模态、多视图与特征融合,多源异构数据融合与上下文建模; 加密与隐私保护造成可观测特征缺失,强相关,14,未发现,,Inter-Flow; Spatio-Temporal; Correlation; Analysis; Based; Website; Fingerprinting; Using
247,K-GetNID: Knowledge-Guided Graphs for Early and Transferable Network Intrusion Detection,2024,10.1109/tifs.2024.3431932,paper/10.1109_TIFS.2024.3431932.pdf,入侵检测与网络异常检测,图学习、知识图谱与威胁情报,图神经网络与关系建模; 轻量化、实时与高性能部署; 数据集、基准、工具与系统化评测,域迁移、概念漂移与真实网络分布变化; 多源异构数据融合与上下文建模; 高速流量实时检测与资源约束; 边缘、IoT、车联网与工业场景约束,强相关,18,未发现,,K-GetNID; Knowledge-Guided; Graphs; Early; Transferable; Network; Intrusion; Detection
248,KnowCTI: Knowledge-based cyber threat intelligence entity and relation extraction,2024,10.1016/j.cose.2024.103824,paper/10.1016_j.cose.2024.103824.pdf,图学习、知识图谱与威胁情报,,轻量化、实时与高性能部署; 图神经网络与关系建模,高速流量实时检测与资源约束; 边缘、IoT、车联网与工业场景约束; 多源异构数据融合与上下文建模,弱相关,4,未发现,,KnowCTI; Knowledge-based
249,Label-Free Multivariate Time Series Anomaly Detection,2024,10.1109/tkde.2024.3349613,paper/10.1109_TKDE.2024.3349613.pdf,时序、日志、KPI 与云原生异常检测,入侵检测与网络异常检测; 其他AI安全与跨域异常检测,自监督、对比学习与少样本学习,标签稀缺、类别不平衡与长尾攻击,中相关,5,未发现,,Label-Free; Multivariate; Time; Series; Anomaly; Detection; time series
250,Large-Scale Visual Language Model Boosted by Contrast Domain Adaptation for Intelligent Industrial Visual Monitoring,2024,10.1109/tii.2024.3441638,paper/10.1109_TII.2024.3441638.pdf,多媒体、医学、遥感与视频异常检测,,表征学习、预训练与Transformer,域迁移、概念漂移与真实网络分布变化; 边缘、IoT、车联网与工业场景约束; 加密与隐私保护造成可观测特征缺失,弱相关,4,未发现,,Large-Scale; Visual; Language; Model; Boosted; Contrast; Domain; Adaptation
251,Let model keep evolving: Incremental learning for encrypted traffic classification,2023,10.1016/j.cose.2023.103624,paper/10.1016_j.cose.2023.103624.pdf,加密流量分类与应用识别,其他AI安全与跨域异常检测,在线、增量、开放集与概念漂移,加密与隐私保护造成可观测特征缺失; 域迁移、概念漂移与真实网络分布变化,强相关,10,未发现,,Let; Incremental
252,LLM-TIKG: Threat intelligence knowledge graph construction utilizing large language model,2024,10.1016/j.cose.2024.103999,paper/10.1016_j.cose.2024.103999.pdf,图学习、知识图谱与威胁情报,,表征学习、预训练与Transformer; 图神经网络与关系建模; 轻量化、实时与高性能部署,多源异构数据融合与上下文建模; 高速流量实时检测与资源约束; 边缘、IoT、车联网与工业场景约束,弱相关,4,候选不可访问,LLM-TIKGdataset,LLM-TIKG; Threat; knowledge graph
253,LogFiT: Log Anomaly Detection Using Fine-Tuned Language Models,2024,10.1109/tnsm.2024.3358730,paper/10.1109_TNSM.2024.3358730.pdf,其他AI安全与跨域异常检测,时序、日志、KPI 与云原生异常检测; 入侵检测与网络异常检测,表征学习、预训练与Transformer,开放世界未知攻击与误报控制,弱相关,4,未发现,,LogFiT; Log; Anomaly; Detection; Using; Fine-Tuned; Language; Models
254,Machine learning-enabled hybrid intrusion detection system with host data transformation and an advanced two-stage classifier,2024,10.1016/j.comnet.2024.110576,paper/10.1016_j.comnet.2024.110576.pdf,入侵检测与网络异常检测,其他AI安全与跨域异常检测,数据集、基准、工具与系统化评测,加密与隐私保护造成可观测特征缺失,中相关,8,未发现,,Machine
255,MAG: A Novel Approach for Effective Anomaly Detection in Spacecraft Telemetry Data,2023,10.1109/tii.2023.3314852,paper/10.1109_TII.2023.3314852.pdf,其他AI安全与跨域异常检测,入侵检测与网络异常检测,生成式增强、GAN与扩散模型,开放世界未知攻击与误报控制,弱相关,2,未发现,,MAG; Novel; Approach; Effective; Anomaly; Detection; Spacecraft; Telemetry
256,Marina : Realizing ML-Driven Real-Time Network Traffic Monitoring at Terabit Scale,2024,10.1109/tnsm.2024.3382393,paper/10.1109_TNSM.2024.3382393.pdf,网络流量监测、测量与工具,加密流量分类与应用识别,轻量化、实时与高性能部署,高速流量实时检测与资源约束; 加密与隐私保护造成可观测特征缺失,强相关,17,已下载,Marina -> source\Marina,Marina; Realizing; ML-Driven; Real-Time; Network; Traffic; Monitoring; Terabit
257,MCRe: A Unified Framework for Handling Malicious Traffic With Noise Labels Based on Multidimensional Constraint Representation,2023,10.1109/tifs.2023.3318962,paper/10.1109_TIFS.2023.3318962.pdf,恶意流量、暗网与攻击检测,,数据集、基准、工具与系统化评测; 表征学习、预训练与Transformer,标签稀缺、类别不平衡与长尾攻击; 数据集代表性、标准化评测与可复现,强相关,14,未发现,,MCRe; Unified; Framework; Handling; Malicious; Traffic; Noise; Labels
258,"Meta: Toward a Unified, Multimodal Dataset for Network Intrusion Detection Systems",2024,10.1109/ieeedata.2024.3482286,paper/10.1109_IEEEDATA.2024.3482286.pdf,入侵检测与网络异常检测,数据集、基准、综述与开源工具,数据集、基准、工具与系统化评测; 多模态、多视图与特征融合,数据集代表性、标准化评测与可复现,强相关,14,未发现,,Meta; Toward; Unified; Multimodal; Dataset; Network; Intrusion; Detection
259,MetaCluster: A Universal Interpretable Classification Framework for Cybersecurity,2024,10.1109/tifs.2024.3372808,paper/10.1109_TIFS.2024.3372808.pdf,其他AI安全与跨域异常检测,,可解释性、规则抽取与因果分析; 数据集、基准、工具与系统化评测; 表征学习、预训练与Transformer; 轻量化、实时与高性能部署,模型可解释、可信与可审计; 高速流量实时检测与资源约束,弱相关,2,未发现,,MetaCluster; Universal; Interpretable; Classification; Framework; Cybersecurity; Rising; Fortinet
260,MetaRockETC: Adaptive Encrypted Traffic Classification in Complex Network Environments via Time Series Analysis and Meta-Learning,2024,10.1109/tnsm.2024.3350080,paper/10.1109_TNSM.2024.3350080.pdf,加密流量分类与应用识别,时序、日志、KPI 与云原生异常检测; 其他AI安全与跨域异常检测,应用场景与系统化验证,加密与隐私保护造成可观测特征缺失; 域迁移、概念漂移与真实网络分布变化; 边缘、IoT、车联网与工业场景约束,强相关,13,未发现,,MetaRockETC; Adaptive; Encrypted; Traffic; Classification; Complex; Network; Environments
261,MLaD²: A Semi-Supervised Money Laundering Detection Framework Based on Decoupling Training,2024,10.1109/tifs.2024.3380262,paper/10.1109_TIFS.2024.3380262.pdf,图学习、知识图谱与威胁情报,,自监督、对比学习与少样本学习; 数据集、基准、工具与系统化评测; 图神经网络与关系建模,标签稀缺、类别不平衡与长尾攻击,弱相关,4,未发现,,Semi-Supervised; Money; Laundering; Detection; Framework; Based; Decoupling; Training
262,MPAF: Encrypted Traffic Classification With Multi-Phase Attribute Fingerprint,2024,10.1109/tifs.2024.3428839,paper/10.1109_TIFS.2024.3428839.pdf,加密流量分类与应用识别,其他AI安全与跨域异常检测,应用场景与系统化验证,加密与隐私保护造成可观测特征缺失,强相关,13,未发现,,MPAF; Encrypted; Traffic; Classification; Multi-Phase; Attribute; Fingerprint; Transport
263,MSNet: Self-Supervised Multiscale Network With Enhanced Separation Training for Hyperspectral Anomaly Detection,2024,10.1109/tgrs.2024.3411009,paper/10.1109_TGRS.2024.3411009.pdf,多媒体、医学、遥感与视频异常检测,其他AI安全与跨域异常检测; 入侵检测与网络异常检测,自监督、对比学习与少样本学习; 表征学习、预训练与Transformer,开放世界未知攻击与误报控制,弱相关,4,已下载,MSNet -> source\MSNet,MSNet; Self-Supervised; Multiscale; Network; Enhanced; Separation; Training; Hyperspectral
264,MTSecurity: Privacy-Preserving Malicious Traffic Classification Using Graph Neural Network and Transformer,2024,10.1109/tnsm.2024.3383851,paper/10.1109_TNSM.2024.3383851.pdf,加密流量分类与应用识别,其他AI安全与跨域异常检测; 图学习、知识图谱与威胁情报,表征学习、预训练与Transformer; 图神经网络与关系建模; 联邦学习、隐私保护与协同训练,加密与隐私保护造成可观测特征缺失; 多源异构数据融合与上下文建模,强相关,17,未发现,,MTSecurity; Privacy-Preserving; Malicious; Traffic; Classification; Using; Graph; Neural
265,Multi-Task Scenario Encrypted Traffic Classification and Parameter Analysis,2024,10.3390/s24103078,paper/10.3390_s24103078.pdf,加密流量分类与应用识别,其他AI安全与跨域异常检测,表征学习、预训练与Transformer; 轻量化、实时与高性能部署,加密与隐私保护造成可观测特征缺失; 高速流量实时检测与资源约束,强相关,14,已下载,PETReLM -> source\PETReLM,Multi-Task; Scenario; Encrypted; Traffic; Classification; Parameter; Analysis; Traditional
266,Multichannel Anomaly Detection for Spacecraft Time Series Using MAP Estimation,2024,10.1109/taes.2024.3400943,paper/10.1109_TAES.2024.3400943.pdf,入侵检测与网络异常检测,时序、日志、KPI 与云原生异常检测; 其他AI安全与跨域异常检测,应用场景与系统化验证,开放世界未知攻击与误报控制,中相关,8,未发现,,Multichannel; Anomaly; Detection; Spacecraft; Time; Series; Using; MAP
267,Multimodal Brain Tumor Segmentation Boosted by Monomodal Normal Brain Images,2024,10.1109/tip.2024.3359815,paper/10.1109_TIP.2024.3359815.pdf,多媒体、医学、遥感与视频异常检测,,多模态、多视图与特征融合; 生成式增强、GAN与扩散模型; 数据集、基准、工具与系统化评测,开放世界未知攻击与误报控制,弱相关,1,候选不可访问,Normal-BrainBoost-Tumor-Segmentation,Multimodal; Brain; Tumor; Segmentation; Boosted; Monomodal; Normal; Images
268,Multipattern Integrated Networks With Contrastive Pretraining for Graph Anomaly Detection,2024,10.1109/tcss.2024.3362393,paper/10.1109_TCSS.2024.3362393.pdf,其他AI安全与跨域异常检测,入侵检测与网络异常检测; 图学习、知识图谱与威胁情报,自监督、对比学习与少样本学习,多源异构数据融合与上下文建模,弱相关,4,未发现,,Multipattern; Integrated; Networks; Contrastive; Pretraining; Graph; Anomaly; Detection
269,Multiview Deep Anomaly Detection: A Systematic Exploration,2022,10.1109/tnnls.2022.3184723,paper/10.1109_TNNLS.2022.3184723.pdf,其他AI安全与跨域异常检测,入侵检测与网络异常检测,数据集、基准、工具与系统化评测,数据集代表性、标准化评测与可复现; 边缘、IoT、车联网与工业场景约束,弱相关,3,未发现,,Multiview; Deep; Anomaly; Detection; Systematic; Exploration
270,Network intrusion detection leveraging multimodal features,2024,10.1016/j.array.2024.100349,paper/10.1016_j.array.2024.100349.pdf,入侵检测与网络异常检测,,多模态、多视图与特征融合,开放世界未知攻击与误报控制,强相关,10,未发现,,Network
271,No More Data Silos: Unified Microservice Failure Diagnosis With Temporal Knowledge Graph,2024,10.1109/tsc.2024.3489444,paper/10.1109_TSC.2024.3489444.pdf,时序、日志、KPI 与云原生异常检测,图学习、知识图谱与威胁情报,图神经网络与关系建模; 轻量化、实时与高性能部署,多源异构数据融合与上下文建模; 高速流量实时检测与资源约束; 边缘、IoT、车联网与工业场景约束,弱相关,4,未发现,,More; Data; Silos; Unified; Microservice; Failure; Diagnosis; Temporal
272,Normal Image Guided Segmentation Framework for Unsupervised Anomaly Detection,2023,10.1109/tcsvt.2023.3327448,paper/10.1109_tcsvt.2023.3327448.pdf,多媒体、医学、遥感与视频异常检测,入侵检测与网络异常检测; 其他AI安全与跨域异常检测,数据集、基准、工具与系统化评测,多源异构数据融合与上下文建模; 数据集代表性、标准化评测与可复现,弱相关,4,未发现,,Normal; Image; Guided; Segmentation; Framework; Unsupervised; Anomaly; Detection
273,One Model to Find Them All Deep Learning for Multivariate Time-Series Anomaly Detection in Mobile Network Data,2023,10.1109/tnsm.2023.3340146,paper/10.1109_TNSM.2023.3340146.pdf,其他AI安全与跨域异常检测,时序、日志、KPI 与云原生异常检测; 入侵检测与网络异常检测,生成式增强、GAN与扩散模型,开放世界未知攻击与误报控制,中相关,6,已下载,DC-VAE -> source\DC-VAE,One; Model; Find; Them; All; Deep; Learning; Multivariate
274,One Train for Two Tasks: An Encrypted Traffic Classification Framework Using Supervised Contrastive Learning,2024,10.48550/arXiv.2402.07501,paper/10.48550_arXiv.2402.07501.pdf,加密流量分类与应用识别,其他AI安全与跨域异常检测,自监督、对比学习与少样本学习; 数据集、基准、工具与系统化评测; 表征学习、预训练与Transformer,加密与隐私保护造成可观测特征缺失,强相关,13,已下载,CLE-TFE -> source\CLE-TFE,One; Train; Two; Tasks; Encrypted; Traffic; Classification; Framework
275,Online Self-Supervised Deep Learning for Intrusion Detection Systems,2024,10.1109/tifs.2024.3402148,paper/10.1109_TIFS.2024.3402148.pdf,入侵检测与网络异常检测,其他AI安全与跨域异常检测,数据集、基准、工具与系统化评测; 自监督、对比学习与少样本学习; 在线、增量、开放集与概念漂移,高速流量实时检测与资源约束,强相关,15,未发现,,Online; Self-Supervised; Deep; Learning; Intrusion; Detection; Systems; SSID
276,Open set identification of malicious encrypted traffic based on multi-feature fusion,2024,10.1016/j.comnet.2024.110824,paper/10.1016_j.comnet.2024.110824.pdf,加密流量分类与应用识别,恶意流量、暗网与攻击检测,多模态、多视图与特征融合; 在线、增量、开放集与概念漂移,加密与隐私保护造成可观测特征缺失; 多源异构数据融合与上下文建模; 开放世界未知攻击与误报控制,强相关,12,未发现,,Open
277,Overcoming Limited Fault Data: Intermittent Fault Detection in Analog Circuits via Improved GAN,2023,10.1109/tim.2023.3331419,paper/10.1109_TIM.2023.3331419.pdf,加密流量分类与应用识别,,生成式增强、GAN与扩散模型; 数据集、基准、工具与系统化评测,开放世界未知攻击与误报控制,中相关,8,未发现,,Overcoming; Limited; Fault; Data; Intermittent; Detection; Analog; Circuits
278,Pixel-Level Contrastive Pretrainer for Industrial Image Representation,2024,10.1109/tim.2024.3353860,paper/10.1109_TIM.2024.3353860.pdf,其他AI安全与跨域异常检测,多媒体、医学、遥感与视频异常检测,表征学习、预训练与Transformer; 自监督、对比学习与少样本学习; 数据集、基准、工具与系统化评测,边缘、IoT、车联网与工业场景约束,弱相关,1,未发现,,Pixel-Level; Contrastive; Pretrainer; Industrial; Image; Representation; Commonly; ImageNet
279,Poison-Resilient Anomaly Detection: Mitigating Poisoning Attacks in Semi-Supervised Encrypted Traffic Anomaly Detection,2024,10.1109/tnse.2024.3397719,paper/10.1109_TNSE.2024.3397719.pdf,加密流量分类与应用识别,入侵检测与网络异常检测; 其他AI安全与跨域异常检测,鲁棒性、对抗防御与可信检测; 自监督、对比学习与少样本学习; 数据集、基准、工具与系统化评测,加密与隐私保护造成可观测特征缺失; 标签稀缺、类别不平衡与长尾攻击; 对抗规避、污染与鲁棒性,强相关,15,未发现,,Poison-Resilient; Anomaly; Detection; Mitigating; Poisoning; Attacks; Semi-Supervised; Encrypted
280,Practical Cyber Attack Detection With Continuous Temporal Graph in Dynamic Network System,2024,10.1109/tifs.2024.3385321,paper/10.1109_TIFS.2024.3385321.pdf,图学习、知识图谱与威胁情报,时序、日志、KPI 与云原生异常检测; 恶意流量、暗网与攻击检测,图神经网络与关系建模; 数据集、基准、工具与系统化评测,域迁移、概念漂移与真实网络分布变化; 多源异构数据融合与上下文建模; 加密与隐私保护造成可观测特征缺失,强相关,10,未发现,,Practical; Cyber; Attack; Detection; Continuous; Temporal; Graph; Dynamic
281,Privacy-Preserving Few-Shot Traffic Detection Against Advanced Persistent Threats via Federated Meta Learning,2023,10.1109/tnse.2023.3304556,paper/10.1109_tnse.2023.3304556.pdf,联邦学习、隐私保护与分布式协同,,联邦学习、隐私保护与协同训练; 自监督、对比学习与少样本学习; 数据集、基准、工具与系统化评测,加密与隐私保护造成可观测特征缺失; 标签稀缺、类别不平衡与长尾攻击; 域迁移、概念漂移与真实网络分布变化; 边缘、IoT、车联网与工业场景约束,强相关,11,未发现,,Privacy-Preserving; Few-Shot; Traffic; Detection; Against; Advanced; Persistent; Threats
282,"Produce Once, Utilize Twice for Anomaly Detection",2024,10.1109/tcsvt.2024.3420775,paper/10.1109_TCSVT.2024.3420775.pdf,入侵检测与网络异常检测,其他AI安全与跨域异常检测; 多媒体、医学、遥感与视频异常检测,表征学习、预训练与Transformer,开放世界未知攻击与误报控制,强相关,10,未发现,,Produce; Once; Utilize; Twice; Anomaly; Detection; Visual; NTRODUCTION
283,ProFi: Scalable and Efficient Website Fingerprinting,2023,10.1109/tnsm.2023.3318508,paper/10.1109_TNSM.2023.3318508.pdf,加密流量分类与应用识别,,轻量化、实时与高性能部署,高速流量实时检测与资源约束; 加密与隐私保护造成可观测特征缺失,强相关,14,未发现,,ProFi; Scalable; Efficient; Website; Fingerprinting; WFP; Negotiation; ALPN
284,ProGen: Projection-Based Adversarial Attack Generation Against Network Intrusion Detection,2024,10.1109/tifs.2024.3402155,paper/10.1109_TIFS.2024.3402155.pdf,入侵检测与网络异常检测,恶意流量、暗网与攻击检测,鲁棒性、对抗防御与可信检测; 数据集、基准、工具与系统化评测,对抗规避、污染与鲁棒性,强相关,12,未发现,,ProGen; Projection-Based; Adversarial; Attack; Generation; Against; Network; Intrusion
285,"quantile-Long Short Term Memory: A Robust, Time Series Anomaly Detection Method",2024,10.1109/tai.2024.3353163,paper/10.1109_TAI.2024.3353163.pdf,入侵检测与网络异常检测,时序、日志、KPI 与云原生异常检测; 其他AI安全与跨域异常检测,鲁棒性、对抗防御与可信检测; 数据集、基准、工具与系统化评测,对抗规避、污染与鲁棒性; 标签稀缺、类别不平衡与长尾攻击; 边缘、IoT、车联网与工业场景约束,强相关,10,未发现,,Long; Short; Term; Memory; Robust; Time; Series; Anomaly
286,Reconstruction-Based Supervised Contrastive Learning for Unknown Device Identification in Nonintrusive Load Monitoring,2024,10.1109/tim.2024.3374287,paper/10.1109_TIM.2024.3374287.pdf,其他AI安全与跨域异常检测,,自监督、对比学习与少样本学习; 数据集、基准、工具与系统化评测,开放世界未知攻击与误报控制; 加密与隐私保护造成可观测特征缺失; 边缘、IoT、车联网与工业场景约束,中相关,5,未发现,,Reconstruction-Based; Supervised; Contrastive; Learning; Unknown; Device; Identification; Nonintrusive
287,ReFLIP-VAD: Towards Weakly Supervised Video Anomaly Detection via Vision-Language Model,2024,10.1109/tcsvt.2024.3482007,paper/10.1109_TCSVT.2024.3482007.pdf,多媒体、医学、遥感与视频异常检测,其他AI安全与跨域异常检测; 入侵检测与网络异常检测,表征学习、预训练与Transformer; 自监督、对比学习与少样本学习; 数据集、基准、工具与系统化评测,标签稀缺、类别不平衡与长尾攻击,弱相关,3,已下载,ReFLIP-VAD -> source\ReFLIP-VAD,ReFLIP-VAD; Towards; Weakly; Supervised; Video; Anomaly; Detection; Vision-Language
288,Regularity Learning via Explicit Distribution Modeling for Skeletal Video Anomaly Detection,2023,10.1109/tcsvt.2023.3296118,paper/10.1109_TCSVT.2023.3296118.pdf,多媒体、医学、遥感与视频异常检测,入侵检测与网络异常检测; 其他AI安全与跨域异常检测,表征学习、预训练与Transformer; 数据集、基准、工具与系统化评测,域迁移、概念漂移与真实网络分布变化,弱相关,4,未发现,,Regularity; Learning; Explicit; Distribution; Modeling; Skeletal; Video; Anomaly
289,Relation-aware heterogeneous graph neural network for entity alignment,2024,10.1016/j.neucom.2024.127797,paper/10.1016_j.neucom.2024.127797.pdf,图学习、知识图谱与威胁情报,,图神经网络与关系建模,多源异构数据融合与上下文建模,中相关,6,未发现,,Relation-aware; Communicated; Fenza; Entity; Most; However; knowledge graph
290,Rethinking Robust Multivariate Time Series Anomaly Detection: A Hierarchical Spatio-Temporal Variational Perspective,2024,10.1109/tkde.2024.3466291,paper/10.1109_TKDE.2024.3466291.pdf,时序、日志、KPI 与云原生异常检测,其他AI安全与跨域异常检测; 入侵检测与网络异常检测,多模态、多视图与特征融合; 生成式增强、GAN与扩散模型; 鲁棒性、对抗防御与可信检测; 数据集、基准、工具与系统化评测,多源异构数据融合与上下文建模; 对抗规避、污染与鲁棒性,中相关,6,未发现,,Rethinking; Robust; Multivariate; Time; Series; Anomaly; Detection; Hierarchical
291,Review of Accident Detection Methods Using Dashcam Videos for Autonomous Driving Vehicles,2024,10.1109/tits.2024.3354852,paper/10.1109_TITS.2024.3354852.pdf,数据集、基准、综述与开源工具,IoT、车联网、工业互联网与边缘安全; 多媒体、医学、遥感与视频异常检测,数据集、基准、工具与系统化评测,数据集代表性、标准化评测与可复现; 边缘、IoT、车联网与工业场景约束,弱相关,0,未发现,,Review; Accident; Detection; Methods; Using; Dashcam; Videos; Autonomous
292,RFG-HELAD: A Robust Fine-Grained Network Traffic Anomaly Detection Model Based on Heterogeneous Ensemble Learning,2024,10.1109/tifs.2024.3402439,paper/10.1109_TIFS.2024.3402439.pdf,入侵检测与网络异常检测,其他AI安全与跨域异常检测,鲁棒性、对抗防御与可信检测; 在线、增量、开放集与概念漂移,对抗规避、污染与鲁棒性; 多源异构数据融合与上下文建模; 开放世界未知攻击与误报控制,强相关,18,已下载,RFG-HELAD -> source\RFG-HELAD,RFG-HELAD; Robust; Fine-Grained; Network; Traffic; Anomaly; Detection; Model
293,RustGraph: Robust Anomaly Detection in Dynamic Graphs by Jointly Learning Structural-Temporal Dependency,2023,10.1109/tkde.2023.3328645,paper/10.1109_tkde.2023.3328645.pdf,入侵检测与网络异常检测,其他AI安全与跨域异常检测; 图学习、知识图谱与威胁情报,鲁棒性、对抗防御与可信检测; 轻量化、实时与高性能部署; 数据集、基准、工具与系统化评测,域迁移、概念漂移与真实网络分布变化; 多源异构数据融合与上下文建模; 对抗规避、污染与鲁棒性; 高速流量实时检测与资源约束,强相关,12,已下载,RustGraph -> source\RustGraph,RustGraph; Robust; Anomaly; Detection; Dynamic; Graphs; Jointly; Learning
294,SaRLog: Semantic-Aware Robust Log Anomaly Detection via BERT-Augmented Contrastive Learning,2024,10.1109/jiot.2024.3386183,paper/10.1109_JIOT.2024.3386183.pdf,其他AI安全与跨域异常检测,时序、日志、KPI 与云原生异常检测; 入侵检测与网络异常检测,表征学习、预训练与Transformer; 自监督、对比学习与少样本学习; 鲁棒性、对抗防御与可信检测; 数据集、基准、工具与系统化评测,对抗规避、污染与鲁棒性; 标签稀缺、类别不平衡与长尾攻击,弱相关,3,未发现,,SaRLog; Semantic-Aware; Robust; Log; Anomaly; Detection; BERT-Augmented; Contrastive
295,Scalable Industrial Visual Anomaly Detection With Partial Semantics Aggregation Vision Transformer,2023,10.1109/tim.2023.3343832,paper/10.1109_TIM.2023.3343832.pdf,其他AI安全与跨域异常检测,入侵检测与网络异常检测; 多媒体、医学、遥感与视频异常检测,表征学习、预训练与Transformer; 轻量化、实时与高性能部署; 数据集、基准、工具与系统化评测,高速流量实时检测与资源约束; 边缘、IoT、车联网与工业场景约束,中相关,5,未发现,,Scalable; Industrial; Visual; Anomaly; Detection; Partial; Semantics; Aggregation
296,Secure Attack Detection Framework for Hierarchical 6G-Enabled Internet of Vehicles,2023,10.1109/tvt.2023.3317940,paper/10.1109_TVT.2023.3317940.pdf,IoT、车联网、工业互联网与边缘安全,恶意流量、暗网与攻击检测,数据集、基准、工具与系统化评测; 鲁棒性、对抗防御与可信检测,边缘、IoT、车联网与工业场景约束,中相关,8,未发现,,Secure; Attack; Detection; Framework; Hierarchical; Enabled; Internet; Vehicles
297,Self-Supervised Deep Clustering Method for Detecting Abnormal Data of Wastewater Treatment Process,2023,10.1109/tii.2023.3268777,paper/10.1109_TII.2023.3268777.pdf,入侵检测与网络异常检测,其他AI安全与跨域异常检测,自监督、对比学习与少样本学习,开放世界未知攻击与误报控制,中相关,6,未发现,,Self-Supervised; Deep; Clustering; Method; Detecting; Abnormal; Data; Wastewater
298,Self-Supervised Learning and Multisource Heterogeneous Information Fusion Based Quality Anomaly Detection for Heavy-Plate Shape,2023,10.1109/tase.2023.3265649,paper/10.1109_TASE.2023.3265649.pdf,其他AI安全与跨域异常检测,入侵检测与网络异常检测,自监督、对比学习与少样本学习; 多模态、多视图与特征融合,多源异构数据融合与上下文建模,弱相关,2,未发现,,Self-Supervised; Learning; Multisource; Heterogeneous; Information; Fusion; Based; Quality
299,"Self-Supervised Learning for Time Series Analysis: Taxonomy, Progress, and Prospects",2024,10.1109/tpami.2024.3387317,paper/10.1109_TPAMI.2024.3387317.pdf,其他AI安全与跨域异常检测,数据集、基准、综述与开源工具; 时序、日志、KPI 与云原生异常检测,自监督、对比学习与少样本学习; 数据集、基准、工具与系统化评测; 表征学习、预训练与Transformer,数据集代表性、标准化评测与可复现,弱相关,1,未发现,,Self-Supervised; Learning; Time; Series; Analysis; Taxonomy; Progress; Prospects
300,Self-Supervised Masked Convolutional Transformer Block for Anomaly Detection,2023,10.1109/tpami.2023.3322604,paper/10.1109_TPAMI.2023.3322604.pdf,其他AI安全与跨域异常检测,入侵检测与网络异常检测; 多媒体、医学、遥感与视频异常检测,表征学习、预训练与Transformer; 自监督、对比学习与少样本学习,开放世界未知攻击与误报控制,弱相关,3,未发现,,Self-Supervised; Masked; Convolutional; Transformer; Block; Anomaly; Detection; Huber
301,Semi-Supervised Encrypted Malicious Traffic Detection Based on Multimodal Traffic Characteristics,2024,10.3390/s24206507,paper/10.3390_s24206507.pdf,恶意流量、暗网与攻击检测,,多模态、多视图与特征融合; 自监督、对比学习与少样本学习; 数据集、基准、工具与系统化评测,标签稀缺、类别不平衡与长尾攻击; 加密与隐私保护造成可观测特征缺失; 数据集代表性、标准化评测与可复现; 开放世界未知攻击与误报控制,强相关,15,未发现,,Semi-Supervised; Encrypted; Malicious; Traffic; Detection; Based; Multimodal; Characteristics
302,Sharing cyber threat intelligence: Does it really help?,2024,10.14722/ndss.2024.24228,paper/10.14722_ndss.2024.24228.pdf,图学习、知识图谱与威胁情报,,应用场景与系统化验证,开放世界未知攻击与误报控制,弱相关,3,候选不可访问,CTI,Sharing; Does
303,SLA2P: Self-Supervised Anomaly Detection With Adversarial Perturbation,2024,10.1109/tkde.2024.3448473,paper/10.1109_TKDE.2024.3448473.pdf,其他AI安全与跨域异常检测,入侵检测与网络异常检测,自监督、对比学习与少样本学习; 鲁棒性、对抗防御与可信检测; 表征学习、预训练与Transformer; 在线、增量、开放集与概念漂移,对抗规避、污染与鲁棒性; 标签稀缺、类别不平衡与长尾攻击; 域迁移、概念漂移与真实网络分布变化,弱相关,3,已下载,SLA2P -> source\SLA2P,SLA2P; Self-Supervised; Anomaly; Detection; Adversarial; Perturbation; SLA2; Tasks
304,Sliding Dual-Window-Inspired Reconstruction Network for Hyperspectral Anomaly Detection,2024,10.1109/tgrs.2024.3351179,paper/10.1109_TGRS.2024.3351179.pdf,多媒体、医学、遥感与视频异常检测,其他AI安全与跨域异常检测; 入侵检测与网络异常检测,应用场景与系统化验证,加密与隐私保护造成可观测特征缺失,弱相关,4,未发现,,Sliding; Dual-Window-Inspired; Reconstruction; Network; Hyperspectral; Anomaly; Detection; HAD
305,SMCNet: Sparse-Inspired Masked Convolutional Network for Hyperspectral Anomaly Detection,2024,10.1109/tgrs.2024.3477256,paper/10.1109_TGRS.2024.3477256.pdf,多媒体、医学、遥感与视频异常检测,其他AI安全与跨域异常检测; 入侵检测与网络异常检测,表征学习、预训练与Transformer,开放世界未知攻击与误报控制,弱相关,4,未发现,,SMCNet; Sparse-Inspired; Masked; Convolutional; Network; Hyperspectral; Anomaly; Detection
306,Space Decoupled Prototype Learning for Few-Shot Attack Detection in Cyber–Physical Systems,2024,10.1109/tii.2024.3423327,paper/10.1109_TII.2024.3423327.pdf,恶意流量、暗网与攻击检测,,自监督、对比学习与少样本学习; 数据集、基准、工具与系统化评测; 可解释性、规则抽取与因果分析,标签稀缺、类别不平衡与长尾攻击; 模型可解释、可信与可审计,强相关,10,未发现,,Space; Decoupled; Prototype; Learning; Few-Shot; Attack; Detection; Cyber
307,SYN-GAN: A robust intrusion detection system using GAN-based synthetic data for IoT security,2024,10.1016/j.iot.2024.101212,paper/10.1016_j.iot.2024.101212.pdf,入侵检测与网络异常检测,IoT、车联网、工业互联网与边缘安全,生成式增强、GAN与扩散模型; 数据集、基准、工具与系统化评测; 鲁棒性、对抗防御与可信检测,对抗规避、污染与鲁棒性; 边缘、IoT、车联网与工业场景约束,中相关,8,未发现,,SYN-GAN; GAN-based; IoT; GAN
308,Tensor Recurrent Neural Network With Differential Privacy,2023,10.1109/tc.2023.3236868,paper/10.1109_tc.2023.3236868.pdf,联邦学习、隐私保护与分布式协同,,联邦学习、隐私保护与协同训练,加密与隐私保护造成可观测特征缺失,中相关,5,未发现,,Tensor; Recurrent; Neural; Network; Differential; Privacy
309,Text-Driven Traffic Anomaly Detection With Temporal High-Frequency Modeling in Driving Videos,2024,10.1109/tcsvt.2024.3390173,paper/10.1109_TCSVT.2024.3390173.pdf,多媒体、医学、遥感与视频异常检测,入侵检测与网络异常检测; 时序、日志、KPI 与云原生异常检测,表征学习、预训练与Transformer,开放世界未知攻击与误报控制,中相关,6,未发现,,Text-Driven; Traffic; Anomaly; Detection; Temporal; High-Frequency; Modeling; Driving
310,Time-Series Anomaly Detection in Automated Vehicles Using D-CNN-LSTM Autoencoder,2024,10.1109/tits.2024.3380263,paper/10.1109_TITS.2024.3380263.pdf,其他AI安全与跨域异常检测,入侵检测与网络异常检测; IoT、车联网、工业互联网与边缘安全,轻量化、实时与高性能部署; 数据集、基准、工具与系统化评测,边缘、IoT、车联网与工业场景约束; 加密与隐私保护造成可观测特征缺失; 高速流量实时检测与资源约束,中相关,7,未发现,,Time-Series; Anomaly; Detection; Automated; Vehicles; Using; D-CNN-LSTM; Autoencoder
311,Time Series Anomaly Detection in Vehicle Sensors Using Self-Attention Mechanisms,2024,10.1109/tits.2024.3415435,paper/10.1109_TITS.2024.3415435.pdf,时序、日志、KPI 与云原生异常检测,其他AI安全与跨域异常检测; 入侵检测与网络异常检测,表征学习、预训练与Transformer; 数据集、基准、工具与系统化评测,边缘、IoT、车联网与工业场景约束,中相关,8,未发现,,Time; Series; Anomaly; Detection; Vehicle; Sensors; Using; Self-Attention
312,TMANomaly: Time-Series Mutual Adversarial Networks for Industrial Anomaly Detection,2023,10.1109/tii.2023.3288226,paper/10.1109_TII.2023.3288226.pdf,入侵检测与网络异常检测,其他AI安全与跨域异常检测; IoT、车联网、工业互联网与边缘安全,鲁棒性、对抗防御与可信检测; 生成式增强、GAN与扩散模型,边缘、IoT、车联网与工业场景约束; 对抗规避、污染与鲁棒性; 域迁移、概念漂移与真实网络分布变化,强相关,12,未发现,,TMANomaly; Time-Series; Mutual; Adversarial; Networks; Industrial; Anomaly; Detection
313,Toward Generating a New Cloud-Based Distributed Denial of Service (DDoS) Dataset and Cloud Intrusion Traffic Characterization,2024,10.3390/info15040195,paper/10.3390_info15040195.pdf,数据集、基准、综述与开源工具,时序、日志、KPI 与云原生异常检测; 联邦学习、隐私保护与分布式协同,数据集、基准、工具与系统化评测; 联邦学习、隐私保护与协同训练,数据集代表性、标准化评测与可复现,强相关,11,未发现,,Toward; Generating; New; Cloud-Based; Distributed; Denial; Service; DDoS
314,Toward Video Anomaly Retrieval From Video Anomaly Detection: New Benchmarks and Model,2024,10.1109/tip.2024.3374070,paper/10.1109_TIP.2024.3374070.pdf,多媒体、医学、遥感与视频异常检测,数据集、基准、综述与开源工具; 其他AI安全与跨域异常检测,数据集、基准、工具与系统化评测; 自监督、对比学习与少样本学习,数据集代表性、标准化评测与可复现; 标签稀缺、类别不平衡与长尾攻击,弱相关,2,已下载,VAR -> source\VAR,Toward; Video; Anomaly; Retrieval; From; Detection; New; Benchmarks
315,Towards Efficient Cross-Modal Anomaly Detection Using Triple-Adaptive Network and Bi-Quintuple Contrastive Learning,2023,10.1109/tetci.2023.3256466,paper/10.1109_tetci.2023.3256466.pdf,其他AI安全与跨域异常检测,入侵检测与网络异常检测,多模态、多视图与特征融合; 自监督、对比学习与少样本学习; 轻量化、实时与高性能部署,高速流量实时检测与资源约束; 多源异构数据融合与上下文建模,中相关,5,未发现,,Towards; Efficient; Cross-Modal; Anomaly; Detection; Using; Triple-Adaptive; Network
316,Transforms-Based Bayesian Tensor Completion Method for Network Traffic Measurement Data Recovery,2023,10.1109/tnse.2023.3253163,paper/10.1109_TNSE.2023.3253163.pdf,网络流量监测、测量与工具,,数据集、基准、工具与系统化评测,开放世界未知攻击与误报控制,强相关,12,未发现,,Transforms-Based; Bayesian; Tensor; Completion; Method; Network; Traffic; Measurement
317,TS-DP: An Efficient Data Processing Algorithm for Distribution Digital Twin Grid for Industry 5.0,2023,10.1109/tce.2023.3332099,paper/10.1109_tce.2023.3332099.pdf,IoT、车联网、工业互联网与边缘安全,,轻量化、实时与高性能部署,高速流量实时检测与资源约束; 域迁移、概念漂移与真实网络分布变化; 边缘、IoT、车联网与工业场景约束,中相关,5,未发现,,TS-DP; Efficient; Data; Processing; Algorithm; Distribution; Digital; Twin
318,Two-stage multi-datasource machine learning for attack technique and lifecycle detection,2024,10.1016/j.cose.2024.103859,paper/10.1016_j.cose.2024.103859.pdf,恶意流量、暗网与攻击检测,其他AI安全与跨域异常检测,应用场景与系统化验证,开放世界未知攻击与误报控制,中相关,8,未发现,,Two-stage
319,UAC-AD: Unsupervised Adversarial Contrastive Learning for Anomaly Detection on Multi-Modal Data in Microservice Systems,2024,10.1109/tsc.2024.3411481,paper/10.1109_TSC.2024.3411481.pdf,时序、日志、KPI 与云原生异常检测,其他AI安全与跨域异常检测; 入侵检测与网络异常检测,多模态、多视图与特征融合; 自监督、对比学习与少样本学习; 鲁棒性、对抗防御与可信检测; 数据集、基准、工具与系统化评测,多源异构数据融合与上下文建模; 对抗规避、污染与鲁棒性,中相关,8,已下载,lhysgithub/UAC-AD -> source\UAC-AD,UAC-AD; Unsupervised; Adversarial; Contrastive; Learning; Anomaly; Detection; Multi-Modal
320,Unsupervised Anomaly Detection on Attributed Networks With Graph Contrastive Learning for Consumer Electronics Security,2024,10.1109/tce.2024.3355122,paper/10.1109_TCE.2024.3355122.pdf,其他AI安全与跨域异常检测,入侵检测与网络异常检测; IoT、车联网、工业互联网与边缘安全,自监督、对比学习与少样本学习; 表征学习、预训练与Transformer,多源异构数据融合与上下文建模,中相关,5,未发现,,Unsupervised; Anomaly; Detection; Attributed; Networks; Graph; Contrastive; Learning
321,Unveiling malicious DNS behavior profiling and generating benchmark dataset through application layer traffic analysis,2024,10.1016/j.compeleceng.2024.109436,paper/10.1016_j.compeleceng.2024.109436.pdf,数据集、基准、综述与开源工具,网络流量监测、测量与工具,数据集、基准、工具与系统化评测,数据集代表性、标准化评测与可复现,弱相关,4,未发现,,Unveiling; DNS
322,Unveiling shadows: A comprehensive framework for insider threat detection based on statistical and sequential analysis,2023,10.1016/j.cose.2023.103665,paper/10.1016_j.cose.2023.103665.pdf,恶意流量、暗网与攻击检测,,数据集、基准、工具与系统化评测,开放世界未知攻击与误报控制,中相关,6,未发现,,Unveiling
323,Vehicular Social Dynamic Anomaly Detection With Recurrent Multi-Mask Aggregator Enabled VAE,2024,10.1109/tits.2024.3457569,paper/10.1109_TITS.2024.3457569.pdf,IoT、车联网、工业互联网与边缘安全,其他AI安全与跨域异常检测; 入侵检测与网络异常检测,生成式增强、GAN与扩散模型,边缘、IoT、车联网与工业场景约束; 域迁移、概念漂移与真实网络分布变化; 加密与隐私保护造成可观测特征缺失,中相关,9,未发现,,Vehicular; Social; Dynamic; Anomaly; Detection; Recurrent; Multi-Mask; Aggregator
324,WAKE: A Weakly Supervised Business Process Anomaly Detection Framework via a Pre-Trained Autoencoder,2023,10.1109/tkde.2023.3322411,paper/10.1109_TKDE.2023.3322411.pdf,其他AI安全与跨域异常检测,入侵检测与网络异常检测,自监督、对比学习与少样本学习; 数据集、基准、工具与系统化评测,标签稀缺、类别不平衡与长尾攻击,弱相关,3,未发现,,WAKE; Weakly; Supervised; Business; Process; Anomaly; Detection; Framework
325,WF-Transformer: Learning Temporal Features for Accurate Anonymous Traffic Identification by Using Transformer Networks,2023,10.1109/tifs.2023.3318966,paper/10.1109_TIFS.2023.3318966.pdf,加密流量分类与应用识别,其他AI安全与跨域异常检测; 时序、日志、KPI 与云原生异常检测,表征学习、预训练与Transformer,加密与隐私保护造成可观测特征缺失,强相关,13,未发现,,WF-Transformer; Learning; Temporal; Features; Accurate; Anonymous; Traffic; Identification
326,Zero-Day Guardian: A Dual Model Enabled Federated Learning Framework for Handling Zero-Day Attacks in 5G Enabled IIoT,2023,10.1109/tce.2023.3335385,paper/10.1109_TCE.2023.3335385.pdf,IoT、车联网、工业互联网与边缘安全,恶意流量、暗网与攻击检测; 入侵检测与网络异常检测,数据集、基准、工具与系统化评测; 联邦学习、隐私保护与协同训练,边缘、IoT、车联网与工业场景约束; 开放世界未知攻击与误报控制; 多源异构数据融合与上下文建模,中相关,7,未发现,,Zero-Day; Guardian; Dual; Model; Enabled; Federated; Learning; Framework
327,Zero-X: A Blockchain-Enabled Open-Set Federated Learning Framework for Zero-Day Attack Detection in IoV,2024,10.1109/tvt.2024.3385916,paper/10.1109_TVT.2024.3385916.pdf,联邦学习、隐私保护与分布式协同,入侵检测与网络异常检测; 恶意流量、暗网与攻击检测,联邦学习、隐私保护与协同训练; 数据集、基准、工具与系统化评测; 在线、增量、开放集与概念漂移; 鲁棒性、对抗防御与可信检测,开放世界未知攻击与误报控制; 边缘、IoT、车联网与工业场景约束,中相关,8,未发现,,Zero-X; Blockchain-Enabled; Open-Set; Federated; Learning; Framework; Zero-Day; Attack
328,智能溯源分析与入侵检测: 洞察、挑战与展望,2025,10.11897/SP.J.1016.2025.02406,paper/10.11897_SP.J.1016.2025.02406.pdf,图学习、知识图谱与威胁情报,,应用场景与系统化验证,多源异构数据融合与上下文建模; 边缘、IoT、车联网与工业场景约束,中相关,7,未发现,,Consequently; Such
329,基于机器学习的加密流量分类研究综述,2025,10.11959/j.issn.1000-436x.2025006,paper/10.11959_j.issn.1000-436x.2025006.pdf,其他AI安全与跨域异常检测,,数据集、基准、工具与系统化评测,数据集代表性、标准化评测与可复现,弱相关,3,未发现,,Encrypted; However; Machine
330,基于图像化方法的恶意软件检测与分类综述,2025,10.11897/SP.J.1016.2025.00650,paper/10.11897_SP.J.1016.2025.00650.pdf,其他AI安全与跨域异常检测,,应用场景与系统化验证,开放世界未知攻击与误报控制,弱相关,0,未发现,,
331,A Cascaded Broad Learning Network Embedded Image Features for Malware Traffic Classification,2024,10.1109/tccn.2024.3522143,paper/10.1109_TCCN.2024.3522143.pdf,加密流量分类与应用识别,恶意流量、暗网与攻击检测; 其他AI安全与跨域异常检测,应用场景与系统化验证,加密与隐私保护造成可观测特征缺失,强相关,14,未发现,,Cascaded; Broad; Learning; Network; Embedded; Image; Features; Malware
332,A Cloud Collaborative-Based Intrusion Detection and Prevention System for IVN,2024,10.1109/tccn.2024.3516052,paper/10.1109_TCCN.2024.3516052.pdf,入侵检测与网络异常检测,时序、日志、KPI 与云原生异常检测; 联邦学习、隐私保护与分布式协同,数据集、基准、工具与系统化评测; 联邦学习、隐私保护与协同训练; 表征学习、预训练与Transformer,数据集代表性、标准化评测与可复现,强相关,14,已下载,IVAD -> source\IVAD,Cloud; Collaborative-Based; Intrusion; Detection; Prevention; System; IVN; Internet-of-Vehicle
333,A Comprehensive Benchmark and Empirical Study of Trace Anomaly Detection,2025,10.1109/tsc.2025.3622122,paper/10.1109_TSC.2025.3622122.pdf,数据集、基准、综述与开源工具,入侵检测与网络异常检测; 其他AI安全与跨域异常检测,数据集、基准、工具与系统化评测; 轻量化、实时与高性能部署,数据集代表性、标准化评测与可复现; 高速流量实时检测与资源约束,中相关,6,部分下载,TADBench,Comprehensive; Benchmark; Empirical; Study; Trace; Anomaly; Detection; Internet
334,A Data-Driven Approach to Mitigate Evolving Volumetric Attacks in Programmable Networks,2025,10.1109/tmlcn.2025.3594659,paper/10.1109_TMLCN.2025.3594659.pdf,入侵检测与网络异常检测,恶意流量、暗网与攻击检测,在线、增量、开放集与概念漂移,域迁移、概念漂移与真实网络分布变化; 加密与隐私保护造成可观测特征缺失,强相关,16,已下载,AdapNet-IDS -> source\AdapNet-IDS,Data-Driven; Approach; Mitigate; Evolving; Volumetric; Attacks; Programmable; Networks
335,A Dual-Discriminator Generative Adversarial Network for Anomaly Detection,2025,10.1109/tnnls.2025.3585978,paper/10.1109_TNNLS.2025.3585978.pdf,入侵检测与网络异常检测,其他AI安全与跨域异常检测,生成式增强、GAN与扩散模型; 鲁棒性、对抗防御与可信检测,对抗规避、污染与鲁棒性; 加密与隐私保护造成可观测特征缺失; 边缘、IoT、车联网与工业场景约束,强相关,13,未发现,,Dual-Discriminator; Generative; Adversarial; Network; Anomaly; Detection; Multivariate; NTRODUCTION
336,A dynamic provenance graph-based detector for advanced persistent threats,2024,10.1016/j.eswa.2024.125877,paper/10.1016_j.eswa.2024.125877.pdf,图学习、知识图谱与威胁情报,,图神经网络与关系建模; 数据集、基准、工具与系统化评测,多源异构数据融合与上下文建模; 域迁移、概念漂移与真实网络分布变化; 加密与隐私保护造成可观测特征缺失,中相关,7,未发现,,Dataset; Advanced; Persistent; Threats; APTs; Provenance
337,A Hierarchical Framework With Spatio-Temporal Consistency Learning for Emergence Detection in Complex Adaptive Systems,2024,10.1109/tnnls.2024.3477320,paper/10.1109_TNNLS.2024.3477320.pdf,时序、日志、KPI 与云原生异常检测,,数据集、基准、工具与系统化评测; 多模态、多视图与特征融合; 表征学习、预训练与Transformer,多源异构数据融合与上下文建模,中相关,7,未发现,,Hierarchical; Framework; Spatio-Temporal; Consistency; Learning; Emergence; Detection; Complex
338,A Lightweight Intrusion Detection System with Dynamic Feature Fusion Federated Learning for Vehicular Network Security,2025,10.3390/s25154622,paper/10.3390_s25154622.pdf,入侵检测与网络异常检测,IoT、车联网、工业互联网与边缘安全; 联邦学习、隐私保护与分布式协同,数据集、基准、工具与系统化评测; 轻量化、实时与高性能部署; 多模态、多视图与特征融合; 联邦学习、隐私保护与协同训练,域迁移、概念漂移与真实网络分布变化; 高速流量实时检测与资源约束; 多源异构数据融合与上下文建模; 边缘、IoT、车联网与工业场景约束,强相关,14,未发现,,Lightweight; Intrusion; Detection; System; Dynamic; Feature; Fusion; Federated
339,A Membership Inference and Adversarial Attack Defense Framework for Network Traffic Classifiers,2024,10.1109/tai.2024.3357791,paper/10.1109_TAI.2024.3357791.pdf,恶意流量、暗网与攻击检测,入侵检测与网络异常检测,鲁棒性、对抗防御与可信检测; 数据集、基准、工具与系统化评测,对抗规避、污染与鲁棒性,强相关,16,未发现,,Membership; Inference; Adversarial; Attack; Defense; Framework; Network; Traffic
340,A Meta-Unified Global Cyber Threat Intelligence Model for Industrial Cross-Cloud Networks,2025,10.1109/tifs.2025.3633585,paper/10.1109_TIFS.2025.3633585.pdf,图学习、知识图谱与威胁情报,时序、日志、KPI 与云原生异常检测,联邦学习、隐私保护与协同训练; 数据集、基准、工具与系统化评测,边缘、IoT、车联网与工业场景约束,中相关,5,未发现,,Meta-Unified; Global; Cyber; Threat; Intelligence; Model; Industrial; Cross-Cloud
341,A Moving Target DDoS Defense Approach in Consortium Blockchain,2025,10.1109/tdsc.2025.3546625,paper/10.1109_TDSC.2025.3546625.pdf,联邦学习、隐私保护与分布式协同,恶意流量、暗网与攻击检测,联邦学习、隐私保护与协同训练; 鲁棒性、对抗防御与可信检测,对抗规避、污染与鲁棒性,中相关,9,未发现,,Moving; Target; DDoS; Defense; Approach; Consortium; Blockchain; Although
342,A multi-source log semantic analysis-based attack investigation approach,2024,10.1016/j.cose.2024.104303,paper/10.1016_j.cose.2024.104303.pdf,恶意流量、暗网与攻击检测,,多模态、多视图与特征融合,多源异构数据融合与上下文建模; 开放世界未知攻击与误报控制,中相关,8,未发现,,
343,A Multi-View-Based Federated Learning Approach for Intrusion Detection,2025,10.3390/electronics14214166,paper/10.3390_electronics14214166.pdf,入侵检测与网络异常检测,联邦学习、隐私保护与分布式协同,多模态、多视图与特征融合; 联邦学习、隐私保护与协同训练; 数据集、基准、工具与系统化评测,多源异构数据融合与上下文建模; 数据集代表性、标准化评测与可复现,强相关,11,未发现,,Multi-View-Based; Federated; Learning; Approach; Intrusion; Detection; Neural; SVM
344,"A Novel Hybrid, BERT and Deep Learning Model Network Intrusion Detection System for Healthcare Electronics",2024,10.1109/tce.2024.3412199,paper/10.1109_TCE.2024.3412199.pdf,入侵检测与网络异常检测,其他AI安全与跨域异常检测,数据集、基准、工具与系统化评测; 表征学习、预训练与Transformer,加密与隐私保护造成可观测特征缺失,强相关,13,未发现,,Novel; Hybrid; BERT; Deep; Learning; Model; Network; Intrusion
345,A Privacy-Preserving Graph Neural Network for Network Intrusion Detection,2024,10.1109/tdsc.2024.3417853,paper/10.1109_TDSC.2024.3417853.pdf,入侵检测与网络异常检测,图学习、知识图谱与威胁情报; 联邦学习、隐私保护与分布式协同,图神经网络与关系建模; 联邦学习、隐私保护与协同训练; 表征学习、预训练与Transformer,加密与隐私保护造成可观测特征缺失; 多源异构数据融合与上下文建模,强相关,17,未发现,,Privacy-Preserving; Graph; Neural; Network; Intrusion; Detection; NIDS; However
346,A Resource-Efficient Federated Learning Framework for Intrusion Detection in IoMT Networks,2025,10.1109/tce.2025.3544885,paper/10.1109_TCE.2025.3544885.pdf,入侵检测与网络异常检测,IoT、车联网、工业互联网与边缘安全; 联邦学习、隐私保护与分布式协同,轻量化、实时与高性能部署; 数据集、基准、工具与系统化评测; 联邦学习、隐私保护与协同训练,高速流量实时检测与资源约束; 边缘、IoT、车联网与工业场景约束; 加密与隐私保护造成可观测特征缺失,强相关,14,未发现,,Resource-Efficient; Federated; Learning; Framework; Intrusion; Detection; IoMT; Networks
347,A Spatial Contexts-Informed Self-Supervised Learning Approach for Pavement Distress Segmentation,2025,10.1109/tits.2025.3612736,paper/10.1109_TITS.2025.3612736.pdf,多媒体、医学、遥感与视频异常检测,其他AI安全与跨域异常检测,自监督、对比学习与少样本学习; 表征学习、预训练与Transformer; 数据集、基准、工具与系统化评测,多源异构数据融合与上下文建模,弱相关,1,未发现,,Spatial; Contexts-Informed; Self-Supervised; Learning; Approach; Pavement; Distress; Segmentation
348,"A survey on encrypted network traffic: A comprehensive survey of identification/classification techniques, challenges, and future directions",2024,10.1016/j.comnet.2024.110984,paper/10.1016_j.comnet.2024.110984.pdf,数据集、基准、综述与开源工具,其他AI安全与跨域异常检测,数据集、基准、工具与系统化评测,数据集代表性、标准化评测与可复现; 加密与隐私保护造成可观测特征缺失,中相关,6,未发现,,
349,A Synthetic Data-Assisted Satellite Terrestrial Integrated Network Intrusion Detection Framework,2025,10.1109/tifs.2025.3530676,paper/10.1109_TIFS.2025.3530676.pdf,入侵检测与网络异常检测,,生成式增强、GAN与扩散模型; 数据集、基准、工具与系统化评测; 联邦学习、隐私保护与协同训练,多源异构数据融合与上下文建模,强相关,10,未发现,,Synthetic; Data-Assisted; Satellite; Terrestrial; Integrated; Network; Intrusion; Detection
350,A Time Series Self-Supervised Contrastive Pretraining Method With Data Augmentation Using Discrepancy of Reconstruction Information Loss,2025,10.1109/tim.2025.3548177,paper/10.1109_TIM.2025.3548177.pdf,其他AI安全与跨域异常检测,时序、日志、KPI 与云原生异常检测,自监督、对比学习与少样本学习; 生成式增强、GAN与扩散模型; 表征学习、预训练与Transformer; 数据集、基准、工具与系统化评测,开放世界未知攻击与误报控制,弱相关,1,未发现,,Time; Series; Self-Supervised; Contrastive; Pretraining; Method; Data; Augmentation
351,A Unified Framework for Hybrid Network Intrusion Detection,2025,10.1109/tnsm.2025.3609854,paper/10.1109_TNSM.2025.3609854.pdf,入侵检测与网络异常检测,其他AI安全与跨域异常检测,数据集、基准、工具与系统化评测,标签稀缺、类别不平衡与长尾攻击,强相关,16,候选不可访问,A-UnifiedFramework-for-Hybrid-Network-Intrusion-Detection,Unified; Framework; Hybrid; Network; Intrusion; Detection; Lately; HNIDSs
352,AADC-Net: A Multimodal Deep Learning Framework for Automatic Anomaly Detection in Real-Time Surveillance,2025,10.1109/tim.2025.3551832,paper/10.1109_TIM.2025.3551832.pdf,其他AI安全与跨域异常检测,多媒体、医学、遥感与视频异常检测; 入侵检测与网络异常检测,数据集、基准、工具与系统化评测; 多模态、多视图与特征融合; 轻量化、实时与高性能部署,高速流量实时检测与资源约束; 标签稀缺、类别不平衡与长尾攻击,弱相关,3,未发现,,AADC-Net; Multimodal; Deep; Learning; Framework; Automatic; Anomaly; Detection
353,Accurate and Interpretable Log-Based Fault Diagnosis Using Large Language Models,2025,10.1109/tsc.2025.3599494,paper/10.1109_TSC.2025.3599494.pdf,时序、日志、KPI 与云原生异常检测,,表征学习、预训练与Transformer; 可解释性、规则抽取与因果分析,模型可解释、可信与可审计,弱相关,3,未发现,,Accurate; Interpretable; Log-Based; Fault; Diagnosis; Using; Large; Language
354,AD-NEv: A Scalable Multilevel Neuroevolution Framework for Multivariate Anomaly Detection,2024,10.1109/tnnls.2024.3439404,paper/10.1109_TNNLS.2024.3439404.pdf,其他AI安全与跨域异常检测,入侵检测与网络异常检测,数据集、基准、工具与系统化评测; 轻量化、实时与高性能部署,高速流量实时检测与资源约束; 数据集代表性、标准化评测与可复现,弱相关,4,未发现,,AD-NEv; Scalable; Multilevel; Neuroevolution; Framework; Multivariate; Anomaly; Detection
355,Adaptive Memory Broad Learning System for Unsupervised Time Series Anomaly Detection,2024,10.1109/tnnls.2024.3415621,paper/10.1109_TNNLS.2024.3415621.pdf,其他AI安全与跨域异常检测,入侵检测与网络异常检测; 时序、日志、KPI 与云原生异常检测,数据集、基准、工具与系统化评测,开放世界未知攻击与误报控制,弱相关,3,未发现,,Adaptive; Memory; Broad; Learning; System; Unsupervised; Time; Series
356,ADPS: Asymmetric Distillation Postsegmentation for Image Anomaly Detection,2024,10.1109/tnnls.2024.3390806,paper/10.1109_TNNLS.2024.3390806.pdf,多媒体、医学、遥感与视频异常检测,其他AI安全与跨域异常检测; 入侵检测与网络异常检测,应用场景与系统化验证,域迁移、概念漂移与真实网络分布变化,弱相关,3,未发现,,ADPS; Asymmetric; Distillation; Postsegmentation; Image; Anomaly; Detection; Knowledge
357,"Advancing Intrusion Detection in V2X Networks: A Comprehensive Survey on Machine Learning, Federated Learning, and Edge AI for V2X Security",2025,10.1109/tits.2025.3558849,paper/10.1109_TITS.2025.3558849.pdf,入侵检测与网络异常检测,数据集、基准、综述与开源工具; IoT、车联网、工业互联网与边缘安全,联邦学习、隐私保护与协同训练; 数据集、基准、工具与系统化评测; 轻量化、实时与高性能部署; 鲁棒性、对抗防御与可信检测,边缘、IoT、车联网与工业场景约束; 数据集代表性、标准化评测与可复现; 高速流量实时检测与资源约束; 多源异构数据融合与上下文建模,强相关,13,未发现,,Advancing; Intrusion; Detection; V2X; Networks; Comprehensive; Survey; Machine
358,Adversarial Label-Flipping Attack and Defense for Anomaly Detection in Spatial Crowdsourcing UAV Services,2024,10.1109/tce.2024.3448541,paper/10.1109_TCE.2024.3448541.pdf,IoT、车联网、工业互联网与边缘安全,其他AI安全与跨域异常检测; 恶意流量、暗网与攻击检测,鲁棒性、对抗防御与可信检测; 数据集、基准、工具与系统化评测; 图神经网络与关系建模; 轻量化、实时与高性能部署,对抗规避、污染与鲁棒性; 标签稀缺、类别不平衡与长尾攻击; 边缘、IoT、车联网与工业场景约束; 高速流量实时检测与资源约束,强相关,12,未发现,,Adversarial; Label-Flipping; Attack; Defense; Anomaly; Detection; Spatial; Crowdsourcing
359,Adversarial Transformer-Based Anomaly Detection for Multivariate Time Series,2024,10.1109/tii.2024.3507211,paper/10.1109_TII.2024.3507211.pdf,时序、日志、KPI 与云原生异常检测,其他AI安全与跨域异常检测; 入侵检测与网络异常检测,表征学习、预训练与Transformer; 鲁棒性、对抗防御与可信检测; 生成式增强、GAN与扩散模型,对抗规避、污染与鲁棒性; 边缘、IoT、车联网与工业场景约束,中相关,6,未发现,,Adversarial; Transformer-Based; Anomaly; Detection; Multivariate; Time; Series; IoT
360,ALAD: A New Unsupervised Time Series Anomaly Detection Paradigm Based on Activation Learning,2024,10.1109/tbdata.2024.3453762,paper/10.1109_TBDATA.2024.3453762.pdf,其他AI安全与跨域异常检测,入侵检测与网络异常检测; 时序、日志、KPI 与云原生异常检测,数据集、基准、工具与系统化评测,开放世界未知攻击与误报控制,弱相关,3,未发现,,ALAD; New; Unsupervised; Time; Series; Anomaly; Detection; Paradigm
361,An Innovative Secure and Privacy-Preserving Federated Learning-Based Hybrid Deep Learning Model for Intrusion Detection in Internet-Enabled Wireless Sensor Networks,2024,10.1109/tce.2024.3442015,paper/10.1109_tce.2024.3442015.pdf,入侵检测与网络异常检测,联邦学习、隐私保护与分布式协同; IoT、车联网、工业互联网与边缘安全,联邦学习、隐私保护与协同训练; 数据集、基准、工具与系统化评测,加密与隐私保护造成可观测特征缺失; 开放世界未知攻击与误报控制,强相关,12,未发现,,Innovative; Secure; Privacy-Preserving; Federated; Learning-Based; Hybrid; Deep; Learning
362,An Unsupervised Learning Approach for Pavement Distress Diagnosis via Siamese Networks,2024,10.1109/tits.2024.3500030,paper/10.1109_TITS.2024.3500030.pdf,多媒体、医学、遥感与视频异常检测,,表征学习、预训练与Transformer,开放世界未知攻击与误报控制,弱相关,3,未发现,,Unsupervised; Learning; Approach; Pavement; Distress; Diagnosis; Siamese; Networks
363,An Unsupervised Malicious Web Request Detection Based on Transformer and Contrastive Learning,2025,10.1109/tnsm.2025.3563089,paper/10.1109_TNSM.2025.3563089.pdf,其他AI安全与跨域异常检测,,表征学习、预训练与Transformer; 自监督、对比学习与少样本学习; 轻量化、实时与高性能部署; 数据集、基准、工具与系统化评测,加密与隐私保护造成可观测特征缺失; 高速流量实时检测与资源约束,中相关,6,已下载,School-2023-sample -> source\School-2023-sample,Unsupervised; Malicious; Web; Request; Detection; Based; Transformer; Contrastive
364,ANEF: Adversarial Neural Encryption Framework for Secured Consumer Electronics in Smart Cities,2025,10.1109/tce.2025.3618544,paper/10.1109_TCE.2025.3618544.pdf,基础理论、密码协议与安全机制,IoT、车联网、工业互联网与边缘安全,鲁棒性、对抗防御与可信检测; 数据集、基准、工具与系统化评测; 联邦学习、隐私保护与协同训练; 轻量化、实时与高性能部署,对抗规避、污染与鲁棒性; 高速流量实时检测与资源约束; 多源异构数据融合与上下文建模; 边缘、IoT、车联网与工业场景约束,弱相关,2,未发现,,ANEF; Adversarial; Neural; Encryption; Framework; Secured; Consumer; Electronics
365,Anomaly Detection Framework With Contrastive Learning and Multiview Augmentation for Time-Series Domain Generalization,2024,10.1109/tim.2024.3507042,paper/10.1109_TIM.2024.3507042.pdf,其他AI安全与跨域异常检测,入侵检测与网络异常检测,数据集、基准、工具与系统化评测; 自监督、对比学习与少样本学习; 轻量化、实时与高性能部署,域迁移、概念漂移与真实网络分布变化; 高速流量实时检测与资源约束,弱相关,4,未发现,,Anomaly; Detection; Framework; Contrastive; Learning; Multiview; Augmentation; Time-Series
366,Anomaly detection in encrypted network traffic using self-supervised learning,2025,10.1038/s41598-025-08568-0,paper/10.1038_s41598-025-08568-0.pdf,其他AI安全与跨域异常检测,入侵检测与网络异常检测,自监督、对比学习与少样本学习,加密与隐私保护造成可观测特征缺失,中相关,8,未发现,,Anomaly
367,Anomaly Detection in Event-Triggered Traffic Time Series via Similarity Learning,2024,10.1109/tdsc.2024.3418906,paper/10.1109_TDSC.2024.3418906.pdf,入侵检测与网络异常检测,时序、日志、KPI 与云原生异常检测; 其他AI安全与跨域异常检测,数据集、基准、工具与系统化评测,开放世界未知攻击与误报控制,强相关,12,未发现,,Anomaly; Detection; Event-Triggered; Traffic; Time; Series; Similarity; Learning
368,Anomaly Detection on Attributed Networks via Multiview and Multiscale Contrastive Learning,2024,10.1109/tcss.2024.3514148,paper/10.1109_TCSS.2024.3514148.pdf,其他AI安全与跨域异常检测,入侵检测与网络异常检测,自监督、对比学习与少样本学习; 数据集、基准、工具与系统化评测,多源异构数据融合与上下文建模,弱相关,4,未发现,,Anomaly; Detection; Attributed; Networks; Multiview; Multiscale; Contrastive; Learning
369,Augmentation and Fusion: Multi-Feature Fusion-Based Self-Supervised Learning Approach for Traffic Tables,2025,10.1109/tnsm.2025.3554824,paper/10.1109_TNSM.2025.3554824.pdf,其他AI安全与跨域异常检测,加密流量分类与应用识别,自监督、对比学习与少样本学习; 多模态、多视图与特征融合,多源异构数据融合与上下文建模,中相关,6,未发现,,Augmentation; Fusion; Multi-Feature; Fusion-Based; Self-Supervised; Learning; Approach; Traffic
370,AutoKAN: A Federated Lightweight Anomaly Detection Framework for Securing Constrained IoT Healthcare Diabetes Monitoring Systems,2025,10.1109/tce.2025.3596250,paper/10.1109_TCE.2025.3596250.pdf,联邦学习、隐私保护与分布式协同,入侵检测与网络异常检测; IoT、车联网、工业互联网与边缘安全,数据集、基准、工具与系统化评测; 联邦学习、隐私保护与协同训练; 轻量化、实时与高性能部署,高速流量实时检测与资源约束; 加密与隐私保护造成可观测特征缺失; 边缘、IoT、车联网与工业场景约束,强相关,10,未发现,,AutoKAN; Federated; Lightweight; Anomaly; Detection; Framework; Securing; Constrained
371,AVXProbe: Enhancing Website Fingerprinting with Side-Channel-Assisted Kernel-Level Traces,2025,10.1145/3708821.3710819,paper/10.1145_3708821.3710819.pdf,加密流量分类与应用识别,,应用场景与系统化验证,加密与隐私保护造成可观测特征缺失,中相关,9,未发现,,AVXProbe; Enhancing; Website; Fingerprinting; Side-Channel-Assisted; Kernel-Level; Traces; ACM
372,BDIP: An Efficient Big Data-Driven Information Processing Framework and Its Application in DDoS Attack Detection,2024,10.1109/tnsm.2024.3464729,paper/10.1109_TNSM.2024.3464729.pdf,恶意流量、暗网与攻击检测,,数据集、基准、工具与系统化评测; 轻量化、实时与高性能部署,高速流量实时检测与资源约束; 多源异构数据融合与上下文建模,强相关,14,未发现,,BDIP; Efficient; Big; Data-Driven; Information; Processing; Framework; Its
373,Beyond Spatial Priors: Spectral-Aware Hyperspectral Anomaly Detection Network via Heterogeneous–Homogeneous Super-Band and Quaternionic Sparse Representation,2025,10.1109/tgrs.2025.3639603,paper/10.1109_TGRS.2025.3639603.pdf,多媒体、医学、遥感与视频异常检测,入侵检测与网络异常检测; 其他AI安全与跨域异常检测,表征学习、预训练与Transformer,多源异构数据融合与上下文建模,中相关,5,未发现,,Beyond; Spatial; Priors; Spectral-Aware; Hyperspectral; Anomaly; Detection; Network
374,Bi-Grid Reconstruction for Image Anomaly Detection,2025,10.1109/tip.2025.3644787,paper/10.1109_TIP.2025.3644787.pdf,多媒体、医学、遥感与视频异常检测,入侵检测与网络异常检测; 其他AI安全与跨域异常检测,应用场景与系统化验证,开放世界未知攻击与误报控制,弱相关,4,未发现,,Bi-Grid; Reconstruction; Image; Anomaly; Detection; Although; Und
375,Bipartite Graph Anomaly Detection With Contrastive Learning,2025,10.1109/tcss.2025.3572961,paper/10.1109_TCSS.2025.3572961.pdf,其他AI安全与跨域异常检测,图学习、知识图谱与威胁情报; 入侵检测与网络异常检测,自监督、对比学习与少样本学习; 表征学习、预训练与Transformer; 图神经网络与关系建模; 鲁棒性、对抗防御与可信检测,多源异构数据融合与上下文建模,中相关,5,未发现,,Bipartite; Graph; Anomaly; Detection; Contrastive; Learning; Existing; GNN
376,Boosting Encrypted Traffic Classification Using Feature-Enhanced Recurrent Neural Network With Angle Constraint,2024,10.1109/tbdata.2024.3484674,paper/10.1109_TBDATA.2024.3484674.pdf,加密流量分类与应用识别,其他AI安全与跨域异常检测,轻量化、实时与高性能部署,加密与隐私保护造成可观测特征缺失; 高速流量实时检测与资源约束; 域迁移、概念漂移与真实网络分布变化; 边缘、IoT、车联网与工业场景约束,强相关,14,未发现,,Boosting; Encrypted; Traffic; Classification; Using; Feature-Enhanced; Recurrent; Neural
377,"Bottom Aggregating, Top Separating: An Aggregator and Separator Network for Encrypted Traffic Understanding",2025,10.1109/tifs.2025.3529316,paper/10.1109_TIFS.2025.3529316.pdf,加密流量分类与应用识别,,表征学习、预训练与Transformer; 轻量化、实时与高性能部署,加密与隐私保护造成可观测特征缺失; 高速流量实时检测与资源约束,强相关,16,未发现,,Bottom; Aggregating; Top; Separating; Aggregator; Separator; Network; Encrypted
378,BTGPT: Generative Pretrained Transformer for Benign Network Traffic,2025,10.1109/isaeece66033.2025.11159936,paper/10.1109_isaeece66033.2025.11159936.pdf,其他AI安全与跨域异常检测,,表征学习、预训练与Transformer; 生成式增强、GAN与扩散模型,加密与隐私保护造成可观测特征缺失; 多源异构数据融合与上下文建模,中相关,6,未发现,,BTGPT; Generative; Pretrained; Transformer; Benign; Network; Traffic; Input
379,CCLog: Actionable APT forensics via fused log semantics and provenance graph topology,2025,10.1016/j.comnet.2025.111660,paper/10.1016_j.comnet.2025.111660.pdf,图学习、知识图谱与威胁情报,,图神经网络与关系建模,多源异构数据融合与上下文建模,弱相关,4,未发现,,CCLog; Actionable; APT
380,CELEST: Federated Learning for Globally Coordinated Threat Detection,2025,10.1109/tifs.2025.3614442,paper/10.1109_TIFS.2025.3614442.pdf,恶意流量、暗网与攻击检测,联邦学习、隐私保护与分布式协同,联邦学习、隐私保护与协同训练; 数据集、基准、工具与系统化评测,开放世界未知攻击与误报控制,强相关,11,未发现,,CELEST; Federated; Learning; Globally; Coordinated; Threat; Detection; HTTP
381,CertTA: Certified Robustness Made Practical for Learning-Based Traffic Analysis,2025,10.5555/3766078.3766455,paper/10.5555_3766078.3766455.pdf,网络流量监测、测量与工具,,鲁棒性、对抗防御与可信检测,对抗规避、污染与鲁棒性,强相关,12,未发现,,CertTA; Certified; Robustness; Made; Practical; Learning-Based; Traffic; Analysis
382,CL-BioGAN: Biologically Inspired Cross-Domain Continual Learning for Hyperspectral Anomaly Detection,2025,10.1109/tgrs.2025.3561174,paper/10.1109_TGRS.2025.3561174.pdf,多媒体、医学、遥感与视频异常检测,其他AI安全与跨域异常检测; 入侵检测与网络异常检测,在线、增量、开放集与概念漂移; 生成式增强、GAN与扩散模型; 鲁棒性、对抗防御与可信检测,域迁移、概念漂移与真实网络分布变化; 对抗规避、污染与鲁棒性,弱相关,4,未发现,,CL-BioGAN; Biologically; Inspired; Cross-Domain; Continual; Learning; Hyperspectral; Anomaly
383,Class Incremental Website Fingerprinting Attack Based on Dynamic Expansion Architecture,2025,10.1109/tnsm.2025.3538895,paper/10.1109_TNSM.2025.3538895.pdf,加密流量分类与应用识别,恶意流量、暗网与攻击检测,在线、增量、开放集与概念漂移,加密与隐私保护造成可观测特征缺失; 域迁移、概念漂移与真实网络分布变化; 高速流量实时检测与资源约束,强相关,13,未发现,,Class; Incremental; Website; Fingerprinting; Attack; Based; Dynamic; Expansion
384,CLEAR: Spatial-Temporal Traffic Data Representation Learning for Traffic Prediction,2025,10.1109/tkde.2025.3536009,paper/10.1109_TKDE.2025.3536009.pdf,时序、日志、KPI 与云原生异常检测,,表征学习、预训练与Transformer; 多模态、多视图与特征融合; 自监督、对比学习与少样本学习; 轻量化、实时与高性能部署,域迁移、概念漂移与真实网络分布变化; 高速流量实时检测与资源约束; 多源异构数据融合与上下文建模,中相关,6,未发现,,CLEAR; Spatial-Temporal; Traffic; Data; Representation; Learning; Prediction
385,CLIP-Based Multi-Modal Feature Learning for Cloth-Changing Person Re-Identification,2025,10.1109/tip.2025.3602641,paper/10.1109_TIP.2025.3602641.pdf,多媒体、医学、遥感与视频异常检测,,多模态、多视图与特征融合; 表征学习、预训练与Transformer,多源异构数据融合与上下文建模,弱相关,1,未发现,,CLIP-Based; Multi-Modal; Feature; Learning; Cloth-Changing; Person; Re-Identification; Contrastive
386,Commander: A robust cross-machine multi-phase Advanced Persistent Threat detector via provenance analytics,2025,10.1016/j.jisa.2025.104057,paper/10.1016_j.jisa.2025.104057.pdf,图学习、知识图谱与威胁情报,,鲁棒性、对抗防御与可信检测,多源异构数据融合与上下文建模; 对抗规避、污染与鲁棒性; 加密与隐私保护造成可观测特征缺失,中相关,5,未发现,,Commander; Advanced; Persistent; Threat
387,Contrastive Multi-Knowledge Graph Learning for Fake News Detection,2025,10.1109/tnse.2025.3567296,paper/10.1109_TNSE.2025.3567296.pdf,图学习、知识图谱与威胁情报,其他AI安全与跨域异常检测,图神经网络与关系建模; 自监督、对比学习与少样本学习; 轻量化、实时与高性能部署,多源异构数据融合与上下文建模; 高速流量实时检测与资源约束; 边缘、IoT、车联网与工业场景约束,弱相关,4,已下载,Congrat -> source\Congrat,Contrastive; Multi-Knowledge; Graph; Learning; Fake; News; Detection; Although
388,Contrastive Self-Supervised Learning-Based Background Reconstruction for Hyperspectral Anomaly Detection,2025,10.1109/tgrs.2025.3534185,paper/10.1109_TGRS.2025.3534185.pdf,其他AI安全与跨域异常检测,多媒体、医学、遥感与视频异常检测; 入侵检测与网络异常检测,自监督、对比学习与少样本学习; 表征学习、预训练与Transformer; 轻量化、实时与高性能部署,域迁移、概念漂移与真实网络分布变化; 加密与隐私保护造成可观测特征缺失; 高速流量实时检测与资源约束,中相关,5,未发现,,Contrastive; Self-Supervised; Learning-Based; Background; Reconstruction; Hyperspectral; Anomaly; Detection
389,Cyber Attacks Prevention Toward Prosumer-Based EV Charging Stations: An Edge-Assisted Federated Prototype Knowledge Distillation Approach,2024,10.1109/tnsm.2024.3517621,paper/10.1109_TNSM.2024.3517621.pdf,恶意流量、暗网与攻击检测,联邦学习、隐私保护与分布式协同; IoT、车联网、工业互联网与边缘安全,联邦学习、隐私保护与协同训练; 可解释性、规则抽取与因果分析; 轻量化、实时与高性能部署,模型可解释、可信与可审计; 边缘、IoT、车联网与工业场景约束; 高速流量实时检测与资源约束,强相关,11,未发现,,Cyber; Attacks; Prevention; Toward; Prosumer-Based; Charging; Stations; Edge-Assisted
390,Cyberattack event logs classification using deep learning with semantic feature analysis,2024,10.1016/j.cose.2024.104222,paper/10.1016_j.cose.2024.104222.pdf,其他AI安全与跨域异常检测,恶意流量、暗网与攻击检测; 时序、日志、KPI 与云原生异常检测,可解释性、规则抽取与因果分析,开放世界未知攻击与误报控制,弱相关,2,未发现,,Cyberattack
391,D 3 Former: Dual-Decoder Dual-Transformer Reconstruction Network for Hyperspectral Anomaly Detection,2025,10.1109/tgrs.2025.3614482,paper/10.1109_TGRS.2025.3614482.pdf,多媒体、医学、遥感与视频异常检测,其他AI安全与跨域异常检测; 入侵检测与网络异常检测,表征学习、预训练与Transformer,开放世界未知攻击与误报控制,弱相关,4,已下载,TGRS-D3Former -> source\TGRS-D3Former,Former; Dual-Decoder; Dual-Transformer; Reconstruction; Network; Hyperspectral; Anomaly; Detection
392,DACAD: Domain Adaptation Contrastive Learning for Anomaly Detection in Multivariate Time Series,2025,10.1109/tkde.2025.3569909,paper/10.1109_TKDE.2025.3569909.pdf,其他AI安全与跨域异常检测,时序、日志、KPI 与云原生异常检测; 入侵检测与网络异常检测,自监督、对比学习与少样本学习,域迁移、概念漂移与真实网络分布变化; 标签稀缺、类别不平衡与长尾攻击,弱相关,2,已下载,DACAD -> source\DACAD,DACAD; Domain; Adaptation; Contrastive; Learning; Anomaly; Detection; Multivariate
393,DDoS Attack Detection in Consumer IoT-Based Healthcare Systems Using Improved Off-Policy Proximal Policy Optimization and Generative Adversarial Network,2025,10.1109/tce.2025.3605098,paper/10.1109_TCE.2025.3605098.pdf,恶意流量、暗网与攻击检测,IoT、车联网、工业互联网与边缘安全,生成式增强、GAN与扩散模型; 数据集、基准、工具与系统化评测; 鲁棒性、对抗防御与可信检测,对抗规避、污染与鲁棒性; 边缘、IoT、车联网与工业场景约束; 高速流量实时检测与资源约束,强相关,12,未发现,,DDoS; Attack; Detection; Consumer; IoT-Based; Healthcare; Systems; Using
394,Deep Graph Anomaly Detection: A Survey and New Perspectives,2025,10.1109/tkde.2025.3581578,paper/10.1109_TKDE.2025.3581578.pdf,数据集、基准、综述与开源工具,图学习、知识图谱与威胁情报; 其他AI安全与跨域异常检测,数据集、基准、工具与系统化评测; 表征学习、预训练与Transformer; 图神经网络与关系建模,多源异构数据融合与上下文建模; 数据集代表性、标准化评测与可复现,弱相关,3,未发现,,Deep; Graph; Anomaly; Detection; Survey; New; Perspectives; GAD
395,Deep Multimanifold Transformation-Based Multivariate Time Series Fault Detection,2025,10.1109/tnnls.2025.3584988,paper/10.1109_TNNLS.2025.3584988.pdf,时序、日志、KPI 与云原生异常检测,,数据集、基准、工具与系统化评测,开放世界未知攻击与误报控制,中相关,5,未发现,,Deep; Multimanifold; Transformation-Based; Multivariate; Time; Series; Fault; Detection
396,DeepDRAC: Disposition Recommendation for Alert Clusters Based on Security Event Patterns,2025,10.1109/tifs.2025.3580337,paper/10.1109_TIFS.2025.3580337.pdf,图学习、知识图谱与威胁情报,,图神经网络与关系建模; 数据集、基准、工具与系统化评测,开放世界未知攻击与误报控制,强相关,10,候选不可访问,DEEPDRACAppendix,DeepDRAC; Disposition; Recommendation; Alert; Clusters; Based; Security; Event
397,Detecting Multivariate Time Series Anomalies With Cascade Decomposition Consistency,2025,10.1109/tim.2025.3547479,paper/10.1109_TIM.2025.3547479.pdf,时序、日志、KPI 与云原生异常检测,,表征学习、预训练与Transformer; 数据集、基准、工具与系统化评测,开放世界未知攻击与误报控制,中相关,6,未发现,,Detecting; Multivariate; Time; Series; Anomalies; Cascade; Decomposition; Consistency
398,Detecting Smart Home Device Activities Using Packet-Level Signatures From Encrypted Traffic,2024,10.1109/tdsc.2024.3424299,paper/10.1109_TDSC.2024.3424299.pdf,加密流量分类与应用识别,IoT、车联网、工业互联网与边缘安全,数据集、基准、工具与系统化评测,边缘、IoT、车联网与工业场景约束; 加密与隐私保护造成可观测特征缺失,强相关,14,已下载,Packet-based-IoT-Event-Detection -> source\Packet-based-IoT-Event-Detection,Detecting; Smart; Home; Device; Activities; Using; Packet-Level; Signatures
399,Detecting unknown intrusions from large heterogeneous data through ensemble learning,2024,10.1016/j.iswa.2024.200465,paper/10.1016_j.iswa.2024.200465.pdf,IoT、车联网、工业互联网与边缘安全,,数据集、基准、工具与系统化评测,多源异构数据融合与上下文建模; 开放世界未知攻击与误报控制,中相关,5,未发现,,Detecting
400,Detection of Unknown Attacks Through Encrypted Traffic: A Gaussian Prototype-Aided Variational Autoencoder Framework,2025,10.1109/tifs.2025.3612141,paper/10.1109_TIFS.2025.3612141.pdf,入侵检测与网络异常检测,加密流量分类与应用识别; 恶意流量、暗网与攻击检测,数据集、基准、工具与系统化评测; 生成式增强、GAN与扩散模型; 可解释性、规则抽取与因果分析,开放世界未知攻击与误报控制; 加密与隐私保护造成可观测特征缺失; 模型可解释、可信与可审计,强相关,12,已下载,Open-Detect -> source\Open-Detect,Detection; Unknown; Attacks; Through; Encrypted; Traffic; Gaussian; Prototype-Aided
401,Detection of Voltage Droop-Induced Timing Fault Attacks Due to Hardware Trojans,2024,10.1109/tcad.2024.3418395,paper/10.1109_TCAD.2024.3418395.pdf,恶意流量、暗网与攻击检测,,应用场景与系统化验证,域迁移、概念漂移与真实网络分布变化,强相关,10,未发现,,Detection; Voltage; Droop-Induced; Timing; Fault; Attacks; Due; Hardware
402,Disentangled Dynamic Intrusion Detection,2025,10.1109/tpami.2025.3595671,paper/10.1109_TPAMI.2025.3595671.pdf,入侵检测与网络异常检测,,应用场景与系统化验证,域迁移、概念漂移与真实网络分布变化,强相关,15,未发现,,Disentangled; Dynamic; Intrusion; Detection; Network-based; NIDS; DIDS-MFL; F1-score
403,DM-IDS—A Network Intrusion Detection Method Based on Dual-Modal Fusion,2025,10.1109/tnsm.2025.3565614,paper/10.1109_TNSM.2025.3565614.pdf,入侵检测与网络异常检测,,多模态、多视图与特征融合; 数据集、基准、工具与系统化评测; 在线、增量、开放集与概念漂移; 轻量化、实时与高性能部署,多源异构数据融合与上下文建模; 边缘、IoT、车联网与工业场景约束; 域迁移、概念漂移与真实网络分布变化; 高速流量实时检测与资源约束,强相关,18,未发现,,DM-IDS; Network; Intrusion; Detection; Method; Based; Dual-Modal; Fusion
404,DRCAD: Dual-View Experts Routing and Counterfactual Generation for Explainable Time Series Anomaly Detection,2025,10.1109/tifs.2025.3639899,paper/10.1109_tifs.2025.3639899.pdf,时序、日志、KPI 与云原生异常检测,其他AI安全与跨域异常检测; 入侵检测与网络异常检测,可解释性、规则抽取与因果分析; 数据集、基准、工具与系统化评测,模型可解释、可信与可审计; 数据集代表性、标准化评测与可复现,中相关,9,未发现,,DRCAD; Dual-View; Experts; Routing; Counterfactual; Generation; Explainable; Time
405,Drift-oriented Self-evolving Encrypted Traffic Application Classification for Actual Network Environment,2025,10.48550/arXiv.2501.04246,paper/10.48550_arXiv.2501.04246.pdf,加密流量分类与应用识别,其他AI安全与跨域异常检测,在线、增量、开放集与概念漂移; 数据集、基准、工具与系统化评测,域迁移、概念漂移与真实网络分布变化; 加密与隐私保护造成可观测特征缺失; 多源异构数据融合与上下文建模,强相关,12,未发现,,Drift-oriented; Self-evolving; Encrypted; Traffic; Application; Classification; Actual; Network
406,Dual Spatio-Temporal Contrastive Learning Network With Adaptive Threshold Generation for Anomaly Detection of Electric Submersible Pump,2025,10.1109/tim.2025.3587359,paper/10.1109_TIM.2025.3587359.pdf,其他AI安全与跨域异常检测,入侵检测与网络异常检测; 时序、日志、KPI 与云原生异常检测,多模态、多视图与特征融合; 自监督、对比学习与少样本学习; 数据集、基准、工具与系统化评测,多源异构数据融合与上下文建模,中相关,6,未发现,,Dual; Spatio-Temporal; Contrastive; Learning; Network; Adaptive; Threshold; Generation
407,Dual Temporal Masked Modeling for KPI Anomaly Detection via Similarity Aggregation,2024,10.1109/tnsm.2024.3486167,paper/10.1109_TNSM.2024.3486167.pdf,时序、日志、KPI 与云原生异常检测,其他AI安全与跨域异常检测; 入侵检测与网络异常检测,应用场景与系统化验证,域迁移、概念漂移与真实网络分布变化,中相关,7,已下载,GT-DMASA -> source\GT-DMASA,Dual; Temporal; Masked; Modeling; KPI; Anomaly; Detection; Similarity
408,eBiTCN: Efficient bidirectional temporal convolution network for encrypted malicious network traffic detection,2025,10.1177/0926227x251326282,paper/10.1177_0926227x251326282.pdf,时序、日志、KPI 与云原生异常检测,,轻量化、实时与高性能部署; 数据集、基准、工具与系统化评测,高速流量实时检测与资源约束; 加密与隐私保护造成可观测特征缺失; 域迁移、概念漂移与真实网络分布变化,强相关,14,未发现,,Efficient; Temporal; TCNs; However
409,Edge-featured multi-hop attention graph neural network for intrusion detection system,2024,10.1016/j.cose.2024.104132,paper/10.1016_j.cose.2024.104132.pdf,入侵检测与网络异常检测,图学习、知识图谱与威胁情报; IoT、车联网、工业互联网与边缘安全,表征学习、预训练与Transformer; 图神经网络与关系建模; 数据集、基准、工具与系统化评测; 轻量化、实时与高性能部署,多源异构数据融合与上下文建模; 边缘、IoT、车联网与工业场景约束; 高速流量实时检测与资源约束,强相关,11,未发现,,Edge-featured
410,Efficient Intrusion Detection for In-Vehicle Networks Using Knowledge Distillation From BERT to CNN-BiLSTM,2025,10.1109/tifs.2025.3581117,paper/10.1109_TIFS.2025.3581117.pdf,入侵检测与网络异常检测,IoT、车联网、工业互联网与边缘安全,轻量化、实时与高性能部署; 表征学习、预训练与Transformer,高速流量实时检测与资源约束; 边缘、IoT、车联网与工业场景约束,强相关,13,未发现,,Efficient; Intrusion; Detection; In-Vehicle; Networks; Using; Knowledge; Distillation
411,Efficient Intrusion Detection in AMI Systems Based on Federated Semi-Supervised Learning,2025,10.1109/tnse.2025.3562751,paper/10.1109_TNSE.2025.3562751.pdf,入侵检测与网络异常检测,联邦学习、隐私保护与分布式协同,联邦学习、隐私保护与协同训练; 数据集、基准、工具与系统化评测; 自监督、对比学习与少样本学习; 轻量化、实时与高性能部署,标签稀缺、类别不平衡与长尾攻击; 高速流量实时检测与资源约束,强相关,14,未发现,,Efficient; Intrusion; Detection; AMI; Systems; Based; Federated; Semi-Supervised
412,Empirical Study of Hierarchical Intrusion Detection Systems for Unknown Attacks,2025,10.1109/tnsm.2025.3600378,paper/10.1109_TNSM.2025.3600378.pdf,入侵检测与网络异常检测,恶意流量、暗网与攻击检测; IoT、车联网、工业互联网与边缘安全,数据集、基准、工具与系统化评测; 在线、增量、开放集与概念漂移; 轻量化、实时与高性能部署,开放世界未知攻击与误报控制; 边缘、IoT、车联网与工业场景约束; 高速流量实时检测与资源约束,强相关,13,未发现,,Empirical; Study; Hierarchical; Intrusion; Detection; Systems; Unknown; Attacks
413,Encrypted Traffic Classification Through Deep Domain Adaptation Network With Smooth Characteristic Function,2025,10.1109/tnsm.2025.3534791,paper/10.1109_TNSM.2025.3534791.pdf,加密流量分类与应用识别,其他AI安全与跨域异常检测,应用场景与系统化验证,加密与隐私保护造成可观测特征缺失; 域迁移、概念漂移与真实网络分布变化,强相关,12,未发现,,Encrypted; Traffic; Classification; Through; Deep; Domain; Adaptation; Network
414,EncryptoVision: A dual-modal fusion-based multi-classification model for encrypted traffic recognition,2025,10.1016/j.comnet.2025.111499,paper/10.1016_j.comnet.2025.111499.pdf,加密流量分类与应用识别,其他AI安全与跨域异常检测,多模态、多视图与特征融合; 表征学习、预训练与Transformer,加密与隐私保护造成可观测特征缺失; 多源异构数据融合与上下文建模,强相关,10,未发现,,EncryptoVision
415,End-to-End Abnormal Subgraph Detection via Subgraph-Level Contrastive Learning,2025,10.1109/tnnls.2025.3573922,paper/10.1109_TNNLS.2025.3573922.pdf,其他AI安全与跨域异常检测,入侵检测与网络异常检测; 图学习、知识图谱与威胁情报,自监督、对比学习与少样本学习; 数据集、基准、工具与系统化评测,多源异构数据融合与上下文建模; 数据集代表性、标准化评测与可复现,弱相关,1,未发现,,End-to-End; Abnormal; Subgraph; Detection; Subgraph-Level; Contrastive; Learning; NMI
416,End-to-End Attack Scene Reconstruction in a Host With Rules and Anomaly-Based Detection Models,2025,10.1109/tifs.2025.3588251,paper/10.1109_TIFS.2025.3588251.pdf,恶意流量、暗网与攻击检测,其他AI安全与跨域异常检测,可解释性、规则抽取与因果分析; 数据集、基准、工具与系统化评测,多源异构数据融合与上下文建模; 开放世界未知攻击与误报控制,强相关,10,已下载,eaGle -> source\eaGle,End-to-End; Attack; Scene; Reconstruction; Host; Rules; Anomaly-Based; Detection
417,Enhancing Anti-Interference of Magnetic Tracking: A MagRobustNet-Based Framework With Self-Supervised Anomaly Detection and Measurements Recovery,2024,10.1109/tii.2024.3461774,paper/10.1109_TII.2024.3461774.pdf,其他AI安全与跨域异常检测,入侵检测与网络异常检测; 网络流量监测、测量与工具,鲁棒性、对抗防御与可信检测; 数据集、基准、工具与系统化评测; 自监督、对比学习与少样本学习,对抗规避、污染与鲁棒性,弱相关,2,未发现,,Enhancing; Anti-Interference; Magnetic; Tracking; MagRobustNet-Based; Framework; Self-Supervised; Anomaly
418,Enhancing Multivariate Time Series Anomaly Detection With an Inference Stacked Recurrent-Autoencoder in Strong Mechanistic Contexts,2024,10.1109/tii.2024.3485808,paper/10.1109_TII.2024.3485808.pdf,其他AI安全与跨域异常检测,时序、日志、KPI 与云原生异常检测; 入侵检测与网络异常检测,应用场景与系统化验证,多源异构数据融合与上下文建模; 边缘、IoT、车联网与工业场景约束,弱相关,2,未发现,,Enhancing; Multivariate; Time; Series; Anomaly; Detection; Inference; Stacked
419,Ensemble Intrusion Detection Based on Heterogeneous Data Augmentation and Knowledge Distillation,2025,10.1109/tii.2025.3593924,paper/10.1109_TII.2025.3593924.pdf,入侵检测与网络异常检测,IoT、车联网、工业互联网与边缘安全,生成式增强、GAN与扩散模型; 轻量化、实时与高性能部署,高速流量实时检测与资源约束; 多源异构数据融合与上下文建模; 边缘、IoT、车联网与工业场景约束,强相关,11,未发现,,Ensemble; Intrusion; Detection; Based; Heterogeneous; Data; Augmentation; Knowledge
420,Ensuring Zero Trust IoT Data Privacy: Differential Privacy in Blockchain Using Federated Learning,2024,10.1109/tce.2024.3444824,paper/10.1109_TCE.2024.3444824.pdf,联邦学习、隐私保护与分布式协同,IoT、车联网、工业互联网与边缘安全,联邦学习、隐私保护与协同训练; 鲁棒性、对抗防御与可信检测; 数据集、基准、工具与系统化评测,加密与隐私保护造成可观测特征缺失; 模型可解释、可信与可审计; 边缘、IoT、车联网与工业场景约束,弱相关,3,已下载,DP_Blockchain -> source\DP_Blockchain,Ensuring; Zero; Trust; IoT; Data; Privacy; Differential; Blockchain
421,ERFS: Efficient Feature Graph Representation for Intrusion Detection Based on Flow Semantic Association,2025,10.1109/tccn.2025.3543357,paper/10.1109_TCCN.2025.3543357.pdf,入侵检测与网络异常检测,图学习、知识图谱与威胁情报,表征学习、预训练与Transformer; 轻量化、实时与高性能部署; 鲁棒性、对抗防御与可信检测,高速流量实时检测与资源约束; 多源异构数据融合与上下文建模; 对抗规避、污染与鲁棒性,强相关,13,已下载,ERFS -> source\ERFS,ERFS; Efficient; Feature; Graph; Representation; Intrusion; Detection; Based
422,ETGuard: Malicious Encrypted Traffic Detection in Blockchain-Based Power Grid Systems,2025,10.1007/978-981-97-9412-6_40,paper/10.1007_978-981-97-9412-6_40.pdf,加密流量分类与应用识别,恶意流量、暗网与攻击检测; 联邦学习、隐私保护与分布式协同,数据集、基准、工具与系统化评测; 联邦学习、隐私保护与协同训练,加密与隐私保护造成可观测特征缺失; 数据集代表性、标准化评测与可复现,强相关,14,未发现,,ETGuard; Malicious; Encrypted; Traffic; Detection; Blockchain-Based; Power; Grid
423,Evolving ML-Based Intrusion Detection: Cyber Threat Intelligence for Dynamic Model Updates,2025,10.1109/tmlcn.2025.3564587,paper/10.1109_tmlcn.2025.3564587.pdf,入侵检测与网络异常检测,图学习、知识图谱与威胁情报,在线、增量、开放集与概念漂移,域迁移、概念漂移与真实网络分布变化,强相关,13,未发现,,Evolving; ML-Based; Intrusion; Detection; Cyber; Threat; Intelligence; Dynamic
424,Exposing and Circumventing SNI-based QUIC Censorship of the Great Firewall of China,2025,10.5555/3766078.3766119,paper/10.5555_3766078.3766119.pdf,加密流量分类与应用识别,,数据集、基准、工具与系统化评测,加密与隐私保护造成可观测特征缺失,强相关,11,未发现,,Exposing; Circumventing; SNI-based; QUIC; Censorship; Great; Firewall; China
425,Facing Differences of Similarity: Intra- and Inter-Correlation Unsupervised Learning for Chest X-Ray Anomaly Detection,2024,10.1109/tmi.2024.3461231,paper/10.1109_TMI.2024.3461231.pdf,入侵检测与网络异常检测,其他AI安全与跨域异常检测,应用场景与系统化验证,开放世界未知攻击与误报控制,强相关,10,未发现,,Facing; Differences; Similarity; Intra; Inter-Correlation; Unsupervised; Learning; Chest
426,FALL: Prior Failure Detection in Large Scale System Based on Language Model,2024,10.1109/tdsc.2024.3396166,paper/10.1109_TDSC.2024.3396166.pdf,其他AI安全与跨域异常检测,,表征学习、预训练与Transformer; 数据集、基准、工具与系统化评测; 轻量化、实时与高性能部署,高速流量实时检测与资源约束,弱相关,2,未发现,,FALL; Prior; Failure; Detection; Large; Scale; System; Based
427,FC2P: Feature Cross-Channel Projection for Unsupervised Anomaly Segmentation,2025,10.1109/tim.2025.3608319,paper/10.1109_TIM.2025.3608319.pdf,多媒体、医学、遥感与视频异常检测,其他AI安全与跨域异常检测,表征学习、预训练与Transformer; 轻量化、实时与高性能部署,高速流量实时检测与资源约束; 边缘、IoT、车联网与工业场景约束,弱相关,3,已下载,work-2 -> source\work-2,FC2P; Feature; Cross-Channel; Projection; Unsupervised; Anomaly; Segmentation; While
428,FeatDAE: Introducing Features With Denoising Autoencoder for Anomaly Detection,2025,10.1109/tim.2025.3565336,paper/10.1109_TIM.2025.3565336.pdf,其他AI安全与跨域异常检测,入侵检测与网络异常检测,应用场景与系统化验证,边缘、IoT、车联网与工业场景约束,弱相关,3,未发现,,FeatDAE; Introducing; Features; Denoising; Autoencoder; Anomaly; Detection; Reconstructive
429,FeCo: Boosting Intrusion Detection Capability in IoT Networks via Contrastive Learning,2025,10.1109/tdsc.2025.3544106,paper/10.1109_TDSC.2025.3544106.pdf,入侵检测与网络异常检测,其他AI安全与跨域异常检测; IoT、车联网、工业互联网与边缘安全,自监督、对比学习与少样本学习; 数据集、基准、工具与系统化评测,边缘、IoT、车联网与工业场景约束; 加密与隐私保护造成可观测特征缺失,强相关,13,未发现,,FeCo; Boosting; Intrusion; Detection; Capability; IoT; Networks; Contrastive
430,FeCoGraph: Label-Aware Federated Graph Contrastive Learning for Few-Shot Network Intrusion Detection,2025,10.1109/tifs.2025.3541890,paper/10.1109_TIFS.2025.3541890.pdf,入侵检测与网络异常检测,图学习、知识图谱与威胁情报; 其他AI安全与跨域异常检测,自监督、对比学习与少样本学习; 联邦学习、隐私保护与协同训练; 图神经网络与关系建模; 数据集、基准、工具与系统化评测,标签稀缺、类别不平衡与长尾攻击; 多源异构数据融合与上下文建模,强相关,16,已下载,MaoPopovich/FeCoGraph -> source\FeCoGraph,FeCoGraph; Label-Aware; Federated; Graph; Contrastive; Learning; Few-Shot; Network
431,Fed-IoMT-Block: A Privacy-Preserving Framework for Secure Federated Learning in Consumer-Centric Internet of Medical Things,2025,10.1109/tce.2025.3582794,paper/10.1109_TCE.2025.3582794.pdf,多媒体、医学、遥感与视频异常检测,联邦学习、隐私保护与分布式协同,联邦学习、隐私保护与协同训练; 数据集、基准、工具与系统化评测,加密与隐私保护造成可观测特征缺失,弱相关,3,未发现,,Fed-IoMT-Block; Privacy-Preserving; Framework; Secure; Federated; Learning; Consumer-Centric; Internet
432,Fed-RWM: A Robust Watermarking Approach for Federated Learning Model Ownership Protection,2025,10.1109/tnsm.2025.3596692,paper/10.1109_TNSM.2025.3596692.pdf,联邦学习、隐私保护与分布式协同,IoT、车联网、工业互联网与边缘安全,联邦学习、隐私保护与协同训练; 鲁棒性、对抗防御与可信检测; 轻量化、实时与高性能部署,对抗规避、污染与鲁棒性; 边缘、IoT、车联网与工业场景约束; 加密与隐私保护造成可观测特征缺失; 高速流量实时检测与资源约束,中相关,8,未发现,,Fed-RWM; Robust; Watermarking; Approach; Federated; Learning; Model; Ownership
433,Fed-UGI: Federated Undersampling Learning Framework With Gini Impurity for Imbalanced Network Intrusion Detection,2024,10.1109/tifs.2024.3516547,paper/10.1109_TIFS.2024.3516547.pdf,入侵检测与网络异常检测,联邦学习、隐私保护与分布式协同,数据集、基准、工具与系统化评测; 联邦学习、隐私保护与协同训练,标签稀缺、类别不平衡与长尾攻击,强相关,10,未发现,,Fed-UGI; Federated; Undersampling; Learning; Framework; Gini; Impurity; Imbalanced
434,Federated-Boosting: A Distributed and Dynamic Boosting-Powered Cyber-Attack Detection Scheme for Security and Privacy of Consumer IoT,2024,10.1109/tce.2024.3499942,paper/10.1109_TCE.2024.3499942.pdf,联邦学习、隐私保护与分布式协同,IoT、车联网、工业互联网与边缘安全; 恶意流量、暗网与攻击检测,联邦学习、隐私保护与协同训练,域迁移、概念漂移与真实网络分布变化; 加密与隐私保护造成可观测特征缺失; 边缘、IoT、车联网与工业场景约束,中相关,6,未发现,,Federated-Boosting; Distributed; Dynamic; Boosting-Powered; Cyber-Attack; Detection; Scheme; Security
435,Federated Edge Intelligence for Enhanced Security in Consumer Intermittent Healthcare Devices Using Adversarial Examples,2024,10.1109/tce.2024.3511615,paper/10.1109_TCE.2024.3511615.pdf,联邦学习、隐私保护与分布式协同,IoT、车联网、工业互联网与边缘安全,联邦学习、隐私保护与协同训练; 鲁棒性、对抗防御与可信检测; 轻量化、实时与高性能部署; 数据集、基准、工具与系统化评测,对抗规避、污染与鲁棒性; 高速流量实时检测与资源约束; 边缘、IoT、车联网与工业场景约束; 加密与隐私保护造成可观测特征缺失,中相关,9,未发现,,Federated; Edge; Intelligence; Enhanced; Security; Consumer; Intermittent; Healthcare
436,Federated Graph Anomaly Detection via Contrastive Self-Supervised Learning,2024,10.1109/tnnls.2024.3414326,paper/10.1109_TNNLS.2024.3414326.pdf,其他AI安全与跨域异常检测,联邦学习、隐私保护与分布式协同; 入侵检测与网络异常检测,自监督、对比学习与少样本学习; 联邦学习、隐私保护与协同训练; 表征学习、预训练与Transformer; 数据集、基准、工具与系统化评测,多源异构数据融合与上下文建模; 加密与隐私保护造成可观测特征缺失,弱相关,4,未发现,,Federated; Graph; Anomaly; Detection; Contrastive; Self-Supervised; Learning; Attribute
437,Federated Learning Under Attack: Exposing Vulnerabilities Through Data Poisoning Attacks in Computer Networks,2025,10.1109/tnsm.2025.3525554,paper/10.1109_TNSM.2025.3525554.pdf,恶意流量、暗网与攻击检测,联邦学习、隐私保护与分布式协同,联邦学习、隐私保护与协同训练; 鲁棒性、对抗防御与可信检测; 数据集、基准、工具与系统化评测,对抗规避、污染与鲁棒性,强相关,10,未发现,,Federated; Learning; Under; Attack; Exposing; Vulnerabilities; Through; Data
438,Federated Malware Detection in Flying Ad Hoc Drone Networks Using Hybrid Convolutional Learning and Adaptive Optimization,2025,10.1109/tce.2025.3618628,paper/10.1109_TCE.2025.3618628.pdf,IoT、车联网、工业互联网与边缘安全,联邦学习、隐私保护与分布式协同; 入侵检测与网络异常检测,联邦学习、隐私保护与协同训练; 轻量化、实时与高性能部署; 数据集、基准、工具与系统化评测,边缘、IoT、车联网与工业场景约束; 高速流量实时检测与资源约束; 加密与隐私保护造成可观测特征缺失,强相关,12,未发现,,Federated; Malware; Detection; Flying; Hoc; Drone; Networks; Using
439,Federated transfer learning for rare attack class detection in network intrusion detection systems,2025,10.1038/s41598-025-02068-x,paper/10.1038_s41598-025-02068-x.pdf,入侵检测与网络异常检测,恶意流量、暗网与攻击检测; 联邦学习、隐私保护与分布式协同,联邦学习、隐私保护与协同训练; 数据集、基准、工具与系统化评测,域迁移、概念漂移与真实网络分布变化,强相关,12,未发现,,Federated
440,FedIn-NID: A Federated Learning Framework for Network Intrusion Detection in Large-Scale Heterogeneous Industrial IoT,2025,10.1109/tifs.2025.3602226,paper/10.1109_TIFS.2025.3602226.pdf,入侵检测与网络异常检测,IoT、车联网、工业互联网与边缘安全; 联邦学习、隐私保护与分布式协同,联邦学习、隐私保护与协同训练; 数据集、基准、工具与系统化评测,边缘、IoT、车联网与工业场景约束; 多源异构数据融合与上下文建模,强相关,10,未发现,,FedIn-NID; Federated; Learning; Framework; Network; Intrusion; Detection; Large-Scale
441,Few-Shot Anomaly Detection via Category-Agnostic Registration Learning,2024,10.1109/tnnls.2024.3465446,paper/10.1109_TNNLS.2024.3465446.pdf,其他AI安全与跨域异常检测,入侵检测与网络异常检测,自监督、对比学习与少样本学习; 轻量化、实时与高性能部署; 数据集、基准、工具与系统化评测,标签稀缺、类别不平衡与长尾攻击; 高速流量实时检测与资源约束,弱相关,3,已下载,CAReg -> source\CAReg,Few-Shot; Anomaly; Detection; Category-Agnostic; Registration; Learning; Most; NTRODUCTION
442,Few-Shot Website Fingerprinting With Distribution Calibration,2024,10.1109/tdsc.2024.3411014,paper/10.1109_TDSC.2024.3411014.pdf,加密流量分类与应用识别,,自监督、对比学习与少样本学习; 数据集、基准、工具与系统化评测,加密与隐私保护造成可观测特征缺失; 域迁移、概念漂移与真实网络分布变化; 标签稀缺、类别不平衡与长尾攻击,强相关,11,未发现,,Few-Shot; Website; Fingerprinting; Distribution; Calibration; Tor; Unfortunately
443,FG-SAT: Efficient Flow Graph for Encrypted Traffic Classification Under Environment Shifts,2025,10.1109/tifs.2025.3571663,paper/10.1109_TIFS.2025.3571663.pdf,加密流量分类与应用识别,图学习、知识图谱与威胁情报; 其他AI安全与跨域异常检测,轻量化、实时与高性能部署; 图神经网络与关系建模,加密与隐私保护造成可观测特征缺失; 高速流量实时检测与资源约束; 多源异构数据融合与上下文建模,强相关,17,未发现,,FG-SAT; Efficient; Flow; Graph; Encrypted; Traffic; Classification; Under
444,FIR-GNN: A Graph Neural Network Using Flow Interaction Relationships for Intrusion Detection of Consumer Electronics in Smart Home Network,2025,10.1109/tce.2025.3548798,paper/10.1109_TCE.2025.3548798.pdf,入侵检测与网络异常检测,图学习、知识图谱与威胁情报; IoT、车联网、工业互联网与边缘安全,图神经网络与关系建模; 表征学习、预训练与Transformer; 轻量化、实时与高性能部署,边缘、IoT、车联网与工业场景约束; 多源异构数据融合与上下文建模; 高速流量实时检测与资源约束,强相关,19,已下载,Hafizh28/FIR-GNN -> source\FIR-GNN; MengyiFu/FIR-GNN -> source\MengyiFu_FIR-GNN,FIR-GNN; Graph; Neural; Network; Using; Flow; Interaction; Relationships
445,Flow Microelement-Driven Traffic Relationship Analysis: Robust Detection of Malicious Encrypted Traffic,2025,10.1109/tifs.2025.3613971,paper/10.1109_TIFS.2025.3613971.pdf,加密流量分类与应用识别,恶意流量、暗网与攻击检测,鲁棒性、对抗防御与可信检测; 数据集、基准、工具与系统化评测,加密与隐私保护造成可观测特征缺失; 对抗规避、污染与鲁棒性; 域迁移、概念漂移与真实网络分布变化; 多源异构数据融合与上下文建模,强相关,19,已下载,BSTS-Net -> source\BSTS-Net,Flow; Microelement-Driven; Traffic; Relationship; Analysis; Robust; Detection; Malicious
446,Frequency-Domain Anomaly Detection for Encrypted Traffic in Industrial Control Systems,2025,10.1109/tii.2025.3582394,paper/10.1109_TII.2025.3582394.pdf,加密流量分类与应用识别,入侵检测与网络异常检测; 其他AI安全与跨域异常检测,数据集、基准、工具与系统化评测,加密与隐私保护造成可观测特征缺失; 边缘、IoT、车联网与工业场景约束,强相关,12,未发现,,Frequency-Domain; Anomaly; Detection; Encrypted; Traffic; Industrial; Control; Systems
447,Frequency-Domain Spectrum Discrepancy-Based Fast Anomaly Detection for IIoT Sensor Time-Series Signals,2025,10.1109/tim.2025.3554286,paper/10.1109_TIM.2025.3554286.pdf,IoT、车联网、工业互联网与边缘安全,入侵检测与网络异常检测; 其他AI安全与跨域异常检测,轻量化、实时与高性能部署,边缘、IoT、车联网与工业场景约束; 高速流量实时检测与资源约束,中相关,7,已下载,FADSD -> source\FADSD,Frequency-Domain; Spectrum; Discrepancy-Based; Fast; Anomaly; Detection; IIoT; Sensor
448,Fuzzy State-Driven Cross-Time Spatial Dependence Learning for Multivariate Time-Series Anomaly Detection,2024,10.1109/tnnls.2024.3371109,paper/10.1109_TNNLS.2024.3371109.pdf,时序、日志、KPI 与云原生异常检测,入侵检测与网络异常检测; 其他AI安全与跨域异常检测,应用场景与系统化验证,多源异构数据融合与上下文建模,中相关,7,未发现,,Fuzzy; State-Driven; Cross-Time; Spatial; Dependence; Learning; Multivariate; Time-Series
449,Global or Local Adaptation? Client-Sampled Federated Meta-Learning for Personalized IoT Intrusion Detection,2024,10.1109/tifs.2024.3516548,paper/10.1109_TIFS.2024.3516548.pdf,入侵检测与网络异常检测,联邦学习、隐私保护与分布式协同; IoT、车联网、工业互联网与边缘安全,联邦学习、隐私保护与协同训练,边缘、IoT、车联网与工业场景约束,强相关,16,未发现,,Global; Local; Adaptation; Client-Sampled; Federated; Meta-Learning; Personalized; IoT
450,GNN-Enhanced Traffic Anomaly Detection for Next-Generation SDN-Enabled Consumer Electronics,2025,10.1109/tce.2025.3620095,paper/10.1109_TCE.2025.3620095.pdf,入侵检测与网络异常检测,IoT、车联网、工业互联网与边缘安全; 图学习、知识图谱与威胁情报,图神经网络与关系建模,开放世界未知攻击与误报控制,强相关,11,未发现,,GNN-Enhanced; Traffic; Anomaly; Detection; Next-Generation; SDN-Enabled; Consumer; Electronics
451,GrainBrain: Multiview Identification and Stratification of Defective Grain Kernels,2025,10.1109/tii.2025.3528555,paper/10.1109_TII.2025.3528555.pdf,其他AI安全与跨域异常检测,,数据集、基准、工具与系统化评测,开放世界未知攻击与误报控制,弱相关,2,未发现,,GrainBrain; Multiview; Identification; Stratification; Defective; Grain; Kernels; Typically
452,Graph Anomaly Detection in Time Series: A Survey,2025,10.1109/tpami.2025.3566620,paper/10.1109_TPAMI.2025.3566620.pdf,数据集、基准、综述与开源工具,入侵检测与网络异常检测; 图学习、知识图谱与威胁情报,数据集、基准、工具与系统化评测,数据集代表性、标准化评测与可复现; 多源异构数据融合与上下文建模,弱相关,4,未发现,,Graph; Anomaly; Detection; Time; Series; Survey; Time-Series; TSAD
453,Graph Anomaly Detection via Multiscale Contrastive Self-Supervised Learning From Local to Global,2024,10.1109/tcss.2024.3457161,paper/10.1109_TCSS.2024.3457161.pdf,其他AI安全与跨域异常检测,入侵检测与网络异常检测; 图学习、知识图谱与威胁情报,自监督、对比学习与少样本学习; 数据集、基准、工具与系统化评测,多源异构数据融合与上下文建模,弱相关,3,未发现,,Graph; Anomaly; Detection; Multiscale; Contrastive; Self-Supervised; Learning; From
454,GraphTAN: Temporal Attention Network for Learning Graph-Level Embedding,2025,10.1109/tcss.2025.3544460,paper/10.1109_TCSS.2025.3544460.pdf,图学习、知识图谱与威胁情报,时序、日志、KPI 与云原生异常检测,表征学习、预训练与Transformer; 图神经网络与关系建模,多源异构数据融合与上下文建模; 域迁移、概念漂移与真实网络分布变化,中相关,6,未发现,,GraphTAN; Temporal; Attention; Network; Learning; Graph-Level; Embedding; Numerous
455,GSA-DT: A Malicious Traffic Detection Model Based on Graph Self-Attention Network and Decision Tree,2025,10.1109/tnsm.2025.3531885,paper/10.1109_TNSM.2025.3531885.pdf,恶意流量、暗网与攻击检测,图学习、知识图谱与威胁情报,表征学习、预训练与Transformer,多源异构数据融合与上下文建模,强相关,14,未发现,,GSA-DT; Malicious; Traffic; Detection; Model; Based; Graph; Self-Attention
456,GT-HAD: Gated Transformer for Hyperspectral Anomaly Detection,2024,10.1109/tnnls.2024.3355166,paper/10.1109_TNNLS.2024.3355166.pdf,多媒体、医学、遥感与视频异常检测,其他AI安全与跨域异常检测; 入侵检测与网络异常检测,表征学习、预训练与Transformer,域迁移、概念漂移与真实网络分布变化,弱相关,3,已下载,NanWangAC/GT-HAD -> source\GT-HAD; jeline0110/GT-HAD -> source\jeline0110_GT-HAD,GT-HAD; Gated; Transformer; Hyperspectral; Anomaly; Detection; HAD; According
457,GTAE-IDS: Graph Transformer-Based Autoencoder Framework for Real-Time Network Intrusion Detection,2025,10.1109/tifs.2025.3557741,paper/10.1109_TIFS.2025.3557741.pdf,入侵检测与网络异常检测,其他AI安全与跨域异常检测; 图学习、知识图谱与威胁情报,数据集、基准、工具与系统化评测; 表征学习、预训练与Transformer; 轻量化、实时与高性能部署,多源异构数据融合与上下文建模; 高速流量实时检测与资源约束; 标签稀缺、类别不平衡与长尾攻击,强相关,19,未发现,,GTAE-IDS; Graph; Transformer-Based; Autoencoder; Framework; Real-Time; Network; Intrusion
458,Guarding Graph Neural Networks for Unsupervised Graph Anomaly Detection,2025,10.1109/tnnls.2025.3569526,paper/10.1109_TNNLS.2025.3569526.pdf,图学习、知识图谱与威胁情报,入侵检测与网络异常检测; 其他AI安全与跨域异常检测,图神经网络与关系建模; 表征学习、预训练与Transformer; 数据集、基准、工具与系统化评测,多源异构数据融合与上下文建模; 标签稀缺、类别不平衡与长尾攻击,强相关,10,未发现,,Guarding; Graph; Neural; Networks; Unsupervised; Anomaly; Detection; Set
459,Guest Editorial: Introduction to the Special Section on Large Models for Future Vehicles and Transportation,2025,10.1109/tvt.2025.3528618,paper/10.1109_TVT.2025.3528618.pdf,IoT、车联网、工业互联网与边缘安全,,应用场景与系统化验证,边缘、IoT、车联网与工业场景约束; 加密与隐私保护造成可观测特征缺失,中相关,5,未发现,,Guest; Editorial; Introduction; Special; Section; Large; Models; Future
460,Guest Editorial of the Special Section on Advances in Neural Computing-Enabled Device Health Management for Consumer Technology,2025,10.1109/tce.2025.3595513,paper/10.1109_TCE.2025.3595513.pdf,加密流量分类与应用识别,,应用场景与系统化验证,加密与隐私保护造成可观测特征缺失,中相关,8,未发现,,Guest; Editorial; Special; Section; Advances; Neural; Computing-Enabled; Device
461,Hawkeye: Diagnosing RDMA Network Performance Anomalies with PFC Provenance,2025,10.1145/3718958.3750490,paper/10.1145_3718958.3750490.pdf,图学习、知识图谱与威胁情报,,应用场景与系统化验证,多源异构数据融合与上下文建模,中相关,5,已下载,wangshicheng1225/Hawkeye -> source\Hawkeye,Hawkeye; Diagnosing; RDMA; Network; Performance; Anomalies; PFC; Provenance
462,High-speed encrypted traffic classification by using payload features,2024,10.1016/j.dcan.2024.02.003,paper/10.1016_j.dcan.2024.02.003.pdf,加密流量分类与应用识别,其他AI安全与跨域异常检测,应用场景与系统化验证,加密与隐私保护造成可观测特征缺失,强相关,10,未发现,,High-speed
463,Hybrid Approach for Machine Anomaly Detection Across Diverse Operating Conditions: Combining Self-Supervised Learning With Vibration Statistics,2025,10.1109/tim.2025.3573336,paper/10.1109_TIM.2025.3573336.pdf,其他AI安全与跨域异常检测,入侵检测与网络异常检测,自监督、对比学习与少样本学习; 数据集、基准、工具与系统化评测,边缘、IoT、车联网与工业场景约束,弱相关,2,未发现,,Hybrid; Approach; Machine; Anomaly; Detection; Across; Diverse; Operating
464,HyperEye: A Lightweight Features Fusion Model for Unknown Encrypted Malware Traffic Detection,2025,10.1109/tce.2025.3558353,paper/10.1109_TCE.2025.3558353.pdf,恶意流量、暗网与攻击检测,IoT、车联网、工业互联网与边缘安全; 加密流量分类与应用识别,轻量化、实时与高性能部署; 多模态、多视图与特征融合; 数据集、基准、工具与系统化评测,加密与隐私保护造成可观测特征缺失; 高速流量实时检测与资源约束; 多源异构数据融合与上下文建模; 开放世界未知攻击与误报控制,强相关,15,未发现,,HyperEye; Lightweight; Features; Fusion; Model; Unknown; Encrypted; Malware
465,IAD-GPT: Advancing Visual Knowledge in Multimodal Large Language Model for Industrial Anomaly Detection,2025,10.1109/tim.2025.3635334,paper/10.1109_TIM.2025.3635334.pdf,多媒体、医学、遥感与视频异常检测,入侵检测与网络异常检测; 其他AI安全与跨域异常检测,表征学习、预训练与Transformer; 多模态、多视图与特征融合; 轻量化、实时与高性能部署; 自监督、对比学习与少样本学习,边缘、IoT、车联网与工业场景约束; 高速流量实时检测与资源约束,弱相关,3,候选不可访问,IADGPT,IAD-GPT; Advancing; Visual; Knowledge; Multimodal; Large; Language; Model
466,IIIM-SAM: Zero-Shot Texture Anomaly Detection Without External Prompts,2025,10.1109/tase.2025.3561776,paper/10.1109_TASE.2025.3561776.pdf,入侵检测与网络异常检测,其他AI安全与跨域异常检测,自监督、对比学习与少样本学习,标签稀缺、类别不平衡与长尾攻击; 边缘、IoT、车联网与工业场景约束,中相关,9,未发现,,IIIM-SAM; Zero-Shot; Texture; Anomaly; Detection; Without; External; Prompts
467,IIT: Accurate Decentralized Application Identification Through Mining Intra- and Inter-Flow Relationships,2024,10.1109/tnsm.2024.3479150,paper/10.1109_TNSM.2024.3479150.pdf,加密流量分类与应用识别,其他AI安全与跨域异常检测,表征学习、预训练与Transformer,开放世界未知攻击与误报控制,强相关,13,未发现,,IIT; Accurate; Decentralized; Application; Identification; Through; Mining; Intra
468,Image Manipulation Localization Using Dual-Shallow Feature Pyramid Fusion and Boundary Contextual Incoherence Enhancement,2024,10.1109/tetci.2024.3500025,paper/10.1109_TETCI.2024.3500025.pdf,多媒体、医学、遥感与视频异常检测,,多模态、多视图与特征融合,多源异构数据融合与上下文建模,弱相关,1,未发现,,Image; Manipulation; Localization; Using; Dual-Shallow; Feature; Pyramid; Fusion
469,Integrating Explainable AI for Effective Malware Detection in Encrypted Network Traffic,2025,10.48550/arXiv.2501.05387,paper/10.48550_arXiv.2501.05387.pdf,恶意流量、暗网与攻击检测,,可解释性、规则抽取与因果分析; 数据集、基准、工具与系统化评测,加密与隐私保护造成可观测特征缺失; 模型可解释、可信与可审计; 数据集代表性、标准化评测与可复现,强相关,15,未发现,,Integrating; Explainable; Effective; Malware; Detection; Encrypted; Network; Traffic
470,Integrating ML and Blockchain for Consumer-Centric Approaches in Securing Data Transmission on IoT Networks,2025,10.1109/tce.2025.3581570,paper/10.1109_TCE.2025.3581570.pdf,IoT、车联网、工业互联网与边缘安全,联邦学习、隐私保护与分布式协同,联邦学习、隐私保护与协同训练; 鲁棒性、对抗防御与可信检测,加密与隐私保护造成可观测特征缺失; 边缘、IoT、车联网与工业场景约束; 域迁移、概念漂移与真实网络分布变化,强相关,11,未发现,,Integrating; Blockchain; Consumer-Centric; Approaches; Securing; Data; Transmission; IoT
471,Intelligent Anomaly Detection Method for Consumer Electronics Based on Feature-Driven Learning and Diffusion Model,2025,10.1109/tce.2025.3608449,paper/10.1109_TCE.2025.3608449.pdf,其他AI安全与跨域异常检测,入侵检测与网络异常检测; IoT、车联网、工业互联网与边缘安全,多模态、多视图与特征融合; 生成式增强、GAN与扩散模型; 表征学习、预训练与Transformer; 在线、增量、开放集与概念漂移,多源异构数据融合与上下文建模; 高速流量实时检测与资源约束,弱相关,3,未发现,,Intelligent; Anomaly; Detection; Method; Consumer; Electronics; Based; Feature-Driven
472,IoV-BERT-IDS: Hybrid Network Intrusion Detection System in IoV Using Large Language Models,2024,10.1109/tvt.2024.3402366,paper/10.1109_TVT.2024.3402366.pdf,入侵检测与网络异常检测,,表征学习、预训练与Transformer; 数据集、基准、工具与系统化评测,边缘、IoT、车联网与工业场景约束,强相关,13,未发现,,IoV-BERT-IDS; Hybrid; Network; Intrusion; Detection; System; IoV; Using
473,KD-BERT: A Lightweight Knowledge Distillation Bidirectional Encoder Representations from Transformers for IoT Network Intrusion Detection,2025,10.1109/tii.2025.3582375,paper/10.1109_TII.2025.3582375.pdf,入侵检测与网络异常检测,IoT、车联网、工业互联网与边缘安全; 其他AI安全与跨域异常检测,表征学习、预训练与Transformer; 轻量化、实时与高性能部署,高速流量实时检测与资源约束; 边缘、IoT、车联网与工业场景约束,强相关,11,未发现,,KD-BERT; Lightweight; Knowledge; Distillation; Bidirectional; Encoder; Representations; Transformers
474,Knowledge Distillation for Lightweight and Explainable Intrusion Detection in Resource-Constrained Consumer Devices,2025,10.1109/tce.2025.3601183,paper/10.1109_TCE.2025.3601183.pdf,入侵检测与网络异常检测,IoT、车联网、工业互联网与边缘安全,轻量化、实时与高性能部署; 可解释性、规则抽取与因果分析; 数据集、基准、工具与系统化评测,高速流量实时检测与资源约束; 模型可解释、可信与可审计; 边缘、IoT、车联网与工业场景约束,强相关,12,未发现,,Knowledge; Distillation; Lightweight; Explainable; Intrusion; Detection; Resource-Constrained; Consumer
475,Learning Decision Boundaries for Multidimensional Anomaly Detection,2025,10.1109/tnnls.2025.3540602,paper/10.1109_TNNLS.2025.3540602.pdf,入侵检测与网络异常检测,其他AI安全与跨域异常检测,应用场景与系统化验证,开放世界未知攻击与误报控制,中相关,8,未发现,,Learning; Decision; Boundaries; Multidimensional; Anomaly; Detection; Consequently
476,Learning to Detect Industrial Time-Series Anomalies From Imputation Consistency With Sparse Observations,2025,10.1109/tnnls.2025.3568019,paper/10.1109_TNNLS.2025.3568019.pdf,时序、日志、KPI 与云原生异常检测,,数据集、基准、工具与系统化评测,边缘、IoT、车联网与工业场景约束,中相关,6,未发现,,Learning; Detect; Industrial; Time-Series; Anomalies; From; Imputation; Consistency
477,Lightweight and Fast Time-Series Anomaly Detection via Point-Level and Sequence-Level Reconstruction Discrepancy,2025,10.1109/tnnls.2025.3565807,paper/10.1109_TNNLS.2025.3565807.pdf,其他AI安全与跨域异常检测,入侵检测与网络异常检测,轻量化、实时与高性能部署; 表征学习、预训练与Transformer; 自监督、对比学习与少样本学习,高速流量实时检测与资源约束; 标签稀缺、类别不平衡与长尾攻击; 边缘、IoT、车联网与工业场景约束,弱相关,4,已下载,LFTSAD -> source\LFTSAD,Lightweight; Fast; Time-Series; Anomaly; Detection; Point-Level; Sequence-Level; Reconstruction
478,Lightweight Fuzzy-Driven Intrusion Detection for Consumer Life-Tech Applications,2025,10.1109/tce.2025.3569886,paper/10.1109_TCE.2025.3569886.pdf,入侵检测与网络异常检测,,轻量化、实时与高性能部署; 数据集、基准、工具与系统化评测,高速流量实时检测与资源约束,强相关,10,未发现,,Lightweight; Fuzzy-Driven; Intrusion; Detection; Consumer; Life-Tech; Applications; Their
479,Low-Light and Infrared Multimodal Remote Sensing in Nighttime Rescue Mission: A Review of Anomaly Detection Methods,2025,10.1109/tgrs.2025.3568456,paper/10.1109_TGRS.2025.3568456.pdf,数据集、基准、综述与开源工具,多媒体、医学、遥感与视频异常检测; 入侵检测与网络异常检测,多模态、多视图与特征融合,数据集代表性、标准化评测与可复现,弱相关,2,未发现,,Low-Light; Infrared; Multimodal; Remote; Sensing; Nighttime; Rescue; Mission
480,LScAD: A Large–Small Model Collaboration Framework for Unsupervised Industrial Anomaly Detection,2025,10.1109/tim.2025.3588927,paper/10.1109_TIM.2025.3588927.pdf,入侵检测与网络异常检测,其他AI安全与跨域异常检测,数据集、基准、工具与系统化评测,边缘、IoT、车联网与工业场景约束,中相关,8,已下载,LScAD -> source\LScAD,LScAD; Large; Small; Model; Collaboration; Framework; Unsupervised; Industrial
481,LSTM Neural Networks Anomaly Detection for Biotic and Abiotic Early Stress Detection on Tomato Plants,2025,10.1109/tafe.2025.3605825,paper/10.1109_TAFE.2025.3605825.pdf,其他AI安全与跨域异常检测,入侵检测与网络异常检测,应用场景与系统化验证,边缘、IoT、车联网与工业场景约束,弱相关,4,未发现,,LSTM; Neural; Networks; Anomaly; Detection; Biotic; Abiotic; Early
482,LUK: Empowering Log Understanding With Expert Knowledge From Large Language Models,2025,10.1109/tse.2025.3594046,paper/10.1109_TSE.2025.3594046.pdf,IoT、车联网、工业互联网与边缘安全,,表征学习、预训练与Transformer; 轻量化、实时与高性能部署,高速流量实时检测与资源约束; 边缘、IoT、车联网与工业场景约束,弱相关,4,未发现,,LUK; Empowering; Log; Understanding; Expert; Knowledge; From; Large
483,MAOTIN: A High-Accuracy and -Efficiency Network for Overloaded Truck Identification With GPS Trajectories,2025,10.1109/tim.2025.3573008,paper/10.1109_TIM.2025.3573008.pdf,加密流量分类与应用识别,,轻量化、实时与高性能部署; 数据集、基准、工具与系统化评测,加密与隐私保护造成可观测特征缺失; 高速流量实时检测与资源约束; 边缘、IoT、车联网与工业场景约束,强相关,12,未发现,,MAOTIN; High-Accuracy; Efficiency; Network; Overloaded; Truck; Identification; GPS
484,$\mathsf{TCG}\text{-}\mathsf{IDS}$ : Robust Network Intrusion Detection via Temporal Contrastive Graph Learning,2025,10.1109/tifs.2025.3530702,paper/10.1109_tifs.2025.3530702.pdf,入侵检测与网络异常检测,图学习、知识图谱与威胁情报; 其他AI安全与跨域异常检测,图神经网络与关系建模; 自监督、对比学习与少样本学习; 鲁棒性、对抗防御与可信检测; 数据集、基准、工具与系统化评测,多源异构数据融合与上下文建模; 对抗规避、污染与鲁棒性,强相关,16,未发现,,TCG; IDS; Robust; Network; Intrusion; Detection; Temporal; Contrastive
485,MFFTD: A Multiscale Feature Fusion Transformer Detector for Electricity Theft Based on Semi-Supervised Learning,2025,10.1109/tim.2025.3552857,paper/10.1109_TIM.2025.3552857.pdf,其他AI安全与跨域异常检测,,自监督、对比学习与少样本学习; 表征学习、预训练与Transformer; 多模态、多视图与特征融合; 数据集、基准、工具与系统化评测,标签稀缺、类别不平衡与长尾攻击; 多源异构数据融合与上下文建模; 加密与隐私保护造成可观测特征缺失,中相关,5,未发现,,MFFTD; Multiscale; Feature; Fusion; Transformer; Detector; Electricity; Theft
486,MGCL: Multiorder Graph Neural Network With Cross-Learning for Multivariate Time-Series Anomaly Detection,2025,10.1109/tim.2025.3577826,paper/10.1109_TIM.2025.3577826.pdf,图学习、知识图谱与威胁情报,时序、日志、KPI 与云原生异常检测; 其他AI安全与跨域异常检测,图神经网络与关系建模; 数据集、基准、工具与系统化评测,多源异构数据融合与上下文建模; 标签稀缺、类别不平衡与长尾攻击; 边缘、IoT、车联网与工业场景约束,中相关,9,未发现,,MGCL; Multiorder; Graph; Neural; Network; Cross-Learning; Multivariate; Time-Series
487,MIETT: Multi-Instance Encrypted Traffic Transformer for Encrypted Traffic Classification,2025,10.1609/aaai.v39i15.33748,paper/10.1609_aaai.v39i15.33748.pdf,加密流量分类与应用识别,其他AI安全与跨域异常检测,表征学习、预训练与Transformer,加密与隐私保护造成可观测特征缺失; 域迁移、概念漂移与真实网络分布变化,强相关,13,已下载,MIETT -> source\MIETT; Secilia-Cxy/MIETT -> source\MIETT,MIETT; Multi-Instance; Encrypted; Traffic; Transformer; Classification; Internet; Header
488,MiKA-HAD: Minority-Augmented KAN-Based Hybrid Self-Supervised Framework for Hyperspectral Anomaly Detection,2025,10.1109/tgrs.2025.3635167,paper/10.1109_TGRS.2025.3635167.pdf,多媒体、医学、遥感与视频异常检测,其他AI安全与跨域异常检测; 入侵检测与网络异常检测,自监督、对比学习与少样本学习; 数据集、基准、工具与系统化评测,标签稀缺、类别不平衡与长尾攻击,弱相关,2,未发现,,MiKA-HAD; Minority-Augmented; KAN-Based; Hybrid; Self-Supervised; Framework; Hyperspectral; Anomaly
489,Mining Multi-Scale Spatial-Frequency Clues for Unsupervised Intrusion Detection,2025,10.1109/tifs.2025.3620090,paper/10.1109_TIFS.2025.3620090.pdf,入侵检测与网络异常检测,,在线、增量、开放集与概念漂移; 数据集、基准、工具与系统化评测,加密与隐私保护造成可观测特征缺失; 域迁移、概念漂移与真实网络分布变化; 高速流量实时检测与资源约束,强相关,16,已下载,MSF-IDS -> source\MSF-IDS,Mining; Multi-Scale; Spatial-Frequency; Clues; Unsupervised; Intrusion; Detection; UNIDS
490,MKF-ADS: Multi-Knowledge Fusion Based Anomaly Detection System in Vehicular Control Area Networks,2025,10.1109/tvt.2025.3564575,paper/10.1109_TVT.2025.3564575.pdf,入侵检测与网络异常检测,IoT、车联网、工业互联网与边缘安全; 其他AI安全与跨域异常检测,多模态、多视图与特征融合; 数据集、基准、工具与系统化评测; 轻量化、实时与高性能部署; 表征学习、预训练与Transformer,边缘、IoT、车联网与工业场景约束; 多源异构数据融合与上下文建模; 高速流量实时检测与资源约束,强相关,16,未发现,,MKF-ADS; Multi-Knowledge; Fusion; Based; Anomaly; Detection; System; Vehicular
491,MoCC-BD-FID: Multi-Objective Clustering Combination-Based Backdoor Defense for Federated Intrusion Detection of Industrial Control Systems,2025,10.1109/tifs.2025.3586479,paper/10.1109_TIFS.2025.3586479.pdf,入侵检测与网络异常检测,联邦学习、隐私保护与分布式协同,数据集、基准、工具与系统化评测; 联邦学习、隐私保护与协同训练; 鲁棒性、对抗防御与可信检测,对抗规避、污染与鲁棒性; 边缘、IoT、车联网与工业场景约束,中相关,9,未发现,,MoCC-BD-FID; Multi-Objective; Clustering; Combination-Based; Backdoor; Defense; Federated; Intrusion
492,MSFE-AD: Multiscale Feature-Enhanced Early Satellite Sensor Data Anomaly Detection Based on Rare Boundary Samples,2025,10.1109/tim.2025.3626968,paper/10.1109_TIM.2025.3626968.pdf,入侵检测与网络异常检测,其他AI安全与跨域异常检测,数据集、基准、工具与系统化评测,域迁移、概念漂移与真实网络分布变化,强相关,10,未发现,,MSFE-AD; Multiscale; Feature-Enhanced; Early; Satellite; Sensor; Data; Anomaly
493,Multi-task encrypted network traffic classification based on feature extraction,2025,10.1145/3723890.3723893,paper/10.1145_3723890.3723893.pdf,加密流量分类与应用识别,其他AI安全与跨域异常检测,表征学习、预训练与Transformer,加密与隐私保护造成可观测特征缺失,强相关,13,未发现,,Multi-task; Aiming; Two
494,Multi-View Intrusion Detection Framework Using Deep Learning and Knowledge Graphs,2025,10.3390/info16050377,paper/10.3390_info16050377.pdf,入侵检测与网络异常检测,图学习、知识图谱与威胁情报; 其他AI安全与跨域异常检测,数据集、基准、工具与系统化评测; 多模态、多视图与特征融合; 图神经网络与关系建模; 轻量化、实时与高性能部署,多源异构数据融合与上下文建模; 高速流量实时检测与资源约束; 边缘、IoT、车联网与工业场景约束,强相关,14,未发现,,Multi-View; Intrusion; Detection; Framework; Using; Deep; Learning; Knowledge
495,Multimodal Evidential Learning for Open-World Weakly-Supervised Video Anomaly Detection,2025,10.1109/tmm.2025.3557682,paper/10.1109_TMM.2025.3557682.pdf,多媒体、医学、遥感与视频异常检测,入侵检测与网络异常检测; 其他AI安全与跨域异常检测,多模态、多视图与特征融合,标签稀缺、类别不平衡与长尾攻击,弱相关,3,未发现,,Multimodal; Evidential; Learning; Open-World; Weakly-Supervised; Video; Anomaly; Detection
496,Multimodal fusion based few-shot network intrusion detection system,2025,10.1038/s41598-025-05217-4,paper/10.1038_s41598-025-05217-4.pdf,入侵检测与网络异常检测,,多模态、多视图与特征融合; 自监督、对比学习与少样本学习; 数据集、基准、工具与系统化评测,标签稀缺、类别不平衡与长尾攻击; 多源异构数据融合与上下文建模,强相关,10,未发现,,Multimodal
497,Multimodal VAD: Visual Anomaly Detection in Intelligent Monitoring System via Audio-Vision-Language,2025,10.1109/tim.2025.3578702,paper/10.1109_TIM.2025.3578702.pdf,多媒体、医学、遥感与视频异常检测,其他AI安全与跨域异常检测; 入侵检测与网络异常检测,多模态、多视图与特征融合; 数据集、基准、工具与系统化评测; 轻量化、实时与高性能部署,加密与隐私保护造成可观测特征缺失; 边缘、IoT、车联网与工业场景约束; 高速流量实时检测与资源约束; 多源异构数据融合与上下文建模,中相关,8,未发现,,Multimodal; VAD; Visual; Anomaly; Detection; Intelligent; Monitoring; System
498,Multiscale Transformers With Contrastive Learning for UAV Anomaly Detection,2025,10.1109/tim.2025.3571126,paper/10.1109_TIM.2025.3571126.pdf,其他AI安全与跨域异常检测,入侵检测与网络异常检测; IoT、车联网、工业互联网与边缘安全,表征学习、预训练与Transformer; 自监督、对比学习与少样本学习; 数据集、基准、工具与系统化评测,开放世界未知攻击与误报控制,弱相关,4,未发现,,Multiscale; Transformers; Contrastive; Learning; UAV; Anomaly; Detection; UAVs
499,Multitask Hybrid Knowledge Distillation for Unsupervised Anomaly Detection,2025,10.1109/tii.2025.3556083,paper/10.1109_TII.2025.3556083.pdf,入侵检测与网络异常检测,其他AI安全与跨域异常检测,轻量化、实时与高性能部署,边缘、IoT、车联网与工业场景约束; 高速流量实时检测与资源约束,中相关,9,未发现,,Multitask; Hybrid; Knowledge; Distillation; Unsupervised; Anomaly; Detection; Detecting
500,Multivariate Time Series Anomaly Detection Based on Multiple Spatiotemporal Graph Convolution,2024,10.1109/tim.2024.3493890,paper/10.1109_TIM.2024.3493890.pdf,时序、日志、KPI 与云原生异常检测,图学习、知识图谱与威胁情报; 入侵检测与网络异常检测,图神经网络与关系建模; 数据集、基准、工具与系统化评测,多源异构数据融合与上下文建模; 边缘、IoT、车联网与工业场景约束,中相关,8,未发现,,Multivariate; Time; Series; Anomaly; Detection; Based; Multiple; Spatiotemporal
501,NMFAD: Neighbor-Aware Mask-Filling Attributed Network Anomaly Detection,2024,10.1109/tifs.2024.3516570,paper/10.1109_TIFS.2024.3516570.pdf,入侵检测与网络异常检测,其他AI安全与跨域异常检测,图神经网络与关系建模,开放世界未知攻击与误报控制,强相关,12,未发现,,NMFAD; Neighbor-Aware; Mask-Filling; Attributed; Network; Anomaly; Detection; Unlike
502,Normalizing-Flow-Based Anomaly Scoring for Intelligent Network Intrusion Detection,2025,10.1109/qpain66474.2025.11171745,paper/10.1109_qpain66474.2025.11171745.pdf,入侵检测与网络异常检测,其他AI安全与跨域异常检测; 加密流量分类与应用识别,在线、增量、开放集与概念漂移; 表征学习、预训练与Transformer; 轻量化、实时与高性能部署; 鲁棒性、对抗防御与可信检测,域迁移、概念漂移与真实网络分布变化; 高速流量实时检测与资源约束; 开放世界未知攻击与误报控制,强相关,18,已下载,trinity-packet -> source\trinity-packet,Normalizing-Flow-Based; Anomaly; Scoring; Intelligent; Network; Intrusion; Detection; Machine
503,NTLFlowLyzer: Towards generating an intrusion detection dataset and intruders behavior profiling through network and transport layers traffic analysis and pattern extraction,2024,10.1016/j.cose.2024.104160,paper/10.1016_j.cose.2024.104160.pdf,入侵检测与网络异常检测,数据集、基准、综述与开源工具; 网络流量监测、测量与工具,数据集、基准、工具与系统化评测,数据集代表性、标准化评测与可复现,强相关,14,已下载,ahlashkari/NTLFlowLyzer -> source\NTLFlowLyzer,NTLFlowLyzer; Towards
504,One-Class Classification Constraint in Reconstruction Networks for Multivariate Time Series Anomaly Detection,2025,10.1109/tim.2025.3548251,paper/10.1109_TIM.2025.3548251.pdf,其他AI安全与跨域异常检测,时序、日志、KPI 与云原生异常检测; 入侵检测与网络异常检测,数据集、基准、工具与系统化评测; 表征学习、预训练与Transformer; 轻量化、实时与高性能部署,高速流量实时检测与资源约束; 数据集代表性、标准化评测与可复现,中相关,5,未发现,,One-Class; Classification; Constraint; Reconstruction; Networks; Multivariate; Time; Series
505,Overcoming the Identity Mapping Problem in Self-Supervised Hyperspectral Anomaly Detection,2025,10.1109/tgrs.2025.3632330,paper/10.1109_TGRS.2025.3632330.pdf,多媒体、医学、遥感与视频异常检测,其他AI安全与跨域异常检测; 入侵检测与网络异常检测,自监督、对比学习与少样本学习,开放世界未知攻击与误报控制,弱相关,3,已下载,Super-AD -> source\Super-AD,Overcoming; Identity; Mapping; Problem; Self-Supervised; Hyperspectral; Anomaly; Detection
506,PASTA : Neural Architecture Search for Anomaly Detection in Multivariate Time Series,2024,10.1109/tetci.2024.3508845,paper/10.1109_TETCI.2024.3508845.pdf,时序、日志、KPI 与云原生异常检测,其他AI安全与跨域异常检测; 入侵检测与网络异常检测,数据集、基准、工具与系统化评测; 生成式增强、GAN与扩散模型,开放世界未知攻击与误报控制,中相关,7,未发现,,PASTA; Neural; Architecture; Search; Anomaly; Detection; Multivariate; Time
507,Perceiver IO Model for Efficient Vibration Signal Compression and Anomaly Detection,2025,10.1109/tim.2025.3604141,paper/10.1109_TIM.2025.3604141.pdf,其他AI安全与跨域异常检测,入侵检测与网络异常检测,轻量化、实时与高性能部署; 数据集、基准、工具与系统化评测; 表征学习、预训练与Transformer,高速流量实时检测与资源约束,弱相关,4,未发现,,Perceiver; Model; Efficient; Vibration; Signal; Compression; Anomaly; Detection
508,PEZD: A practical and effective zero-delay defense against website fingerprinting,2025,10.1016/j.comnet.2025.111716,paper/10.1016_j.comnet.2025.111716.pdf,加密流量分类与应用识别,,鲁棒性、对抗防御与可信检测,加密与隐私保护造成可观测特征缺失; 对抗规避、污染与鲁棒性,中相关,6,未发现,,PEZD
509,Privacy-Preserving Lightweight Time-Series Anomaly Detection for Resource-Limited Industrial IoT Edge Devices,2025,10.1109/tii.2025.3538127,paper/10.1109_TII.2025.3538127.pdf,IoT、车联网、工业互联网与边缘安全,入侵检测与网络异常检测; 联邦学习、隐私保护与分布式协同,轻量化、实时与高性能部署; 联邦学习、隐私保护与协同训练,高速流量实时检测与资源约束; 边缘、IoT、车联网与工业场景约束; 加密与隐私保护造成可观测特征缺失,中相关,8,已下载,PPLAD -> source\PPLAD,Privacy-Preserving; Lightweight; Time-Series; Anomaly; Detection; Resource-Limited; Industrial; IoT
510,PrivBox: Privacy-Preserving Deep Packet Inspection With Dual Double-Masking Obfuscated Rule Generation,2025,10.1109/tdsc.2025.3557423,paper/10.1109_TDSC.2025.3557423.pdf,加密流量分类与应用识别,联邦学习、隐私保护与分布式协同,联邦学习、隐私保护与协同训练,加密与隐私保护造成可观测特征缺失,中相关,8,未发现,,PrivBox; Privacy-Preserving; Deep; Packet; Inspection; Dual; Double-Masking; Obfuscated
511,Q-P2FL: Quantum-Enhanced Federated Edge Intelligence for Privacy-Preserving Adversarial Attack Detection on Consumer Edge Devices,2025,10.1109/tce.2025.3571352,paper/10.1109_TCE.2025.3571352.pdf,联邦学习、隐私保护与分布式协同,恶意流量、暗网与攻击检测; IoT、车联网、工业互联网与边缘安全,联邦学习、隐私保护与协同训练; 鲁棒性、对抗防御与可信检测; 轻量化、实时与高性能部署,对抗规避、污染与鲁棒性; 加密与隐私保护造成可观测特征缺失; 高速流量实时检测与资源约束; 边缘、IoT、车联网与工业场景约束,中相关,7,未发现,,Q-P2FL; Quantum-Enhanced; Federated; Edge; Intelligence; Privacy-Preserving; Adversarial; Attack
512,QoS-Enabled Wireless Split Federated Learning: A Reinforcement Learning and Optimization Approach,2025,10.1109/tce.2025.3587176,paper/10.1109_TCE.2025.3587176.pdf,联邦学习、隐私保护与分布式协同,,联邦学习、隐私保护与协同训练; 轻量化、实时与高性能部署; 数据集、基准、工具与系统化评测,高速流量实时检测与资源约束,中相关,5,未发现,,QoS-Enabled; Wireless; Split; Federated; Learning; Reinforcement; Optimization; Approach
513,RAGN: Detecting unknown malicious network traffic using a robust adaptive graph neural network,2025,10.1016/j.comnet.2025.111184,paper/10.1016_j.comnet.2025.111184.pdf,图学习、知识图谱与威胁情报,,鲁棒性、对抗防御与可信检测; 图神经网络与关系建模,对抗规避、污染与鲁棒性; 多源异构数据融合与上下文建模; 开放世界未知攻击与误报控制,强相关,10,未发现,,RAGN; Detecting
514,Real-Time Threat Detection and AI-Driven Predictive Security for Consumer Applications,2025,10.1109/tce.2025.3554589,paper/10.1109_TCE.2025.3554589.pdf,恶意流量、暗网与攻击检测,IoT、车联网、工业互联网与边缘安全; 联邦学习、隐私保护与分布式协同,轻量化、实时与高性能部署; 联邦学习、隐私保护与协同训练; 表征学习、预训练与Transformer; 多模态、多视图与特征融合,高速流量实时检测与资源约束; 多源异构数据融合与上下文建模; 边缘、IoT、车联网与工业场景约束,中相关,8,未发现,,Real-Time; Threat; Detection; AI-Driven; Predictive; Security; Consumer; Applications
515,Recommendation for Block Cipher Modes of Operation:,2025,10.6028/nist.sp.800-38gr1.2pd,paper/10.6028_nist.sp.800-38gr1.2pd.pdf,基础理论、密码协议与安全机制,,应用场景与系统化验证,开放世界未知攻击与误报控制,弱相关,0,未发现,,Recommendation; Block; Cipher; Modes; Operation
516,Reconciling Attribute and Structural Anomalies for Improved Graph Anomaly Detection,2025,10.1109/tnnls.2025.3561172,paper/10.1109_TNNLS.2025.3561172.pdf,图学习、知识图谱与威胁情报,入侵检测与网络异常检测; 其他AI安全与跨域异常检测,图神经网络与关系建模; 数据集、基准、工具与系统化评测,多源异构数据融合与上下文建模,中相关,8,未发现,,Reconciling; Attribute; Structural; Anomalies; Improved; Graph; Anomaly; Detection
517,REDAD: A Reliable Distillation for Image Anomaly Detection,2025,10.1109/tim.2025.3551571,paper/10.1109_TIM.2025.3551571.pdf,多媒体、医学、遥感与视频异常检测,入侵检测与网络异常检测; 其他AI安全与跨域异常检测,数据集、基准、工具与系统化评测,域迁移、概念漂移与真实网络分布变化; 边缘、IoT、车联网与工业场景约束,弱相关,4,未发现,,REDAD; Reliable; Distillation; Image; Anomaly; Detection; Initially; ATM
518,Reliable Open-Set Network Traffic Classification,2025,10.1109/tifs.2025.3544067,paper/10.1109_tifs.2025.3544067.pdf,加密流量分类与应用识别,其他AI安全与跨域异常检测,在线、增量、开放集与概念漂移; 鲁棒性、对抗防御与可信检测,开放世界未知攻击与误报控制,强相关,12,未发现,,Reliable; Open-Set; Network; Traffic; Classification; TCP/IP; However; RoNeTC
519,Resource-Efficient Low-Rate DDoS Mitigation With Moving Target Defense in Edge Clouds,2024,10.1109/tnsm.2024.3413685,paper/10.1109_TNSM.2024.3413685.pdf,时序、日志、KPI 与云原生异常检测,恶意流量、暗网与攻击检测; IoT、车联网、工业互联网与边缘安全,轻量化、实时与高性能部署; 鲁棒性、对抗防御与可信检测,高速流量实时检测与资源约束; 对抗规避、污染与鲁棒性; 边缘、IoT、车联网与工业场景约束,中相关,9,未发现,,Resource-Efficient; Low-Rate; DDoS; Mitigation; Moving; Target; Defense; Edge
520,Respond to Change With Constancy: Instruction-Tuning With LLM for Non-I.I.D. Network Traffic Classification,2025,10.1109/tifs.2025.3574971,paper/10.1109_TIFS.2025.3574971.pdf,加密流量分类与应用识别,其他AI安全与跨域异常检测,表征学习、预训练与Transformer; 在线、增量、开放集与概念漂移; 数据集、基准、工具与系统化评测,域迁移、概念漂移与真实网络分布变化; 加密与隐私保护造成可观测特征缺失,强相关,12,未发现,,Respond; Change; Constancy; Instruction-Tuning; LLM; Non-I; Network; Traffic
521,ReTrial: Robust Encrypted Malicious Traffic Detection via Discriminative Relation Incorporation and Misleading Relation Correction,2024,10.1109/tifs.2024.3515821,paper/10.1109_TIFS.2024.3515821.pdf,恶意流量、暗网与攻击检测,,鲁棒性、对抗防御与可信检测; 表征学习、预训练与Transformer; 多模态、多视图与特征融合,加密与隐私保护造成可观测特征缺失; 对抗规避、污染与鲁棒性; 多源异构数据融合与上下文建模,强相关,16,未发现,,ReTrial; Robust; Encrypted; Malicious; Traffic; Detection; Discriminative; Relation
522,Revolutionizing Encrypted Traffic Classification with MH-Net: A Multi-View Heterogeneous Graph Model,2025,10.1609/aaai.v39i1.32091,paper/10.1609_aaai.v39i1.32091.pdf,加密流量分类与应用识别,图学习、知识图谱与威胁情报; 其他AI安全与跨域异常检测,图神经网络与关系建模; 多模态、多视图与特征融合,多源异构数据融合与上下文建模; 加密与隐私保护造成可观测特征缺失,强相关,13,已下载,MH-Net -> source\MH-Net,Revolutionizing; Encrypted; Traffic; Classification; MH-Net; Multi-View; Heterogeneous; Graph
523,RLpatch: A Robust Low-Overhead Website Fingerprinting Defense Method Based on Reinforcement Learning Within Sensitive Regions,2025,10.1109/tnsm.2025.3602964,paper/10.1109_TNSM.2025.3602964.pdf,加密流量分类与应用识别,,鲁棒性、对抗防御与可信检测,对抗规避、污染与鲁棒性; 加密与隐私保护造成可观测特征缺失; 高速流量实时检测与资源约束,强相关,13,未发现,,RLpatch; Robust; Low-Overhead; Website; Fingerprinting; Defense; Method; Based
524,Robust Detection of Malicious Encrypted Traffic via Contrastive Learning,2025,10.1109/tifs.2025.3560560,paper/10.1109_TIFS.2025.3560560.pdf,加密流量分类与应用识别,恶意流量、暗网与攻击检测; 其他AI安全与跨域异常检测,自监督、对比学习与少样本学习; 鲁棒性、对抗防御与可信检测,加密与隐私保护造成可观测特征缺失; 对抗规避、污染与鲁棒性,强相关,17,未发现,,Robust; Detection; Malicious; Encrypted; Traffic; Contrastive; Learning; Existing
525,Robust Intrusion Detection System for Vehicular Networks: A Federated Learning Approach Based on Representative Client Selection,2025,10.1109/tmc.2025.3582237,paper/10.1109_TMC.2025.3582237.pdf,入侵检测与网络异常检测,IoT、车联网、工业互联网与边缘安全; 联邦学习、隐私保护与分布式协同,联邦学习、隐私保护与协同训练; 鲁棒性、对抗防御与可信检测; 数据集、基准、工具与系统化评测,边缘、IoT、车联网与工业场景约束; 对抗规避、污染与鲁棒性,强相关,10,未发现,,Robust; Intrusion; Detection; System; Vehicular; Networks; Federated; Learning
526,Robustifying ML-powered Network Classifiers with PANTS,2025,10.5555/3766078.3766452,paper/10.5555_3766078.3766452.pdf,加密流量分类与应用识别,,鲁棒性、对抗防御与可信检测; 数据集、基准、工具与系统化评测,对抗规避、污染与鲁棒性,强相关,13,已下载,jinminhao/PANTS -> source\PANTS,Robustifying; ML-powered; Network; Classifiers; PANTS; ML-based; MNCs; Multiple
527,Robustness Matters: Pre-Training Can Enhance the Performance of Encrypted Traffic Analysis,2025,10.1109/tifs.2025.3613970,paper/10.1109_TIFS.2025.3613970.pdf,加密流量分类与应用识别,网络流量监测、测量与工具,表征学习、预训练与Transformer; 鲁棒性、对抗防御与可信检测,加密与隐私保护造成可观测特征缺失; 对抗规避、污染与鲁棒性,强相关,15,已下载,BERT-ps -> source\BERT-ps,Robustness; Matters; Pre-Training; Can; Enhance; Performance; Encrypted; Traffic
528,RT-APT: A real-time APT anomaly detection method for large-scale provenance graph,2024,10.1016/j.jnca.2024.104036,paper/10.1016_j.jnca.2024.104036.pdf,图学习、知识图谱与威胁情报,入侵检测与网络异常检测; 其他AI安全与跨域异常检测,图神经网络与关系建模; 轻量化、实时与高性能部署,多源异构数据融合与上下文建模; 高速流量实时检测与资源约束,中相关,6,未发现,,RT-APT; APT
529,SAT-Net: A staggered attention network using graph neural networks for encrypted traffic classification,2024,10.1016/j.jnca.2024.104069,paper/10.1016_j.jnca.2024.104069.pdf,加密流量分类与应用识别,图学习、知识图谱与威胁情报; 其他AI安全与跨域异常检测,表征学习、预训练与Transformer; 图神经网络与关系建模,加密与隐私保护造成可观测特征缺失; 多源异构数据融合与上下文建模,强相关,13,未发现,,SAT-Net
530,SauronEyes: Disentangling Voluminous Logs to Unveil Camouflaged Attack Intentions,2025,10.1109/tifs.2025.3618381,paper/10.1109_TIFS.2025.3618381.pdf,恶意流量、暗网与攻击检测,图学习、知识图谱与威胁情报,图神经网络与关系建模; 数据集、基准、工具与系统化评测,多源异构数据融合与上下文建模; 数据集代表性、标准化评测与可复现,强相关,10,未发现,,SauronEyes; Disentangling; Voluminous; Logs; Unveil; Camouflaged; Attack; Intentions
531,SC-MLIDS: Fusion-based Machine Learning Framework for Intrusion Detection in Wireless Sensor Networks,2025,10.1016/j.adhoc.2025.103871,paper/10.1016_j.adhoc.2025.103871.pdf,入侵检测与网络异常检测,IoT、车联网、工业互联网与边缘安全; 其他AI安全与跨域异常检测,数据集、基准、工具与系统化评测; 多模态、多视图与特征融合; 联邦学习、隐私保护与协同训练,多源异构数据融合与上下文建模,强相关,12,未发现,,SC-MLIDS; Fusion-based; Machine; Learning; Framework; Intrusion; Detection; Wireless
532,Scalable Large Model for Unlabeled Anomaly Detection With Trio-Attention U-Transformer and Manifold-Learning Siamese Discriminator,2025,10.1109/tsc.2025.3536306,paper/10.1109_TSC.2025.3536306.pdf,其他AI安全与跨域异常检测,入侵检测与网络异常检测; 加密流量分类与应用识别,表征学习、预训练与Transformer; 轻量化、实时与高性能部署; 自监督、对比学习与少样本学习; 生成式增强、GAN与扩散模型,标签稀缺、类别不平衡与长尾攻击; 高速流量实时检测与资源约束; 加密与隐私保护造成可观测特征缺失,中相关,6,未发现,,Scalable; Large; Model; Unlabeled; Anomaly; Detection; Trio-Attention; U-Transformer
533,Secure and Trustworthy Data Management Mechanism for Dance-Consumer Electronics in AIoT,2024,10.1109/tce.2024.3471573,paper/10.1109_TCE.2024.3471573.pdf,IoT、车联网、工业互联网与边缘安全,,鲁棒性、对抗防御与可信检测; 数据集、基准、工具与系统化评测,模型可解释、可信与可审计; 边缘、IoT、车联网与工业场景约束; 加密与隐私保护造成可观测特征缺失,中相关,9,未发现,,Secure; Trustworthy; Data; Management; Mechanism; Dance-Consumer; Electronics; AIoT
534,SecureBERT and Llama 2 Empowered Control Area Network Intrusion Detection and Classification,2025,10.1109/tits.2025.3596915,paper/10.1109_tits.2025.3596915.pdf,入侵检测与网络异常检测,其他AI安全与跨域异常检测,表征学习、预训练与Transformer; 数据集、基准、工具与系统化评测,加密与隐私保护造成可观测特征缺失,强相关,15,未发现,,SecureBERT; Llama; Empowered; Control; Area; Network; Intrusion; Detection
535,Securing Federated Learning Against Extreme Model Poisoning Attacks via Multidimensional Time Series Anomaly Detection on Local Updates,2025,10.1109/tifs.2025.3608671,paper/10.1109_TIFS.2025.3608671.pdf,联邦学习、隐私保护与分布式协同,其他AI安全与跨域异常检测; 恶意流量、暗网与攻击检测,联邦学习、隐私保护与协同训练; 鲁棒性、对抗防御与可信检测,对抗规避、污染与鲁棒性; 加密与隐私保护造成可观测特征缺失,中相关,9,未发现,,Securing; Federated; Learning; Against; Extreme; Model; Poisoning; Attacks
536,Securing Intelligent Transportation Systems: A Dual-Framework Approach for Privacy Protection and Cybersecurity Using Generative AI,2025,10.1109/tits.2025.3591007,paper/10.1109_TITS.2025.3591007.pdf,基础理论、密码协议与安全机制,,数据集、基准、工具与系统化评测; 生成式增强、GAN与扩散模型,加密与隐私保护造成可观测特征缺失,弱相关,0,未发现,,Securing; Intelligent; Transportation; Systems; Dual-Framework; Approach; Privacy; Protection
537,Self-Calibrated CLIP for Training-Free Open-Vocabulary Segmentation,2025,10.1109/tip.2025.3639996,paper/10.1109_TIP.2025.3639996.pdf,多媒体、医学、遥感与视频异常检测,,表征学习、预训练与Transformer; 自监督、对比学习与少样本学习; 数据集、基准、工具与系统化评测,数据集代表性、标准化评测与可复现,弱相关,0,候选不可访问,SCCLIP,Self-Calibrated; CLIP; Training-Free; Open-Vocabulary; Segmentation; Recent; However; ViT-based
538,Self-Supervised Adaptation Method to Concept Drift for Network Intrusion Detection,2025,10.1109/tdsc.2025.3599321,paper/10.1109_TDSC.2025.3599321.pdf,入侵检测与网络异常检测,其他AI安全与跨域异常检测,自监督、对比学习与少样本学习; 在线、增量、开放集与概念漂移,域迁移、概念漂移与真实网络分布变化; 标签稀缺、类别不平衡与长尾攻击,强相关,15,已下载,ReCDA -> source\ReCDA,Self-Supervised; Adaptation; Method; Concept; Drift; Network; Intrusion; Detection
539,Self-Supervised and Interpretable Anomaly Detection Using Network Transformers,2025,10.1109/tii.2025.3534443,paper/10.1109_TII.2025.3534443.pdf,其他AI安全与跨域异常检测,入侵检测与网络异常检测,表征学习、预训练与Transformer; 自监督、对比学习与少样本学习; 可解释性、规则抽取与因果分析; 数据集、基准、工具与系统化评测,模型可解释、可信与可审计,中相关,6,未发现,,Self-Supervised; Interpretable; Anomaly; Detection; Using; Network; Transformers; Machine
540,Self-Supervised Anomaly Detection With Neural Transformations,2024,10.1109/tpami.2024.3519543,paper/10.1109_TPAMI.2024.3519543.pdf,其他AI安全与跨域异常检测,入侵检测与网络异常检测,自监督、对比学习与少样本学习,开放世界未知攻击与误报控制,弱相关,2,已下载,NeuTraL-AD -> source\NeuTraL-AD,Self-Supervised; Anomaly; Detection; Neural; Transformations; Data; While; Unfortunately
541,Self-Supervised Masked Graph Autoencoder for Hyperspectral Anomaly Detection,2025,10.1109/tip.2025.3620091,paper/10.1109_TIP.2025.3620091.pdf,多媒体、医学、遥感与视频异常检测,其他AI安全与跨域异常检测; 入侵检测与网络异常检测,自监督、对比学习与少样本学习; 表征学习、预训练与Transformer,多源异构数据融合与上下文建模,弱相关,3,未发现,,Self-Supervised; Masked; Graph; Autoencoder; Hyperspectral; Anomaly; Detection; NTRODUCTION
542,Self-Supervised Monocular Depth Estimation From Videos via Adaptive Reconstruction Constraints,2024,10.1109/tcsvt.2024.3492201,paper/10.1109_TCSVT.2024.3492201.pdf,多媒体、医学、遥感与视频异常检测,其他AI安全与跨域异常检测,自监督、对比学习与少样本学习,开放世界未知攻击与误报控制,弱相关,1,未发现,,Self-Supervised; Monocular; Depth; Estimation; From; Videos; Adaptive; Reconstruction
543,Self-Supervised Production Anomaly Detection and Progress Prediction Based on High-Streaming Videos,2025,10.1109/tase.2025.3538328,paper/10.1109_TASE.2025.3538328.pdf,其他AI安全与跨域异常检测,多媒体、医学、遥感与视频异常检测; 入侵检测与网络异常检测,自监督、对比学习与少样本学习,开放世界未知攻击与误报控制,弱相关,4,未发现,,Self-Supervised; Production; Anomaly; Detection; Progress; Prediction; Based; High-Streaming
544,Self-Supervised Random Forest on Transformed Distribution for Anomaly Detection,2023,10.1109/tnnls.2023.3348833,paper/10.1109_TNNLS.2023.3348833.pdf,其他AI安全与跨域异常检测,入侵检测与网络异常检测,自监督、对比学习与少样本学习; 数据集、基准、工具与系统化评测,域迁移、概念漂移与真实网络分布变化; 加密与隐私保护造成可观测特征缺失; 开放世界未知攻击与误报控制,中相关,5,未发现,,Self-Supervised; Random; Forest; Transformed; Distribution; Anomaly; Detection; NTRODUCTION
545,SENTINEL: Insider Threat Detection Based on Multi-Timescale User Behavior Interaction Graph Learning,2024,10.1109/tnse.2024.3519155,paper/10.1109_TNSE.2024.3519155.pdf,图学习、知识图谱与威胁情报,恶意流量、暗网与攻击检测,图神经网络与关系建模,多源异构数据融合与上下文建模; 域迁移、概念漂移与真实网络分布变化,中相关,8,未发现,,SENTINEL; Insider; Threat; Detection; Based; Multi-Timescale; User; Behavior
546,SIR-HCL: Semantic-Inconsistency Reasoning and Hybrid Contrastive Learning for Efficient Cross-Emotion Anomaly Detection,2025,10.1109/tcds.2025.3550645,paper/10.1109_TCDS.2025.3550645.pdf,其他AI安全与跨域异常检测,入侵检测与网络异常检测,轻量化、实时与高性能部署; 自监督、对比学习与少样本学习; 数据集、基准、工具与系统化评测,高速流量实时检测与资源约束; 数据集代表性、标准化评测与可复现,弱相关,3,未发现,,SIR-HCL; Semantic-Inconsistency; Reasoning; Hybrid; Contrastive; Learning; Efficient; Cross-Emotion
547,SnifferDog: Comprehensively Learning Heterogeneous Features of Network Traffic to Identify Malicious Flows,2025,10.1109/tifs.2025.3620640,paper/10.1109_TIFS.2025.3620640.pdf,加密流量分类与应用识别,入侵检测与网络异常检测,应用场景与系统化验证,多源异构数据融合与上下文建模; 边缘、IoT、车联网与工业场景约束,强相关,20,已下载,SnifferDog -> source\SnifferDog,SnifferDog; Comprehensively; Learning; Heterogeneous; Features; Network; Traffic; Identify
548,Solving Data Contamination in DDoS Detection: A Method Based on Hierarchical Federated Learning,2025,10.1109/tifs.2025.3587185,paper/10.1109_TIFS.2025.3587185.pdf,联邦学习、隐私保护与分布式协同,恶意流量、暗网与攻击检测,联邦学习、隐私保护与协同训练; 数据集、基准、工具与系统化评测,标签稀缺、类别不平衡与长尾攻击,强相关,12,未发现,,Solving; Data; Contamination; DDoS; Detection; Method; Based; Hierarchical
549,Spatio-Temporal Anomaly Detection for 5G-Clusters: A Multi-Scale Fuzzy Contrastive Learning Approach,2025,10.1109/ton.2025.3540091,paper/10.1109_TON.2025.3540091.pdf,其他AI安全与跨域异常检测,入侵检测与网络异常检测; 时序、日志、KPI 与云原生异常检测,多模态、多视图与特征融合; 自监督、对比学习与少样本学习; 轻量化、实时与高性能部署; 数据集、基准、工具与系统化评测,多源异构数据融合与上下文建模; 边缘、IoT、车联网与工业场景约束; 高速流量实时检测与资源约束,弱相关,4,未发现,,Spatio-Temporal; Anomaly; Detection; Clusters; Multi-Scale; Fuzzy; Contrastive; Learning
550,Spatio-Temporal Predictive Learning Using Crossover Attention for Communications and Networking Applications,2025,10.1109/tmlcn.2025.3555975,paper/10.1109_TMLCN.2025.3555975.pdf,时序、日志、KPI 与云原生异常检测,,表征学习、预训练与Transformer; 多模态、多视图与特征融合,多源异构数据融合与上下文建模,中相关,6,未发现,,Spatio-Temporal; Predictive; Learning; Using; Crossover; Attention; Communications; Networking
551,StatAvg: Mitigating Data Heterogeneity in Federated Learning for Intrusion Detection Systems,2025,10.1109/tnsm.2025.3564387,paper/10.1109_TNSM.2025.3564387.pdf,入侵检测与网络异常检测,联邦学习、隐私保护与分布式协同,联邦学习、隐私保护与协同训练; 数据集、基准、工具与系统化评测,加密与隐私保护造成可观测特征缺失; 域迁移、概念漂移与真实网络分布变化,中相关,9,未发现,,StatAvg; Mitigating; Data; Heterogeneity; Federated; Learning; Intrusion; Detection
552,STMBAD: Spatio-Temporal Multimodal Behavior Anomaly Detector for Industrial Control Systems,2025,10.1109/tii.2025.3528559,paper/10.1109_TII.2025.3528559.pdf,入侵检测与网络异常检测,时序、日志、KPI 与云原生异常检测; 其他AI安全与跨域异常检测,多模态、多视图与特征融合; 数据集、基准、工具与系统化评测,多源异构数据融合与上下文建模; 边缘、IoT、车联网与工业场景约束; 加密与隐私保护造成可观测特征缺失,强相关,10,未发现,,STMBAD; Spatio-Temporal; Multimodal; Behavior; Anomaly; Detector; Industrial; Control
553,StorSec: A Comprehensive Design for Securing the Distributed IoT Storage Systems,2025,10.1109/tnsm.2025.3597550,paper/10.1109_TNSM.2025.3597550.pdf,联邦学习、隐私保护与分布式协同,IoT、车联网、工业互联网与边缘安全,联邦学习、隐私保护与协同训练; 数据集、基准、工具与系统化评测,加密与隐私保护造成可观测特征缺失; 边缘、IoT、车联网与工业场景约束,中相关,6,未发现,,StorSec; Comprehensive; Design; Securing; Distributed; IoT; Storage; Systems
554,SWANet: A Sliding Window Affinity Network With Dual-Branch Structure for Detection of Automotive Chip Packaging Carriers,2025,10.1109/tim.2025.3558829,paper/10.1109_TIM.2025.3558829.pdf,加密流量分类与应用识别,,数据集、基准、工具与系统化评测,边缘、IoT、车联网与工业场景约束,中相关,8,未发现,,SWANet; Sliding; Window; Affinity; Network; Dual-Branch; Structure; Detection
555,Temporal Network Embedding Enhanced With Long-Range Dynamics and Self-Supervised Learning,2024,10.1109/tnnls.2024.3384348,paper/10.1109_TNNLS.2024.3384348.pdf,时序、日志、KPI 与云原生异常检测,其他AI安全与跨域异常检测,表征学习、预训练与Transformer; 自监督、对比学习与少样本学习,域迁移、概念漂移与真实网络分布变化; 加密与隐私保护造成可观测特征缺失,中相关,6,未发现,,Temporal; Network; Embedding; Enhanced; Long-Range; Dynamics; Self-Supervised; Learning
556,Temporal-Spatial Decoupled Self-Supervised Multi-Task Learning for Video Anomaly Detection and Localization in Intelligent Transportation Surveillance Systems,2025,10.1109/tits.2025.3559166,paper/10.1109_TITS.2025.3559166.pdf,多媒体、医学、遥感与视频异常检测,其他AI安全与跨域异常检测; 入侵检测与网络异常检测,自监督、对比学习与少样本学习; 数据集、基准、工具与系统化评测,开放世界未知攻击与误报控制,弱相关,2,未发现,,Temporal-Spatial; Decoupled; Self-Supervised; Multi-Task; Learning; Video; Anomaly; Detection
557,TeRed: Normal Behavior-Based Efficient Provenance Graph Reduction for Large-Scale Attack Forensics,2025,10.1109/tifs.2025.3601381,paper/10.1109_TIFS.2025.3601381.pdf,图学习、知识图谱与威胁情报,恶意流量、暗网与攻击检测,图神经网络与关系建模; 轻量化、实时与高性能部署; 数据集、基准、工具与系统化评测,多源异构数据融合与上下文建模; 高速流量实时检测与资源约束; 数据集代表性、标准化评测与可复现,强相关,10,已下载,TeRed -> source\TeRed,TeRed; Normal; Behavior-Based; Efficient; Provenance; Graph; Reduction; Large-Scale
558,The Discriminative Power of Cross-layer RTTs in Fingerprinting Proxy Traffic,2025,10.14722/ndss.2025.240966,paper/10.14722_ndss.2025.240966.pdf,加密流量分类与应用识别,,应用场景与系统化验证,加密与隐私保护造成可观测特征缺失,中相关,8,未发现,,Discriminative; Power; Cross-layer; RTTs; Fingerprinting; Proxy; Traffic
559,The Sweet Danger of Sugar: Debunking Representation Learning for Encrypted Traffic Classification,2025,10.1145/3718958.3750498,paper/10.1145_3718958.3750498.pdf,加密流量分类与应用识别,其他AI安全与跨域异常检测,表征学习、预训练与Transformer; 数据集、基准、工具与系统化评测,加密与隐私保护造成可观测特征缺失; 数据集代表性、标准化评测与可复现,强相关,14,已下载,Debunk_Traffic_Representation -> source\Debunk_Traffic_Representation,Sweet; Danger; Sugar; Debunking; Representation; Learning; Encrypted; Traffic
560,TIMFuser: A multi-granular fusion framework for cyber threat intelligence,2024,10.1016/j.cose.2024.104141,paper/10.1016_j.cose.2024.104141.pdf,图学习、知识图谱与威胁情报,,多模态、多视图与特征融合; 数据集、基准、工具与系统化评测,多源异构数据融合与上下文建模,弱相关,3,未发现,,TIMFuser
561,ToCoAD: Two-Stage Contrastive Learning for Industrial Anomaly Detection,2025,10.1109/tim.2025.3545987,paper/10.1109_TIM.2025.3545987.pdf,其他AI安全与跨域异常检测,入侵检测与网络异常检测,自监督、对比学习与少样本学习; 数据集、基准、工具与系统化评测,边缘、IoT、车联网与工业场景约束,弱相关,4,未发现,,ToCoAD; Two-Stage; Contrastive; Learning; Industrial; Anomaly; Detection; Unsupervised
562,Toward Open-World Network Intrusion Detection via Open Recognition and Inspection,2025,10.1109/tifs.2025.3608666,paper/10.1109_TIFS.2025.3608666.pdf,入侵检测与网络异常检测,,应用场景与系统化验证,开放世界未知攻击与误报控制,强相关,14,未发现,,Toward; Open-World; Network; Intrusion; Detection; Open; Recognition; Inspection
563,Towards Context-Aware Traffic Classification via Time-Wavelet Fusion Network,2025,10.1145/3690624.3709315,paper/10.1145_3690624.3709315.pdf,加密流量分类与应用识别,其他AI安全与跨域异常检测,多模态、多视图与特征融合; 表征学习、预训练与Transformer,多源异构数据融合与上下文建模; 加密与隐私保护造成可观测特征缺失,强相关,13,未发现,,Towards; Context-Aware; Traffic; Classification; Time-Wavelet; Fusion; Network; CCS
564,Towards Unsupervised Time-Series Anomaly Detection for Virtual Cloud Networks,2025,10.1109/tifs.2025.3561672,paper/10.1109_TIFS.2025.3561672.pdf,时序、日志、KPI 与云原生异常检测,入侵检测与网络异常检测; 其他AI安全与跨域异常检测,轻量化、实时与高性能部署,高速流量实时检测与资源约束,强相关,11,未发现,,Towards; Unsupervised; Time-Series; Anomaly; Detection; Virtual; Cloud; Networks
565,"Tracking Vehicles in Cooperative Intelligent Transportation Systems: Attacks, Defense Solutions, and Future Directions",2025,10.1109/tits.2025.3581355,paper/10.1109_TITS.2025.3581355.pdf,恶意流量、暗网与攻击检测,IoT、车联网、工业互联网与边缘安全,鲁棒性、对抗防御与可信检测; 数据集、基准、工具与系统化评测,对抗规避、污染与鲁棒性; 边缘、IoT、车联网与工业场景约束,强相关,11,未发现,,Tracking; Vehicles; Cooperative; Intelligent; Transportation; Systems; Attacks; Defense
566,TrafficFormer: An Efficient Pre-trained Model for Traffic Data,2025,10.1109/sp61157.2025.00102,paper/10.1109_sp61157.2025.00102.pdf,图学习、知识图谱与威胁情报,,轻量化、实时与高性能部署; 表征学习、预训练与Transformer; 图神经网络与关系建模,高速流量实时检测与资源约束,中相关,8,已下载,TrafficFormer -> source\TrafficFormer,TrafficFormer; Efficient; Pre-trained; Model; Traffic; Data; Graph; Neural
567,TrafficLLM: Enhancing Large Language Models for Network Traffic Analysis with Generic Traffic Representation,2025,10.48550/arXiv.2504.04222,paper/10.48550_arXiv.2504.04222.pdf,网络流量监测、测量与工具,,表征学习、预训练与Transformer; 数据集、基准、工具与系统化评测,域迁移、概念漂移与真实网络分布变化,强相关,10,已下载,TrafficLLM -> source\TrafficLLM,TrafficLLM; Enhancing; Large; Language; Models; Network; Traffic; Analysis
568,Training Robust Classifiers for Classifying Encrypted Traffic under Dynamic Network Conditions,2025,10.1145/3719027.3765073,paper/10.1145_3719027.3765073.pdf,加密流量分类与应用识别,,鲁棒性、对抗防御与可信检测,加密与隐私保护造成可观测特征缺失; 域迁移、概念漂移与真实网络分布变化; 对抗规避、污染与鲁棒性,强相关,12,已下载,MAML-Training-ETC -> source\MAML-Training-ETC,Training; Robust; Classifiers; Classifying; Encrypted; Traffic; Dynamic; Network
569,Unknown Intrusion Traffic Detection Method Based on Unsupervised Learning and Open-set Recognition,2025,10.21203/rs.3.rs-6201348/v1,paper/10.21203_rs.3.rs-6201348_v1.pdf,加密流量分类与应用识别,,在线、增量、开放集与概念漂移; 鲁棒性、对抗防御与可信检测,开放世界未知攻击与误报控制; 加密与隐私保护造成可观测特征缺失; 对抗规避、污染与鲁棒性,强相关,14,未发现,,Unknown; Intrusion; Traffic; Detection; Method; Based; Unsupervised; Learning
570,Unmasking the Internet: A Survey of Fine-Grained Network Traffic Analysis,2025,10.1109/comst.2025.3545541,paper/10.1109_comst.2025.3545541.pdf,数据集、基准、综述与开源工具,网络流量监测、测量与工具,数据集、基准、工具与系统化评测,数据集代表性、标准化评测与可复现; 加密与隐私保护造成可观测特征缺失,中相关,8,未发现,,Unmasking; Internet; Survey; Fine-Grained; Network; Traffic; Analysis; FGTA
571,Unsupervised Multivariate Time Series Anomaly Detection by Feature Decoupling in Federated Learning Scenarios,2025,10.1109/tai.2025.3533437,paper/10.1109_TAI.2025.3533437.pdf,时序、日志、KPI 与云原生异常检测,联邦学习、隐私保护与分布式协同; 其他AI安全与跨域异常检测,联邦学习、隐私保护与协同训练,边缘、IoT、车联网与工业场景约束,中相关,6,未发现,,Unsupervised; Multivariate; Time; Series; Anomaly; Detection; Feature; Decoupling
572,VarAD: Lightweight High-Resolution Image Anomaly Detection via Visual Autoregressive Modeling,2024,10.1109/tii.2024.3523574,paper/10.1109_TII.2024.3523574.pdf,多媒体、医学、遥感与视频异常检测,入侵检测与网络异常检测; 其他AI安全与跨域异常检测,轻量化、实时与高性能部署,高速流量实时检测与资源约束; 加密与隐私保护造成可观测特征缺失,中相关,5,已下载,VarAD -> source\VarAD,VarAD; Lightweight; High-Resolution; Image; Anomaly; Detection; Visual; Autoregressive
573,Variational Graph Attention Networks With Self-Supervised Learning for Multivariate Time Series Anomaly Detection,2024,10.1109/tim.2024.3502890,paper/10.1109_TIM.2024.3502890.pdf,时序、日志、KPI 与云原生异常检测,其他AI安全与跨域异常检测; 入侵检测与网络异常检测,生成式增强、GAN与扩散模型; 图神经网络与关系建模; 表征学习、预训练与Transformer; 自监督、对比学习与少样本学习,多源异构数据融合与上下文建模,中相关,9,未发现,,Variational; Graph; Attention; Networks; Self-Supervised; Learning; Multivariate; Time
574,VPN-Encrypted Network Traffic Classification Using a Time-Series Approach,2025,10.1109/tnsm.2025.3543903,paper/10.1109_TNSM.2025.3543903.pdf,加密流量分类与应用识别,其他AI安全与跨域异常检测,应用场景与系统化验证,加密与隐私保护造成可观测特征缺失,强相关,16,未发现,,VPN-Encrypted; Network; Traffic; Classification; Using; Time-Series; Approach; Internet
575,When Federated Learning Meets Knowledge Distillation to Secure Consumer Edge Network,2025,10.1109/tce.2025.3559004,paper/10.1109_TCE.2025.3559004.pdf,联邦学习、隐私保护与分布式协同,IoT、车联网、工业互联网与边缘安全,联邦学习、隐私保护与协同训练; 轻量化、实时与高性能部署; 数据集、基准、工具与系统化评测,高速流量实时检测与资源约束; 边缘、IoT、车联网与工业场景约束; 加密与隐私保护造成可观测特征缺失,中相关,8,未发现,,When; Federated; Learning; Meets; Knowledge; Distillation; Secure; Consumer
576,XG-NID: Dual-modality network intrusion detection using a heterogeneous graph neural network and large language model,2025,10.1016/j.eswa.2025.128089,paper/10.1016_j.eswa.2025.128089.pdf,入侵检测与网络异常检测,图学习、知识图谱与威胁情报,图神经网络与关系建模; 多模态、多视图与特征融合; 表征学习、预训练与Transformer; 可解释性、规则抽取与因果分析,多源异构数据融合与上下文建模,强相关,11,未发现,,XG-NID; Dual-modality
577,XIPHOS: Adaptive In-Vehicle Intrusion Detection via Unsupervised Graph Contrastive Learning,2025,10.1109/tifs.2025.3616624,paper/10.1109_TIFS.2025.3616624.pdf,入侵检测与网络异常检测,其他AI安全与跨域异常检测; IoT、车联网、工业互联网与边缘安全,自监督、对比学习与少样本学习; 轻量化、实时与高性能部署; 数据集、基准、工具与系统化评测,多源异构数据融合与上下文建模; 边缘、IoT、车联网与工业场景约束; 高速流量实时检测与资源约束,强相关,11,未发现,,XIPHOS; Adaptive; In-Vehicle; Intrusion; Detection; Unsupervised; Graph; Contrastive
578,ZTID-IoV: Zero-Trust Intrusion Detection in IoV Using Neurosymbolic AI Approach With Federated Meta-Learning,2025,10.1109/tce.2025.3625081,paper/10.1109_TCE.2025.3625081.pdf,入侵检测与网络异常检测,联邦学习、隐私保护与分布式协同,鲁棒性、对抗防御与可信检测; 联邦学习、隐私保护与协同训练; 轻量化、实时与高性能部署; 数据集、基准、工具与系统化评测,模型可解释、可信与可审计; 高速流量实时检测与资源约束; 对抗规避、污染与鲁棒性; 加密与隐私保护造成可观测特征缺失,强相关,13,未发现,,ZTID-IoV; Zero-Trust; Intrusion; Detection; IoV; Using; Neurosymbolic; Approach
579,5G Mobile Networked Clusters Anomaly Detection Under Distribution Shifts: A Causal Perspective,2025,10.1109/tccn.2025.3632390,paper/10.1109_TCCN.2025.3632390.pdf,IoT、车联网、工业互联网与边缘安全,入侵检测与网络异常检测; 其他AI安全与跨域异常检测,可解释性、规则抽取与因果分析; 数据集、基准、工具与系统化评测,边缘、IoT、车联网与工业场景约束; 域迁移、概念漂移与真实网络分布变化; 多源异构数据融合与上下文建模,中相关,8,未发现,,Mobile; Networked; Clusters; Anomaly; Detection; Under; Distribution; Shifts
580,A Decentralized Root Cause Localization Approach for Edge Computing Environments,2026,10.1109/tsc.2026.3668228,paper/10.1109_TSC.2026.3668228.pdf,时序、日志、KPI 与云原生异常检测,IoT、车联网、工业互联网与边缘安全,轻量化、实时与高性能部署,高速流量实时检测与资源约束; 边缘、IoT、车联网与工业场景约束,中相关,5,未发现,,Decentralized; Root; Cause; Localization; Approach; Edge; Computing; Environments
581,A Domain Adaptive IoT Intrusion Detection Algorithm Based on AEC–GAT Feature Extraction and Joint Domain Adversary,2025,10.1109/tii.2025.3631964,paper/10.1109_TII.2025.3631964.pdf,入侵检测与网络异常检测,IoT、车联网、工业互联网与边缘安全,表征学习、预训练与Transformer,边缘、IoT、车联网与工业场景约束; 标签稀缺、类别不平衡与长尾攻击,强相关,11,未发现,,Domain; Adaptive; IoT; Intrusion; Detection; Algorithm; Based; AEC
582,A Domain-Informed Hierarchical Federated Learning Framework for DDoS Detection in WSN for Critical Infrastructure,2026,10.1109/tnsm.2026.3693112,paper/10.1109_TNSM.2026.3693112.pdf,联邦学习、隐私保护与分布式协同,IoT、车联网、工业互联网与边缘安全; 恶意流量、暗网与攻击检测,联邦学习、隐私保护与协同训练; 数据集、基准、工具与系统化评测,边缘、IoT、车联网与工业场景约束,中相关,5,未发现,,Domain-Informed; Hierarchical; Federated; Learning; Framework; DDoS; Detection; WSN
583,A Federated and Incremental Network Intrusion Detection System for IoT Emerging Threats,2026,10.1109/tnsm.2026.3675031,paper/10.1109_TNSM.2026.3675031.pdf,入侵检测与网络异常检测,联邦学习、隐私保护与分布式协同; IoT、车联网、工业互联网与边缘安全,联邦学习、隐私保护与协同训练; 在线、增量、开放集与概念漂移; 数据集、基准、工具与系统化评测,边缘、IoT、车联网与工业场景约束; 加密与隐私保护造成可观测特征缺失,强相关,15,未发现,,Federated; Incremental; Network; Intrusion; Detection; System; IoT; Emerging
584,A Hard-Label Black-Box Evasion Attack against ML-based Malicious Traffic Detection Systems,2026,10.14722/ndss.2026.230916,paper/10.14722_ndss.2026.230916.pdf,恶意流量、暗网与攻击检测,,鲁棒性、对抗防御与可信检测; 数据集、基准、工具与系统化评测,标签稀缺、类别不平衡与长尾攻击; 对抗规避、污染与鲁棒性,强相关,12,未发现,,Hard-Label; Black-Box; Evasion; Attack; ML-based; Malicious; Traffic; Detection
585,A Joint Masked Spectral Group Framework for Hyperspectral Representation Learning,2026,10.1109/tgrs.2026.3674733,paper/10.1109_TGRS.2026.3674733.pdf,多媒体、医学、遥感与视频异常检测,其他AI安全与跨域异常检测,表征学习、预训练与Transformer; 数据集、基准、工具与系统化评测; 自监督、对比学习与少样本学习,加密与隐私保护造成可观测特征缺失,弱相关,2,未发现,,Joint; Masked; Spectral; Group; Framework; Hyperspectral; Representation; Learning
586,A Novel Contrastive Loss for Zero-Day Network Intrusion Detection,2026,10.1109/tnsm.2026.3652529,paper/10.1109_TNSM.2026.3652529.pdf,入侵检测与网络异常检测,其他AI安全与跨域异常检测,自监督、对比学习与少样本学习,开放世界未知攻击与误报控制; 标签稀缺、类别不平衡与长尾攻击,强相关,14,已下载,CLOSR -> source\CLOSR,Novel; Contrastive; Loss; Zero-Day; Network; Intrusion; Detection; Machine
587,A Physics-Informed Hybrid Approach for Cyberattack Detection in the Power Grid,2026,10.1109/tia.2026.3676008,paper/10.1109_TIA.2026.3676008.pdf,恶意流量、暗网与攻击检测,,图神经网络与关系建模,开放世界未知攻击与误报控制,强相关,13,未发现,,Physics-Informed; Hybrid; Approach; Cyberattack; Detection; Power; Grid; Cyberattacks
588,A Proactive Triple-Mutation MTD Architecture Enhancing AI-Driven Intrusion Detection Against Intelligent Adversaries in CIoT Networks,2026,10.1109/tce.2026.3679035,paper/10.1109_TCE.2026.3679035.pdf,入侵检测与网络异常检测,IoT、车联网、工业互联网与边缘安全,鲁棒性、对抗防御与可信检测; 轻量化、实时与高性能部署; 数据集、基准、工具与系统化评测,边缘、IoT、车联网与工业场景约束; 对抗规避、污染与鲁棒性; 高速流量实时检测与资源约束,强相关,15,未发现,,Proactive; Triple-Mutation; MTD; Architecture; Enhancing; AI-Driven; Intrusion; Detection
589,A Real-Time Channel-Level Intrusion Detection System Based on Multimodal Learning,2026,10.1109/jiot.2026.3651905,paper/10.1109_JIOT.2026.3651905.pdf,入侵检测与网络异常检测,,多模态、多视图与特征融合; 轻量化、实时与高性能部署; 数据集、基准、工具与系统化评测; 表征学习、预训练与Transformer,高速流量实时检测与资源约束; 加密与隐私保护造成可观测特征缺失,强相关,16,未发现,,Real-Time; Channel-Level; Intrusion; Detection; System; Based; Multimodal; Learning
590,"A Survey of Graph Neural Networks in Real World: Imbalance, Noise, Privacy and OOD Challenges",2025,10.1109/tpami.2025.3630673,paper/10.1109_TPAMI.2025.3630673.pdf,数据集、基准、综述与开源工具,图学习、知识图谱与威胁情报,图神经网络与关系建模; 数据集、基准、工具与系统化评测; 在线、增量、开放集与概念漂移,加密与隐私保护造成可观测特征缺失; 数据集代表性、标准化评测与可复现; 标签稀缺、类别不平衡与长尾攻击; 多源异构数据融合与上下文建模,弱相关,4,未发现,,Survey; Graph; Neural; Networks; Real; World; Imbalance; Noise
591,A Unified Framework for Robust Encrypted Malicious Traffic Detection in Adverse Environments via Graph Structure Learning,2025,10.1109/tnse.2025.3582871,paper/10.1109_TNSE.2025.3582871.pdf,恶意流量、暗网与攻击检测,图学习、知识图谱与威胁情报,鲁棒性、对抗防御与可信检测; 数据集、基准、工具与系统化评测,加密与隐私保护造成可观测特征缺失; 多源异构数据融合与上下文建模; 对抗规避、污染与鲁棒性,强相关,12,未发现,,Unified; Framework; Robust; Encrypted; Malicious; Traffic; Detection; Adverse
592,Accurate and Scalable Detection and Investigation of Cyber Persistence Threats,2026,10.1109/tdsc.2026.3689905,paper/10.1109_TDSC.2026.3689905.pdf,恶意流量、暗网与攻击检测,,轻量化、实时与高性能部署,高速流量实时检测与资源约束,强相关,10,未发现,,Accurate; Scalable; Detection; Investigation; Cyber; Persistence; Threats; Advanced
593,ACHILLES: A Machine Learning Framework for Explainable and Generalized Automotive Intrusion Detection System,2026,10.1109/tits.2026.3688299,paper/10.1109_TITS.2026.3688299.pdf,入侵检测与网络异常检测,其他AI安全与跨域异常检测,可解释性、规则抽取与因果分析; 数据集、基准、工具与系统化评测,模型可解释、可信与可审计,强相关,11,未发现,,ACHILLES; Machine; Learning; Framework; Explainable; Generalized; Automotive; Intrusion
594,Adapting Large Language Models for Encrypted Traffic Analysis Services: An Efficient Realization With Mixture of LoRA Experts,2026,10.1109/tsc.2026.3671484,paper/10.1109_TSC.2026.3671484.pdf,加密流量分类与应用识别,网络流量监测、测量与工具; 时序、日志、KPI 与云原生异常检测,表征学习、预训练与Transformer; 轻量化、实时与高性能部署,加密与隐私保护造成可观测特征缺失; 高速流量实时检测与资源约束,强相关,11,已下载,TrafficLLM -> source\TrafficLLM,Adapting; Large; Language; Models; Encrypted; Traffic; Analysis; Services
595,Adaptive Federated Reinforcement Learning With Temporal Hybrid Deep Model for Consumer Internet of Vehicles Intrusion Detection,2025,10.1109/tce.2025.3634753,paper/10.1109_TCE.2025.3634753.pdf,入侵检测与网络异常检测,IoT、车联网、工业互联网与边缘安全; 时序、日志、KPI 与云原生异常检测,联邦学习、隐私保护与协同训练,边缘、IoT、车联网与工业场景约束,中相关,8,未发现,,Adaptive; Federated; Reinforcement; Learning; Temporal; Hybrid; Deep; Model
596,Adaptive Graph Filtering Neural Network for Graph Anomaly Detection,2025,10.1109/tnse.2025.3629084,paper/10.1109_TNSE.2025.3629084.pdf,图学习、知识图谱与威胁情报,入侵检测与网络异常检测; 其他AI安全与跨域异常检测,图神经网络与关系建模,多源异构数据融合与上下文建模,中相关,8,已下载,AGFNN -> source\AGFNN,Adaptive; Graph; Filtering; Neural; Network; Anomaly; Detection; GAD
597,Adaptive Latent Distribution Modeling for Industrial Time Series Anomaly Detection,2026,10.1109/tase.2026.3674236,paper/10.1109_TASE.2026.3674236.pdf,入侵检测与网络异常检测,时序、日志、KPI 与云原生异常检测; 其他AI安全与跨域异常检测,应用场景与系统化验证,域迁移、概念漂移与真实网络分布变化; 边缘、IoT、车联网与工业场景约束,中相关,8,未发现,,Adaptive; Latent; Distribution; Modeling; Industrial; Time; Series; Anomaly
598,Adaptive Multi-Scale Window Segmentation and Attention Interaction Transformer for Intrusion Detection in Industrial Internet of Things,2025,10.1109/tii.2025.3621208,paper/10.1109_TII.2025.3621208.pdf,入侵检测与网络异常检测,IoT、车联网、工业互联网与边缘安全; 多媒体、医学、遥感与视频异常检测,表征学习、预训练与Transformer,边缘、IoT、车联网与工业场景约束,强相关,11,未发现,,Adaptive; Multi-Scale; Window; Segmentation; Attention; Interaction; Transformer; Intrusion
599,"Adaptive NetFlow IIoT Intrusion Detection With Deep Transfer Learning, Genetic Optimization, and Ensemble Methods for Network Management",2025,10.1109/tnsm.2025.3617765,paper/10.1109_TNSM.2025.3617765.pdf,入侵检测与网络异常检测,IoT、车联网、工业互联网与边缘安全; 网络流量监测、测量与工具,应用场景与系统化验证,边缘、IoT、车联网与工业场景约束; 域迁移、概念漂移与真实网络分布变化,强相关,14,未发现,,Adaptive; NetFlow; IIoT; Intrusion; Detection; Deep; Transfer; Learning
600,Adaptive Unsupervised Anomaly Detection for Low-Quality Multivariate Time-Series Data,2026,10.1109/tkde.2026.3700672,paper/10.1109_TKDE.2026.3700672.pdf,时序、日志、KPI 与云原生异常检测,其他AI安全与跨域异常检测; 入侵检测与网络异常检测,表征学习、预训练与Transformer,域迁移、概念漂移与真实网络分布变化,中相关,6,未发现,,Adaptive; Unsupervised; Anomaly; Detection; Low-Quality; Multivariate; Time-Series; Data
601,Advancing Pre-Trained Teacher: Towards Robust Feature Discrepancy for Anomaly Detection,2026,10.1109/tip.2026.3683277,paper/10.1109_TIP.2026.3683277.pdf,入侵检测与网络异常检测,其他AI安全与跨域异常检测,鲁棒性、对抗防御与可信检测,对抗规避、污染与鲁棒性; 边缘、IoT、车联网与工业场景约束,中相关,9,已下载,AAND -> source\AAND,Advancing; Pre-Trained; Teacher; Towards; Robust; Feature; Discrepancy; Anomaly
602,Adversarial Sample Based on Structured Fusion Noise for Botnet Detection in Industrial Control Systems,2026,10.1109/tnsm.2026.3665504,paper/10.1109_TNSM.2026.3665504.pdf,恶意流量、暗网与攻击检测,入侵检测与网络异常检测; 基础理论、密码协议与安全机制,鲁棒性、对抗防御与可信检测; 数据集、基准、工具与系统化评测; 多模态、多视图与特征融合,对抗规避、污染与鲁棒性; 多源异构数据融合与上下文建模; 边缘、IoT、车联网与工业场景约束,强相关,13,未发现,,Adversarial; Sample; Based; Structured; Fusion; Noise; Botnet; Detection
603,AI-on-RAN for Cyber Defense: An XAI-LLM Framework for Interpretable Anomaly Detection,2025,10.1109/tnse.2025.3629983,paper/10.1109_TNSE.2025.3629983.pdf,入侵检测与网络异常检测,其他AI安全与跨域异常检测,可解释性、规则抽取与因果分析; 数据集、基准、工具与系统化评测; 鲁棒性、对抗防御与可信检测; 轻量化、实时与高性能部署,模型可解释、可信与可审计; 对抗规避、污染与鲁棒性; 域迁移、概念漂移与真实网络分布变化; 高速流量实时检测与资源约束,强相关,13,未发现,,AI-on-RAN; Cyber; Defense; XAI-LLM; Framework; Interpretable; Anomaly; Detection
604,Alert2Vec: Eliminating Alert Fatigue by Embedding Security Alerts Through Subgraph Learning,2025,10.1109/tdsc.2025.3609834,paper/10.1109_TDSC.2025.3609834.pdf,图学习、知识图谱与威胁情报,,表征学习、预训练与Transformer; 图神经网络与关系建模,多源异构数据融合与上下文建模,中相关,7,未发现,,Alert2Vec; Eliminating; Alert; Fatigue; Embedding; Security; Alerts; Through
605,An Advanced Persistent Threat Detection Framework Based on Graph Attention Networks with Spectral Feature Refinement,2026,10.1109/tdsc.2026.3695911,paper/10.1109_TDSC.2026.3695911.pdf,图学习、知识图谱与威胁情报,恶意流量、暗网与攻击检测,数据集、基准、工具与系统化评测; 表征学习、预训练与Transformer; 图神经网络与关系建模; 轻量化、实时与高性能部署,多源异构数据融合与上下文建模; 高速流量实时检测与资源约束; 数据集代表性、标准化评测与可复现,中相关,7,未发现,,Advanced; Persistent; Threat; Detection; Framework; Based; Graph; Attention
606,An Autoencoder and Double Random Forest-Based Intrusion Detection System for Unknown Attack Defense,2025,10.1109/tvt.2025.3613343,paper/10.1109_TVT.2025.3613343.pdf,入侵检测与网络异常检测,其他AI安全与跨域异常检测; 恶意流量、暗网与攻击检测,鲁棒性、对抗防御与可信检测; 数据集、基准、工具与系统化评测; 轻量化、实时与高性能部署,开放世界未知攻击与误报控制; 对抗规避、污染与鲁棒性; 高速流量实时检测与资源约束; 边缘、IoT、车联网与工业场景约束,强相关,15,未发现,,Autoencoder; Double; Random; Forest-Based; Intrusion; Detection; System; Unknown
607,An efficient framework for malicious network traffic detection using optimized deep learning techniques,2025,10.1016/j.engappai.2025.113592,paper/10.1016_j.engappai.2025.113592.pdf,其他AI安全与跨域异常检测,,轻量化、实时与高性能部署; 数据集、基准、工具与系统化评测,高速流量实时检测与资源约束,中相关,7,未发现,,
608,An Efficient Website Fingerprinting for New Websites Emerging Based on Incremental Learning,2025,10.1109/tnsm.2025.3627441,paper/10.1109_TNSM.2025.3627441.pdf,加密流量分类与应用识别,,在线、增量、开放集与概念漂移; 轻量化、实时与高性能部署; 数据集、基准、工具与系统化评测,加密与隐私保护造成可观测特征缺失; 高速流量实时检测与资源约束; 域迁移、概念漂移与真实网络分布变化,强相关,12,未发现,,Efficient; Website; Fingerprinting; New; Websites; Emerging; Based; Incremental
609,An Intrusion Detection Scheme for Internet of Vehicles Based on Non-IID Federated Distillation and DQN-PBFT,2026,10.1109/tits.2026.3682598,paper/10.1109_TITS.2026.3682598.pdf,入侵检测与网络异常检测,IoT、车联网、工业互联网与边缘安全; 联邦学习、隐私保护与分布式协同,联邦学习、隐私保护与协同训练; 数据集、基准、工具与系统化评测; 轻量化、实时与高性能部署,边缘、IoT、车联网与工业场景约束; 高速流量实时检测与资源约束; 加密与隐私保护造成可观测特征缺失; 数据集代表性、标准化评测与可复现,强相关,13,未发现,,Intrusion; Detection; Scheme; Internet; Vehicles; Based; Non-IID; Federated
610,Ano2Rule: Rule-Based Global Interpretation for Unsupervised Anomaly Detection in Security,2026,10.1109/tdsc.2026.3667688,paper/10.1109_TDSC.2026.3667688.pdf,入侵检测与网络异常检测,其他AI安全与跨域异常检测,可解释性、规则抽取与因果分析,模型可解释、可信与可审计; 开放世界未知攻击与误报控制,中相关,8,候选不可访问,UADRule-Extraction,Ano2Rule; Rule-Based; Global; Interpretation; Unsupervised; Anomaly; Detection; Security
611,Anomaly Detection in EVCS using Federated Learning with Auto-Optimized Edge Models,2026,10.1109/tia.2026.3661521,paper/10.1109_TIA.2026.3661521.pdf,联邦学习、隐私保护与分布式协同,入侵检测与网络异常检测; 其他AI安全与跨域异常检测,联邦学习、隐私保护与协同训练; 轻量化、实时与高性能部署; 数据集、基准、工具与系统化评测,高速流量实时检测与资源约束; 边缘、IoT、车联网与工业场景约束; 多源异构数据融合与上下文建模,中相关,8,未发现,,Anomaly; Detection; EVCS; Federated; Learning; Auto-Optimized; Edge; Models
612,Anomaly Subgraph Detection on Multiple Associated Attributed Networks,2025,10.1109/tnnls.2025.3647831,paper/10.1109_tnnls.2025.3647831.pdf,图学习、知识图谱与威胁情报,其他AI安全与跨域异常检测,表征学习、预训练与Transformer; 数据集、基准、工具与系统化评测,多源异构数据融合与上下文建模,中相关,7,未发现,,Anomaly; Subgraph; Detection; Multiple; Associated; Attributed; Networks; XG1
613,AUCp: Pseudo-AUC for Inference Model Selection with Unlabeled Validation Data in Abnormality Detection,2026,10.1109/tmi.2026.3684946,paper/10.1109_TMI.2026.3684946.pdf,入侵检测与网络异常检测,,自监督、对比学习与少样本学习; 数据集、基准、工具与系统化评测,标签稀缺、类别不平衡与长尾攻击; 数据集代表性、标准化评测与可复现,中相关,6,已下载,AUCp -> source\AUCp,AUCp; Pseudo-AUC; Inference; Model; Selection; Unlabeled; Validation; Data
614,Auto-EAD: An Automated Ensemble Anomaly Detection Framework for the CEN-IoT,2026,10.1109/tce.2026.3651524,paper/10.1109_TCE.2026.3651524.pdf,IoT、车联网、工业互联网与边缘安全,其他AI安全与跨域异常检测; 入侵检测与网络异常检测,数据集、基准、工具与系统化评测,边缘、IoT、车联网与工业场景约束,中相关,7,未发现,,Auto-EAD; Automated; Ensemble; Anomaly; Detection; Framework; CEN-IoT; Internet
615,Balancing Timeliness and Accuracy: A Hybrid Data-Control Plane Framework for Volumetric DDoS Defense in IoT,2026,10.1109/tnsm.2026.3693266,paper/10.1109_TNSM.2026.3693266.pdf,恶意流量、暗网与攻击检测,IoT、车联网、工业互联网与边缘安全,鲁棒性、对抗防御与可信检测; 数据集、基准、工具与系统化评测; 轻量化、实时与高性能部署,对抗规避、污染与鲁棒性; 边缘、IoT、车联网与工业场景约束; 高速流量实时检测与资源约束,强相关,16,未发现,,Balancing; Timeliness; Accuracy; Hybrid; Data-Control; Plane; Framework; Volumetric
616,BAPTISM: A Robust Framework for Encrypted Malicious Traffic Identification With Low-Quality Training Data,2025,10.1109/tifs.2025.3648170,paper/10.1109_TIFS.2025.3648170.pdf,恶意流量、暗网与攻击检测,,数据集、基准、工具与系统化评测; 鲁棒性、对抗防御与可信检测,加密与隐私保护造成可观测特征缺失; 对抗规避、污染与鲁棒性,强相关,12,未发现,,BAPTISM; Robust; Framework; Encrypted; Malicious; Traffic; Identification; Low-Quality
617,Blockchain Anomaly Transaction Detection Method Based on Graph Continual Learning,2026,10.1109/tnse.2026.3653459,paper/10.1109_TNSE.2026.3653459.pdf,图学习、知识图谱与威胁情报,其他AI安全与跨域异常检测; 联邦学习、隐私保护与分布式协同,在线、增量、开放集与概念漂移; 联邦学习、隐私保护与协同训练; 图神经网络与关系建模; 自监督、对比学习与少样本学习,多源异构数据融合与上下文建模; 标签稀缺、类别不平衡与长尾攻击; 域迁移、概念漂移与真实网络分布变化,中相关,9,未发现,,Blockchain; Anomaly; Transaction; Detection; Method; Based; Graph; Continual
618,Blockchain Meets Adaptive Honeypots: A Trust-Aware Approach to Next-Gen IoT Security,2025,10.1109/tnse.2025.3611954,paper/10.1109_TNSE.2025.3611954.pdf,联邦学习、隐私保护与分布式协同,入侵检测与网络异常检测; IoT、车联网、工业互联网与边缘安全,鲁棒性、对抗防御与可信检测; 联邦学习、隐私保护与协同训练; 在线、增量、开放集与概念漂移; 数据集、基准、工具与系统化评测,模型可解释、可信与可审计; 边缘、IoT、车联网与工业场景约束; 开放世界未知攻击与误报控制; 域迁移、概念漂移与真实网络分布变化,强相关,10,未发现,,Blockchain; Meets; Adaptive; Honeypots; Trust-Aware; Approach; Next-Gen; IoT
619,BPF-DAG: Byte-Packet-Flow Features Fusion via Dynamic Attributed Graph for Reliable Encrypted Traffic Classification,2025,10.1109/tifs.2025.3643127,paper/10.1109_TIFS.2025.3643127.pdf,加密流量分类与应用识别,其他AI安全与跨域异常检测; 图学习、知识图谱与威胁情报,多模态、多视图与特征融合; 轻量化、实时与高性能部署,多源异构数据融合与上下文建模; 加密与隐私保护造成可观测特征缺失; 域迁移、概念漂移与真实网络分布变化; 高速流量实时检测与资源约束,强相关,21,未发现,,BPF-DAG; Byte-Packet-Flow; Features; Fusion; Dynamic; Attributed; Graph; Reliable
620,BPF-GNN: A Multi-Granularity Feature Extraction Model Using Graph Neural Networks for Encrypted Traffic Classification,2026,10.1109/tnsm.2026.3671203,paper/10.1109_TNSM.2026.3671203.pdf,加密流量分类与应用识别,图学习、知识图谱与威胁情报; 其他AI安全与跨域异常检测,图神经网络与关系建模,加密与隐私保护造成可观测特征缺失; 多源异构数据融合与上下文建模,强相关,15,未发现,,BPF-GNN; Multi-Granularity; Feature; Extraction; Model; Using; Graph; Neural
621,CAFFT: Cross-Attention Feature Fusion Transformer for Risky Driving Behavior Recognition,2026,10.1109/tits.2026.3651971,paper/10.1109_TITS.2026.3651971.pdf,其他AI安全与跨域异常检测,,表征学习、预训练与Transformer; 多模态、多视图与特征融合; 数据集、基准、工具与系统化评测,多源异构数据融合与上下文建模,弱相关,2,未发现,,CAFFT; Cross-Attention; Feature; Fusion; Transformer; Risky; Driving; Behavior
622,CAN Bus Intrusion Detection Based on Deep Learning With Data Augmentation for Connected Autonomous Vehicles,2025,10.1109/tvt.2025.3603056,paper/10.1109_TVT.2025.3603056.pdf,入侵检测与网络异常检测,IoT、车联网、工业互联网与边缘安全; 其他AI安全与跨域异常检测,生成式增强、GAN与扩散模型; 数据集、基准、工具与系统化评测,边缘、IoT、车联网与工业场景约束,强相关,14,未发现,,CAN; Bus; Intrusion; Detection; Based; Deep; Learning; Data
623,CATwin-IDS: Context-Aware Intrusion Detection System for Both In-Vehicle and External-Vehicle Networks via Digital Twin,2026,10.1109/tits.2026.3669369,paper/10.1109_TITS.2026.3669369.pdf,入侵检测与网络异常检测,IoT、车联网、工业互联网与边缘安全,数据集、基准、工具与系统化评测; 表征学习、预训练与Transformer,边缘、IoT、车联网与工业场景约束; 多源异构数据融合与上下文建模,强相关,13,未发现,,CATwin-IDS; Context-Aware; Intrusion; Detection; System; Both; In-Vehicle; External-Vehicle
624,CCG-IDS: A Causal Counterfactual Graph-Based Intrusion Detection System for Industrial IoT,2026,10.1109/tii.2026.3667569,paper/10.1109_TII.2026.3667569.pdf,入侵检测与网络异常检测,图学习、知识图谱与威胁情报; IoT、车联网、工业互联网与边缘安全,可解释性、规则抽取与因果分析; 数据集、基准、工具与系统化评测; 图神经网络与关系建模; 鲁棒性、对抗防御与可信检测,边缘、IoT、车联网与工业场景约束; 多源异构数据融合与上下文建模; 模型可解释、可信与可审计; 域迁移、概念漂移与真实网络分布变化,强相关,14,未发现,,CCG-IDS; Causal; Counterfactual; Graph-Based; Intrusion; Detection; System; Industrial
625,Cease at the Ultimate Goodness: Towards Efficient Website Fingerprinting Defense via Iterative Mutual Information Minimization,2026,10.14722/ndss.2026.240786,paper/10.14722_ndss.2026.240786.pdf,加密流量分类与应用识别,,轻量化、实时与高性能部署; 鲁棒性、对抗防御与可信检测; 在线、增量、开放集与概念漂移,加密与隐私保护造成可观测特征缺失; 高速流量实时检测与资源约束; 对抗规避、污染与鲁棒性,中相关,7,未发现,,Cease; Ultimate; Goodness; Towards; Efficient; Website; Fingerprinting; Defense
626,CELLSHIFT: RTT-Aware Trace Transduction for Real-World Website Fingerprinting,2026,10.14722/ndss.2026.231004,paper/10.14722_ndss.2026.231004.pdf,加密流量分类与应用识别,,应用场景与系统化验证,加密与隐私保护造成可观测特征缺失,中相关,6,已下载,robgjansen/cellshift -> source\cellshift,CELLSHIFT; RTT-Aware; Trace; Transduction; Real-World; Website; Fingerprinting
627,Chain-Visage: Blockchain-Assisted Visual Content Ownership and Tamper Tracing in CIoT Multimedia Ecosystems,2025,10.1109/tce.2025.3647677,paper/10.1109_TCE.2025.3647677.pdf,IoT、车联网、工业互联网与边缘安全,多媒体、医学、遥感与视频异常检测; 联邦学习、隐私保护与分布式协同,数据集、基准、工具与系统化评测; 联邦学习、隐私保护与协同训练; 轻量化、实时与高性能部署,边缘、IoT、车联网与工业场景约束; 加密与隐私保护造成可观测特征缺失; 高速流量实时检测与资源约束; 数据集代表性、标准化评测与可复现,中相关,5,未发现,,Chain-Visage; Blockchain-Assisted; Visual; Content; Ownership; Tamper; Tracing; CIoT
628,CL-ViME: Contrastive Learning and Vision Mixture of Experts for Encrypted Traffic Classification,2025,10.1109/tnsm.2025.3650038,paper/10.1109_TNSM.2025.3650038.pdf,加密流量分类与应用识别,其他AI安全与跨域异常检测,自监督、对比学习与少样本学习; 表征学习、预训练与Transformer; 数据集、基准、工具与系统化评测,加密与隐私保护造成可观测特征缺失,强相关,15,未发现,,CL-ViME; Contrastive; Learning; Vision; Mixture; Experts; Encrypted; Traffic
629,CloudTrie : An Uncertainty-Quantified Anomaly Detection Framework for Prefix Hijacking With Multisource Fusion,2026,10.1109/tim.2026.3657531,paper/10.1109_TIM.2026.3657531.pdf,入侵检测与网络异常检测,时序、日志、KPI 与云原生异常检测; 其他AI安全与跨域异常检测,数据集、基准、工具与系统化评测; 多模态、多视图与特征融合; 鲁棒性、对抗防御与可信检测,多源异构数据融合与上下文建模,中相关,9,未发现,,CloudTrie; Uncertainty-Quantified; Anomaly; Detection; Framework; Prefix; Hijacking; Multisource
630,Clustering Diffusion Model With Frequency-Signal Modulation for Variational Graph Autoencoders,2025,10.1109/tpami.2025.3614385,paper/10.1109_TPAMI.2025.3614385.pdf,其他AI安全与跨域异常检测,图学习、知识图谱与威胁情报,生成式增强、GAN与扩散模型; 多模态、多视图与特征融合,多源异构数据融合与上下文建模,弱相关,0,已下载,FVD -> source\FVD,Clustering; Diffusion; Model; Frequency-Signal; Modulation; Variational; Graph; Autoencoders
631,CoLD: Collaborative Label Denoising Framework for Network Intrusion Detection,2026,10.14722/ndss.2026.231950,paper/10.14722_ndss.2026.231950.pdf,入侵检测与网络异常检测,联邦学习、隐私保护与分布式协同,联邦学习、隐私保护与协同训练; 数据集、基准、工具与系统化评测,标签稀缺、类别不平衡与长尾攻击,强相关,10,未发现,,CoLD; Collaborative; Label; Denoising; Framework; Network; Intrusion; Detection
632,Comparative Analysis of Deep Learning Models for Real-World ISP Network Traffic Forecasting,2025,10.1109/tnsm.2025.3636557,paper/10.1109_TNSM.2025.3636557.pdf,其他AI安全与跨域异常检测,,数据集、基准、工具与系统化评测; 轻量化、实时与高性能部署,数据集代表性、标准化评测与可复现; 高速流量实时检测与资源约束,中相关,7,已下载,isp-forecasting-benchmark -> source\isp-forecasting-benchmark,Comparative; Analysis; Deep; Learning; Models; Real-World; ISP; Network
633,Contextual Masking Distillation for Network Traffic Anomaly Detection,2026,10.1109/tifs.2026.3655514,paper/10.1109_TIFS.2026.3655514.pdf,入侵检测与网络异常检测,其他AI安全与跨域异常检测,数据集、基准、工具与系统化评测,多源异构数据融合与上下文建模,强相关,13,已下载,ConMD -> source\ConMD,Contextual; Masking; Distillation; Network; Traffic; Anomaly; Detection; CIC-IDS2017
634,Contrast Duality of Adversarial Learningin Network Intrusion: A Review,2025,10.1109/tai.2025.3641908,paper/10.1109_TAI.2025.3641908.pdf,数据集、基准、综述与开源工具,入侵检测与网络异常检测,鲁棒性、对抗防御与可信检测; 数据集、基准、工具与系统化评测,对抗规避、污染与鲁棒性; 数据集代表性、标准化评测与可复现,中相关,5,未发现,,Contrast; Duality; Adversarial; Learningin; Network; Intrusion; Review; AI-based
635,Corner Case Detection and Generation for Autonomous Driving: An Overview,2026,10.1109/tits.2026.3688488,paper/10.1109_TITS.2026.3688488.pdf,数据集、基准、综述与开源工具,,数据集、基准、工具与系统化评测,数据集代表性、标准化评测与可复现,弱相关,2,未发现,,Corner; Case; Detection; Generation; Autonomous; Driving; Overview; Safety
636,Cyber Resilience in Solar-Rich Networked Microgrids: A Real Time End-to-End DER Outage Management Framework,2025,10.1109/tia.2025.3625887,paper/10.1109_TIA.2025.3625887.pdf,入侵检测与网络异常检测,,数据集、基准、工具与系统化评测; 轻量化、实时与高性能部署,高速流量实时检测与资源约束,强相关,12,未发现,,Cyber; Resilience; Solar-Rich; Networked; Microgrids; Real; Time; End-to-End
637,DAIR-FedMoE: Hierarchical MoE for Federated Encrypted Traffic Classification under Compound Drift,2026,10.1109/tdsc.2026.3676447,paper/10.1109_TDSC.2026.3676447.pdf,加密流量分类与应用识别,联邦学习、隐私保护与分布式协同; 其他AI安全与跨域异常检测,联邦学习、隐私保护与协同训练; 在线、增量、开放集与概念漂移; 轻量化、实时与高性能部署,加密与隐私保护造成可观测特征缺失; 标签稀缺、类别不平衡与长尾攻击; 域迁移、概念漂移与真实网络分布变化; 高速流量实时检测与资源约束,强相关,15,已下载,DairFM -> source\DairFM,DAIR-FedMoE; Hierarchical; MoE; Federated; Encrypted; Traffic; Classification; Compound
638,DALAD: Unsupervised Detection of Global and Local Anomalies in Microservice Systems,2025,10.1109/tsc.2025.3649198,paper/10.1109_TSC.2025.3649198.pdf,时序、日志、KPI 与云原生异常检测,,数据集、基准、工具与系统化评测,开放世界未知攻击与误报控制,中相关,6,已下载,intse/DALAD -> source\DALAD,DALAD; Unsupervised; Detection; Global; Local; Anomalies; Microservice; Systems
639,DCANFL: Decentralized Federated Learning for In-Vehicle CAN Intrusion Detection,2026,10.1109/tvt.2026.3671351,paper/10.1109_TVT.2026.3671351.pdf,入侵检测与网络异常检测,IoT、车联网、工业互联网与边缘安全; 联邦学习、隐私保护与分布式协同,联邦学习、隐私保护与协同训练; 数据集、基准、工具与系统化评测,边缘、IoT、车联网与工业场景约束; 加密与隐私保护造成可观测特征缺失,强相关,12,未发现,,DCANFL; Decentralized; Federated; Learning; In-Vehicle; CAN; Intrusion; Detection
640,"DDoS Attack Detection in Business Blockchain Networks: A Review, Framework, and Challenges",2025,10.1109/tnse.2025.3588625,paper/10.1109_TNSE.2025.3588625.pdf,数据集、基准、综述与开源工具,恶意流量、暗网与攻击检测; 联邦学习、隐私保护与分布式协同,联邦学习、隐私保护与协同训练; 数据集、基准、工具与系统化评测; 鲁棒性、对抗防御与可信检测,数据集代表性、标准化评测与可复现; 加密与隐私保护造成可观测特征缺失,中相关,7,未发现,,DDoS; Attack; Detection; Business; Blockchain; Networks; Review; Framework
641,"Decompose to Understand, Fuse to Detect: Frequency-Decoupled Anomaly Detection for Encrypted Network Traffic",2026,10.48550/arXiv.2605.02970,paper/10.48550_arXiv.2605.02970.pdf,其他AI安全与跨域异常检测,入侵检测与网络异常检测,应用场景与系统化验证,加密与隐私保护造成可观测特征缺失; 域迁移、概念漂移与真实网络分布变化,强相关,10,已下载,FreeUp -> source\FreeUp,Decompose; Understand; Fuse; Detect; Frequency-Decoupled; Anomaly; Detection; Encrypted
642,Deep Learning for Video Anomaly Detection: A Review,2025,10.1109/tnnls.2025.3647892,paper/10.1109_TNNLS.2025.3647892.pdf,多媒体、医学、遥感与视频异常检测,数据集、基准、综述与开源工具; 其他AI安全与跨域异常检测,表征学习、预训练与Transformer; 自监督、对比学习与少样本学习; 在线、增量、开放集与概念漂移; 数据集、基准、工具与系统化评测,数据集代表性、标准化评测与可复现; 标签稀缺、类别不平衡与长尾攻击,弱相关,4,未发现,,Deep; Learning; Video; Anomaly; Detection; Review; VAD
643,Detecting advanced persistent threats via heterogeneous graph learning from homophily and heterogeneity views,2026,10.1186/s42400-025-00425-x,paper/10.1186_s42400-025-00425-x.pdf,图学习、知识图谱与威胁情报,,图神经网络与关系建模; 表征学习、预训练与Transformer; 数据集、基准、工具与系统化评测,多源异构数据融合与上下文建模,弱相关,4,未发现,,Detecting; Advanced; Persistent; Threats; APTs; Data; APT; APT-HERA
644,Detecting and Mitigating Adversarial Machine Learning Attacks in Autonomous Vehicles Within the Internet of Vehicles,2026,10.1109/tits.2026.3652712,paper/10.1109_TITS.2026.3652712.pdf,IoT、车联网、工业互联网与边缘安全,其他AI安全与跨域异常检测; 恶意流量、暗网与攻击检测,鲁棒性、对抗防御与可信检测; 轻量化、实时与高性能部署; 数据集、基准、工具与系统化评测,对抗规避、污染与鲁棒性; 边缘、IoT、车联网与工业场景约束; 加密与隐私保护造成可观测特征缺失; 高速流量实时检测与资源约束,强相关,11,未发现,,Detecting; Mitigating; Adversarial; Machine; Learning; Attacks; Autonomous; Vehicles
645,Developing A Domain-Specific LLM for Optical Networks: A Reinforcement Learning-Based Fine-Tuning Framework,2026,10.1109/tnsm.2026.3676522,paper/10.1109_TNSM.2026.3676522.pdf,IoT、车联网、工业互联网与边缘安全,,数据集、基准、工具与系统化评测; 轻量化、实时与高性能部署,高速流量实时检测与资源约束,中相关,6,未发现,,Developing; Domain-Specific; LLM; Optical; Networks; Reinforcement; Learning-Based; Fine-Tuning
646,Disentangled Graph Prompting for Out-Of-Distribution Detection,2026,10.1109/tkde.2026.3678022,paper/10.1109_TKDE.2026.3678022.pdf,图学习、知识图谱与威胁情报,,在线、增量、开放集与概念漂移; 图神经网络与关系建模,域迁移、概念漂移与真实网络分布变化; 多源异构数据融合与上下文建模,中相关,6,已下载,DGP -> source\DGP,Disentangled; Graph; Prompting; Out-Of-Distribution; Detection; When; Therefore; OOD
647,Distributed Cooperative Defense Against DDoS Attacks in Edge-Cloud Computing Networks: A Game-Theoretic Approach,2026,10.1109/ton.2026.3659868,paper/10.1109_TON.2026.3659868.pdf,恶意流量、暗网与攻击检测,时序、日志、KPI 与云原生异常检测; 联邦学习、隐私保护与分布式协同,联邦学习、隐私保护与协同训练; 鲁棒性、对抗防御与可信检测; 轻量化、实时与高性能部署,对抗规避、污染与鲁棒性; 高速流量实时检测与资源约束; 边缘、IoT、车联网与工业场景约束,强相关,13,未发现,,Distributed; Cooperative; Defense; Against; DDoS; Attacks; Edge-Cloud; Computing
648,Divergence-Regularized Federated GANs for Effective Cyber-Attack Detection on Non-IID and Unlabeled Edge Activity Data,2026,10.1109/tii.2026.3666264,paper/10.1109_TII.2026.3666264.pdf,联邦学习、隐私保护与分布式协同,恶意流量、暗网与攻击检测,联邦学习、隐私保护与协同训练; 轻量化、实时与高性能部署; 生成式增强、GAN与扩散模型,标签稀缺、类别不平衡与长尾攻击; 高速流量实时检测与资源约束; 边缘、IoT、车联网与工业场景约束; 域迁移、概念漂移与真实网络分布变化,中相关,6,候选不可访问,FedGAD,Divergence-Regularized; Federated; GANs; Effective; Cyber-Attack; Detection; Non-IID; Unlabeled
649,DRL-Based Weakly Supervised Traffic Anomaly Detection for IoT Networks,2025,10.1109/tnse.2025.3640175,paper/10.1109_TNSE.2025.3640175.pdf,入侵检测与网络异常检测,其他AI安全与跨域异常检测; IoT、车联网、工业互联网与边缘安全,自监督、对比学习与少样本学习,标签稀缺、类别不平衡与长尾攻击; 边缘、IoT、车联网与工业场景约束,强相关,12,未发现,,DRL-Based; Weakly; Supervised; Traffic; Anomaly; Detection; IoT; Networks
650,DSecO: Domain Name System (DNS) Data as a Knowledge Graph for Enhanced Security Analysis,2025,10.1109/ton.2025.3598374,paper/10.1109_TON.2025.3598374.pdf,图学习、知识图谱与威胁情报,,图神经网络与关系建模; 数据集、基准、工具与系统化评测; 轻量化、实时与高性能部署; 可解释性、规则抽取与因果分析,多源异构数据融合与上下文建模; 高速流量实时检测与资源约束; 边缘、IoT、车联网与工业场景约束,弱相关,4,已下载,dns-graph -> source\dns-graph,DSecO; Domain; Name; System; DNS; Data; Knowledge; Graph
651,Dual-Masked and Discriminative Reconstruction for Unified Vision Anomaly Detection,2026,10.1109/tip.2026.3687095,paper/10.1109_TIP.2026.3687095.pdf,其他AI安全与跨域异常检测,入侵检测与网络异常检测,表征学习、预训练与Transformer; 轻量化、实时与高性能部署,高速流量实时检测与资源约束,中相关,5,已下载,D2Rec -> source\D2Rec,Dual-Masked; Discriminative; Reconstruction; Unified; Vision; Anomaly; Detection; Unsupervised
652,Dynamic Adaptive Aggregation and Feature Pyramid Network Enhanced GraphSAGE for Advanced Persistent Threat Detection in Next-Generation Communication Networks,2026,10.1109/tnsm.2026.3660650,paper/10.1109_TNSM.2026.3660650.pdf,图学习、知识图谱与威胁情报,恶意流量、暗网与攻击检测,图神经网络与关系建模; 轻量化、实时与高性能部署; 数据集、基准、工具与系统化评测,域迁移、概念漂移与真实网络分布变化; 多源异构数据融合与上下文建模; 高速流量实时检测与资源约束; 加密与隐私保护造成可观测特征缺失,中相关,8,未发现,,Dynamic; Adaptive; Aggregation; Feature; Pyramid; Network; Enhanced; GraphSAGE
653,Early Attack Identification in the Wild,2026,10.1109/ton.2026.3677135,paper/10.1109_TON.2026.3677135.pdf,恶意流量、暗网与攻击检测,,表征学习、预训练与Transformer,加密与隐私保护造成可观测特征缺失,强相关,11,未发现,,Early; Attack; Identification; Wild; While
654,Early-Stage Detection of Encrypted Malware Traffic via Multi-Flow Temporal Graph Learning,2026,10.1109/tifs.2026.3685079,paper/10.1109_TIFS.2026.3685079.pdf,加密流量分类与应用识别,恶意流量、暗网与攻击检测; 图学习、知识图谱与威胁情报,图神经网络与关系建模; 数据集、基准、工具与系统化评测,加密与隐私保护造成可观测特征缺失; 多源异构数据融合与上下文建模,强相关,21,已下载,DawnGuard -> source\DawnGuard,Early-Stage; Detection; Encrypted; Malware; Traffic; Multi-Flow; Temporal; Graph
655,Edge-Aware Multi-Modal Intrusion Detection for Consumer-Centric Industrial Internet-of-Things Devices Using Deep Adaptive Fusion,2026,10.1109/tce.2026.3674715,paper/10.1109_TCE.2026.3674715.pdf,入侵检测与网络异常检测,IoT、车联网、工业互联网与边缘安全,多模态、多视图与特征融合; 轻量化、实时与高性能部署; 数据集、基准、工具与系统化评测; 表征学习、预训练与Transformer,多源异构数据融合与上下文建模; 边缘、IoT、车联网与工业场景约束; 高速流量实时检测与资源约束; 域迁移、概念漂移与真实网络分布变化,强相关,15,未发现,,Edge-Aware; Multi-Modal; Intrusion; Detection; Consumer-Centric; Industrial; Internet-of-Things; Devices
656,Edge-QSFL: Quantum-Enhanced Split Federated Learning With Multi-Head Temporal Networks for Edge-Based Intelligent Transportation Security,2026,10.1109/tce.2026.3665233,paper/10.1109_TCE.2026.3665233.pdf,联邦学习、隐私保护与分布式协同,时序、日志、KPI 与云原生异常检测; IoT、车联网、工业互联网与边缘安全,联邦学习、隐私保护与协同训练; 轻量化、实时与高性能部署; 鲁棒性、对抗防御与可信检测,高速流量实时检测与资源约束; 边缘、IoT、车联网与工业场景约束; 加密与隐私保护造成可观测特征缺失; 对抗规避、污染与鲁棒性,强相关,10,未发现,,Edge-QSFL; Quantum-Enhanced; Split; Federated; Learning; Multi-Head; Temporal; Networks
657,Effective Sample Generation for Industrial Control Systems: A GAN-Based Approach,2025,10.1109/tii.2025.3609080,paper/10.1109_TII.2025.3609080.pdf,入侵检测与网络异常检测,其他AI安全与跨域异常检测,数据集、基准、工具与系统化评测; 生成式增强、GAN与扩散模型; 轻量化、实时与高性能部署,边缘、IoT、车联网与工业场景约束; 高速流量实时检测与资源约束,强相关,14,未发现,,Effective; Sample; Generation; Industrial; Control; Systems; GAN-Based; Approach
658,Efficient Federated LLM Framework for Intelligent IoMT Management,2026,10.1109/tce.2026.3689383,paper/10.1109_TCE.2026.3689383.pdf,联邦学习、隐私保护与分布式协同,,轻量化、实时与高性能部署; 联邦学习、隐私保护与协同训练; 数据集、基准、工具与系统化评测; 表征学习、预训练与Transformer,高速流量实时检测与资源约束; 多源异构数据融合与上下文建模,中相关,5,未发现,,Efficient; Federated; LLM; Framework; Intelligent; IoMT; Management; Internet
659,Efficient Intrusion Detection for Edge Network via Multi-Stage Few-Shot Class-Incremental Learning,2025,10.1109/tnse.2025.3644385,paper/10.1109_TNSE.2025.3644385.pdf,入侵检测与网络异常检测,加密流量分类与应用识别,轻量化、实时与高性能部署; 自监督、对比学习与少样本学习; 在线、增量、开放集与概念漂移; 数据集、基准、工具与系统化评测,高速流量实时检测与资源约束; 标签稀缺、类别不平衡与长尾攻击; 边缘、IoT、车联网与工业场景约束; 数据集代表性、标准化评测与可复现,强相关,17,未发现,,Efficient; Intrusion; Detection; Edge; Network; Multi-Stage; Few-Shot; Class-Incremental
660,Efficient Malicious Encrypted Traffic Detection via Multi-Scale Convolution-Augmented Transformer: The NetFlowClassifier Approach,2026,10.1109/iccece69169.2026.11399795,paper/10.1109_ICCECE69169.2026.11399795.pdf,加密流量分类与应用识别,恶意流量、暗网与攻击检测; 网络流量监测、测量与工具,表征学习、预训练与Transformer; 轻量化、实时与高性能部署,加密与隐私保护造成可观测特征缺失; 高速流量实时检测与资源约束,强相关,17,未发现,,Efficient; Malicious; Encrypted; Traffic; Detection; Multi-Scale; Convolution-Augmented; Transformer
661,Encrypted Traffic Classification Based on Two-Phase Feature Fusion,2026,10.1109/tccn.2026.3683889,paper/10.1109_TCCN.2026.3683889.pdf,加密流量分类与应用识别,其他AI安全与跨域异常检测,多模态、多视图与特征融合; 表征学习、预训练与Transformer,加密与隐私保护造成可观测特征缺失; 多源异构数据融合与上下文建模,强相关,13,未发现,,Encrypted; Traffic; Classification; Based; Two-Phase; Feature; Fusion; However
662,Encrypted Traffic Detection in Resource Constrained IoT Networks: A Diffusion Model and LLM Integrated Framework,2025,10.1109/tnse.2025.3649259,paper/10.1109_TNSE.2025.3649259.pdf,加密流量分类与应用识别,IoT、车联网、工业互联网与边缘安全; 其他AI安全与跨域异常检测,数据集、基准、工具与系统化评测; 轻量化、实时与高性能部署; 多模态、多视图与特征融合; 生成式增强、GAN与扩散模型,加密与隐私保护造成可观测特征缺失; 高速流量实时检测与资源约束; 多源异构数据融合与上下文建模; 边缘、IoT、车联网与工业场景约束,强相关,14,未发现,,Encrypted; Traffic; Detection; Resource; Constrained; IoT; Networks; Diffusion
663,End-to-End Open-Set Semi-Supervised Learning for Fine-Grained Encrypted Traffic Classification,2026,10.1109/tifs.2026.3653575,paper/10.1109_TIFS.2026.3653575.pdf,加密流量分类与应用识别,其他AI安全与跨域异常检测,自监督、对比学习与少样本学习; 在线、增量、开放集与概念漂移,加密与隐私保护造成可观测特征缺失; 开放世界未知攻击与误报控制; 标签稀缺、类别不平衡与长尾攻击,强相关,15,未发现,,End-to-End; Open-Set; Semi-Supervised; Learning; Fine-Grained; Encrypted; Traffic; Classification
664,Energy-Efficient Distributed Intrusion Detection Leveraging Graph-Smoothness and Sparsity in Consumer IoT WSNs,2026,10.1109/tce.2026.3665793,paper/10.1109_TCE.2026.3665793.pdf,入侵检测与网络异常检测,IoT、车联网、工业互联网与边缘安全; 图学习、知识图谱与威胁情报,轻量化、实时与高性能部署; 联邦学习、隐私保护与协同训练; 数据集、基准、工具与系统化评测,高速流量实时检测与资源约束; 边缘、IoT、车联网与工业场景约束; 多源异构数据融合与上下文建模,强相关,13,未发现,,Energy-Efficient; Distributed; Intrusion; Detection; Leveraging; Graph-Smoothness; Sparsity; Consumer
665,Enhance UAV Network Resilience by Malicious Traffic Detection: A Twin Graph Encoder Approach,2026,10.1109/tcomm.2026.3693173,paper/10.1109_TCOMM.2026.3693173.pdf,恶意流量、暗网与攻击检测,图学习、知识图谱与威胁情报; IoT、车联网、工业互联网与边缘安全,表征学习、预训练与Transformer,多源异构数据融合与上下文建模,强相关,13,未发现,,Enhance; UAV; Network; Resilience; Malicious; Traffic; Detection; Twin
666,Enhancing Anomaly Alert Prioritization Through Calibrated Standard Deviation Uncertainty Estimation With an Ensemble of Auto-Encoders,2026,10.1109/tnsm.2026.3664298,paper/10.1109_TNSM.2026.3664298.pdf,其他AI安全与跨域异常检测,,鲁棒性、对抗防御与可信检测; 轻量化、实时与高性能部署,域迁移、概念漂移与真实网络分布变化; 高速流量实时检测与资源约束,中相关,5,未发现,,Enhancing; Anomaly; Alert; Prioritization; Through; Calibrated; Standard; Deviation
667,Enhancing Intrusion Detection via Interpretable Inter-Flow Spatio-Temporal Graphs and Intra-Flow Features,2026,10.1109/tnse.2026.3664905,paper/10.1109_TNSE.2026.3664905.pdf,入侵检测与网络异常检测,图学习、知识图谱与威胁情报; 时序、日志、KPI 与云原生异常检测,多模态、多视图与特征融合; 图神经网络与关系建模; 可解释性、规则抽取与因果分析,多源异构数据融合与上下文建模; 模型可解释、可信与可审计,强相关,12,候选不可访问,IF2STG,Enhancing; Intrusion; Detection; Interpretable; Inter-Flow; Spatio-Temporal; Graphs; Intra-Flow
668,Enhancing Trust Management System for Connected Autonomous Vehicles Using Machine Learning Methods: A Survey,2025,10.1109/tits.2025.3647284,paper/10.1109_TITS.2025.3647284.pdf,数据集、基准、综述与开源工具,IoT、车联网、工业互联网与边缘安全; 其他AI安全与跨域异常检测,数据集、基准、工具与系统化评测; 鲁棒性、对抗防御与可信检测,边缘、IoT、车联网与工业场景约束; 模型可解释、可信与可审计; 数据集代表性、标准化评测与可复现,弱相关,4,候选不可访问,ML-TMS-CAV-Survey; ML-based-TMSCAV-Survey,Enhancing; Trust; Management; System; Connected; Autonomous; Vehicles; Using
669,Enhancing Website Fingerprinting Attacks against Traffic Drift,2026,10.14722/ndss.2026.230059,paper/10.14722_ndss.2026.230059.pdf,加密流量分类与应用识别,恶意流量、暗网与攻击检测,应用场景与系统化验证,加密与隐私保护造成可观测特征缺失,强相关,10,已下载,Adaptive-WF-Attack -> source\Adaptive-WF-Attack,Enhancing; Website; Fingerprinting; Attacks; Traffic; Drift
670,Entropy-regulated cross-modal generative fusion for multimodal network intrusion detection,2025,10.1016/j.inffus.2025.103581,paper/10.1016_j.inffus.2025.103581.pdf,入侵检测与网络异常检测,,多模态、多视图与特征融合; 生成式增强、GAN与扩散模型,多源异构数据融合与上下文建模,强相关,10,未发现,,Entropy-regulated
671,EO-EPTC: End-to-End Original Traffic-Based Encrypted Proxy Traffic Classification Framework,2025,10.1109/tifs.2025.3646874,paper/10.1109_TIFS.2025.3646874.pdf,加密流量分类与应用识别,其他AI安全与跨域异常检测,数据集、基准、工具与系统化评测,加密与隐私保护造成可观测特征缺失,强相关,11,已下载,wzujhj/EO-EPTC -> source\EO-EPTC; ygchen1/eo-eptc -> source\ygchen1_eo-eptc,EO-EPTC; End-to-End; Original; Traffic-Based; Encrypted; Proxy; Traffic; Classification
672,Estimating Node Abnormalities From Imprecise Subgraph-Level Supervision,2025,10.1109/tnse.2025.3593338,paper/10.1109_TNSE.2025.3593338.pdf,入侵检测与网络异常检测,图学习、知识图谱与威胁情报,应用场景与系统化验证,多源异构数据融合与上下文建模; 标签稀缺、类别不平衡与长尾攻击,中相关,9,未发现,,Estimating; Node; Abnormalities; From; Imprecise; Subgraph-Level; Supervision; Although
673,Evaluation to Integration: Hybrid Feature Selection Framework With Ensemble Machine Learning for Intrusion Detection,2026,10.1109/tdsc.2026.3664110,paper/10.1109_TDSC.2026.3664110.pdf,入侵检测与网络异常检测,其他AI安全与跨域异常检测,数据集、基准、工具与系统化评测; 鲁棒性、对抗防御与可信检测,数据集代表性、标准化评测与可复现; 加密与隐私保护造成可观测特征缺失; 域迁移、概念漂移与真实网络分布变化; 对抗规避、污染与鲁棒性,强相关,13,未发现,,Evaluation; Integration; Hybrid; Feature; Selection; Framework; Ensemble; Machine
674,Evolving Intelligent Network Attack Classifier Under Label Distribution Shift,2026,10.1109/tnse.2026.3669948,paper/10.1109_TNSE.2026.3669948.pdf,恶意流量、暗网与攻击检测,入侵检测与网络异常检测,在线、增量、开放集与概念漂移; 数据集、基准、工具与系统化评测; 表征学习、预训练与Transformer,域迁移、概念漂移与真实网络分布变化; 标签稀缺、类别不平衡与长尾攻击; 高速流量实时检测与资源约束,强相关,14,未发现,,Evolving; Intelligent; Network; Attack; Classifier; Under; Label; Distribution
675,Explainable Anomaly Detection in Network Traffic Using Normalizing Flows,2025,10.1109/ton.2025.3617580,paper/10.1109_TON.2025.3617580.pdf,入侵检测与网络异常检测,其他AI安全与跨域异常检测; 加密流量分类与应用识别,可解释性、规则抽取与因果分析; 生成式增强、GAN与扩散模型; 数据集、基准、工具与系统化评测,模型可解释、可信与可审计,强相关,19,未发现,,Explainable; Anomaly; Detection; Network; Traffic; Using; Normalizing; Flows
676,Explainable Graph Ensemble Learning for Multivariate Time Series Anomaly Detection in Cloud Microservice Architectures,2025,10.1109/tcc.2025.3634737,paper/10.1109_TCC.2025.3634737.pdf,时序、日志、KPI 与云原生异常检测,其他AI安全与跨域异常检测; 图学习、知识图谱与威胁情报,可解释性、规则抽取与因果分析; 图神经网络与关系建模; 表征学习、预训练与Transformer; 多模态、多视图与特征融合,模型可解释、可信与可审计; 多源异构数据融合与上下文建模,中相关,8,未发现,,Explainable; Graph; Ensemble; Learning; Multivariate; Time; Series; Anomaly
677,Extended Traffic Interaction Graph:An Efficient Framework for Malicious Encrypted Web Traffic Detection,2026,10.2139/ssrn.6544057,paper/10.2139_ssrn.6544057.pdf,图学习、知识图谱与威胁情报,恶意流量、暗网与攻击检测,轻量化、实时与高性能部署; 数据集、基准、工具与系统化评测,加密与隐私保护造成可观测特征缺失; 高速流量实时检测与资源约束; 多源异构数据融合与上下文建模,强相关,14,未发现,,Extended; Traffic; Interaction; Graph; Efficient; Framework; Malicious; Encrypted
678,Falcon: Federated Incremental Learning Framework for Intrusion Detection in Heterogeneous Consumer-Centric Internet of Things,2026,10.1109/tce.2026.3690484,paper/10.1109_TCE.2026.3690484.pdf,入侵检测与网络异常检测,IoT、车联网、工业互联网与边缘安全; 联邦学习、隐私保护与分布式协同,数据集、基准、工具与系统化评测; 联邦学习、隐私保护与协同训练; 在线、增量、开放集与概念漂移; 表征学习、预训练与Transformer,多源异构数据融合与上下文建模; 标签稀缺、类别不平衡与长尾攻击; 域迁移、概念漂移与真实网络分布变化; 加密与隐私保护造成可观测特征缺失,强相关,11,未发现,,Falcon; Federated; Incremental; Learning; Framework; Intrusion; Detection; Heterogeneous
679,Fast Real-World Classification of ECH-Enabled Applications,2026,10.1109/tmlcn.2026.3655328,paper/10.1109_TMLCN.2026.3655328.pdf,其他AI安全与跨域异常检测,,轻量化、实时与高性能部署; 数据集、基准、工具与系统化评测,高速流量实时检测与资源约束; 加密与隐私保护造成可观测特征缺失; 数据集代表性、标准化评测与可复现,中相关,5,未发现,,Fast; Real-World; Classification; ECH-Enabled; Applications; Encrypted; Client; Hello
680,Federated and Quantized-Based Intrusion Detection for Embedded On-Board Automotive Networks,2025,10.1109/tits.2025.3645854,paper/10.1109_TITS.2025.3645854.pdf,入侵检测与网络异常检测,联邦学习、隐私保护与分布式协同,联邦学习、隐私保护与协同训练; 轻量化、实时与高性能部署; 在线、增量、开放集与概念漂移; 数据集、基准、工具与系统化评测,高速流量实时检测与资源约束; 加密与隐私保护造成可观测特征缺失; 边缘、IoT、车联网与工业场景约束,强相关,18,未发现,,Federated; Quantized-Based; Intrusion; Detection; Embedded; On-Board; Automotive; Networks
681,"Federated learning-powered real-time behavioral intrusion detection leveraging LSTM, attention, GANs, and large language models",2026,10.1038/s41598-026-40763-5,paper/10.1038_s41598-026-40763-5.pdf,入侵检测与网络异常检测,联邦学习、隐私保护与分布式协同,表征学习、预训练与Transformer; 生成式增强、GAN与扩散模型; 联邦学习、隐私保护与协同训练; 轻量化、实时与高性能部署,高速流量实时检测与资源约束; 模型可解释、可信与可审计,中相关,9,未发现,,Federated; LSTM; GANs; federated learning; GAN
682,FedMamba: Robust multimodal federated intrusion detection for heterogeneous IoT systems,2026,10.1016/j.iot.2026.101877,paper/10.1016_j.iot.2026.101877.pdf,入侵检测与网络异常检测,IoT、车联网、工业互联网与边缘安全; 联邦学习、隐私保护与分布式协同,鲁棒性、对抗防御与可信检测; 数据集、基准、工具与系统化评测; 多模态、多视图与特征融合; 联邦学习、隐私保护与协同训练,对抗规避、污染与鲁棒性; 多源异构数据融合与上下文建模; 边缘、IoT、车联网与工业场景约束,中相关,8,未发现,,FedMamba; Robust; IoT
683,FedScope—Federated Host Embeddings From Telescope Traffic: Design and Implementation,2026,10.1109/tnsm.2026.3685756,paper/10.1109_TNSM.2026.3685756.pdf,联邦学习、隐私保护与分布式协同,,表征学习、预训练与Transformer; 联邦学习、隐私保护与协同训练,开放世界未知攻击与误报控制,中相关,8,已下载,fedscope -> source\fedscope,FedScope; Federated; Host; Embeddings; From; Telescope; Traffic; Design
684,"FedSecureFormer: A Fast, Federated and Secure Transformer Framework for Lightweight Intrusion Detection in Connected and Autonomous Vehicles",2026,10.1109/tvt.2026.3681531,paper/10.1109_TVT.2026.3681531.pdf,入侵检测与网络异常检测,IoT、车联网、工业互联网与边缘安全; 联邦学习、隐私保护与分布式协同,轻量化、实时与高性能部署; 表征学习、预训练与Transformer; 联邦学习、隐私保护与协同训练; 数据集、基准、工具与系统化评测,高速流量实时检测与资源约束; 边缘、IoT、车联网与工业场景约束,强相关,11,未发现,,FedSecureFormer; Fast; Federated; Secure; Transformer; Framework; Lightweight; Intrusion
685,Fine-Grained Detection and Analysis of Unknown Encrypted Malicious Traffic From Mixed Noisy Labels,2026,10.1109/tdsc.2026.3697849,paper/10.1109_TDSC.2026.3697849.pdf,恶意流量、暗网与攻击检测,,数据集、基准、工具与系统化评测,开放世界未知攻击与误报控制; 加密与隐私保护造成可观测特征缺失; 标签稀缺、类别不平衡与长尾攻击,强相关,17,已下载,Sieve -> source\Sieve,Fine-Grained; Detection; Analysis; Unknown; Encrypted; Malicious; Traffic; From
686,FlowXpert: Context-Aware Flow Embedding for Enhanced Traffic Detection in IoT Network,2026,10.1109/tmc.2026.3651574,paper/10.1109_TMC.2026.3651574.pdf,IoT、车联网、工业互联网与边缘安全,,表征学习、预训练与Transformer; 轻量化、实时与高性能部署; 数据集、基准、工具与系统化评测,多源异构数据融合与上下文建模; 高速流量实时检测与资源约束; 边缘、IoT、车联网与工业场景约束,强相关,11,未发现,,FlowXpert; Context-Aware; Flow; Embedding; Enhanced; Traffic; Detection; IoT
687,FORM-IDS: A Lightweight yet High-Fidelity Intrusion Detection Framework via Formal Verification and Knowledge Distillation,2026,10.1109/tce.2026.3694426,paper/10.1109_TCE.2026.3694426.pdf,入侵检测与网络异常检测,IoT、车联网、工业互联网与边缘安全,轻量化、实时与高性能部署; 数据集、基准、工具与系统化评测,高速流量实时检测与资源约束; 边缘、IoT、车联网与工业场景约束; 域迁移、概念漂移与真实网络分布变化,强相关,15,未发现,,FORM-IDS; Lightweight; High-Fidelity; Intrusion; Detection; Framework; Formal; Verification
688,FSLog: Adversarial Margin for Cross-System Few-Shot Log Anomaly Detection,2025,10.1109/tdsc.2025.3647445,paper/10.1109_TDSC.2025.3647445.pdf,时序、日志、KPI 与云原生异常检测,入侵检测与网络异常检测; 其他AI安全与跨域异常检测,鲁棒性、对抗防御与可信检测; 数据集、基准、工具与系统化评测; 自监督、对比学习与少样本学习,标签稀缺、类别不平衡与长尾攻击; 对抗规避、污染与鲁棒性,中相关,6,未发现,,FSLog; Adversarial; Margin; Cross-System; Few-Shot; Log; Anomaly; Detection
689,FusedBoostNet: A Lightweight Hybrid Model for Consumer-Grade Intrusion Detection,2025,10.1109/tce.2025.3634568,paper/10.1109_TCE.2025.3634568.pdf,入侵检测与网络异常检测,,轻量化、实时与高性能部署; 鲁棒性、对抗防御与可信检测; 数据集、基准、工具与系统化评测,高速流量实时检测与资源约束; 对抗规避、污染与鲁棒性,强相关,14,未发现,,FusedBoostNet; Lightweight; Hybrid; Model; Consumer-Grade; Intrusion; Detection; AI-enabled
690,GCB-PPO2: A Hybrid Deep Reinforcement Learning Intrusion Detection System for Under-Represented Attack Categories in SDN,2025,10.1109/tnse.2025.3581689,paper/10.1109_TNSE.2025.3581689.pdf,入侵检测与网络异常检测,恶意流量、暗网与攻击检测,数据集、基准、工具与系统化评测; 生成式增强、GAN与扩散模型,域迁移、概念漂移与真实网络分布变化; 加密与隐私保护造成可观测特征缺失,强相关,15,未发现,,GCB-PPO2; Hybrid; Deep; Reinforcement; Learning; Intrusion; Detection; System
691,Generative Adversarial Networks Based Low-Rate Denial of Service Attack Detection and Mitigation in Software-Defined Networks,2025,10.1109/tnsm.2025.3625278,paper/10.1109_TNSM.2025.3625278.pdf,恶意流量、暗网与攻击检测,入侵检测与网络异常检测; 时序、日志、KPI 与云原生异常检测,生成式增强、GAN与扩散模型; 鲁棒性、对抗防御与可信检测; 轻量化、实时与高性能部署; 数据集、基准、工具与系统化评测,对抗规避、污染与鲁棒性; 高速流量实时检测与资源约束,强相关,16,未发现,,Generative; Adversarial; Networks; Based; Low-Rate; Denial; Service; Attack
692,GenFed-IDS: A Lightweight Federated Generative AI Framework for UAV Anomaly Detection in Rescue Operations,2026,10.1109/tce.2026.3658881,paper/10.1109_TCE.2026.3658881.pdf,入侵检测与网络异常检测,IoT、车联网、工业互联网与边缘安全; 其他AI安全与跨域异常检测,轻量化、实时与高性能部署; 数据集、基准、工具与系统化评测; 生成式增强、GAN与扩散模型; 联邦学习、隐私保护与协同训练,高速流量实时检测与资源约束; 模型可解释、可信与可审计; 数据集代表性、标准化评测与可复现; 边缘、IoT、车联网与工业场景约束,强相关,14,未发现,,GenFed-IDS; Lightweight; Federated; Generative; Framework; UAV; Anomaly; Detection
693,Graph Neural Networks for Graphs With Heterophily: A Survey,2026,10.1109/tkde.2026.3680353,paper/10.1109_TKDE.2026.3680353.pdf,数据集、基准、综述与开源工具,图学习、知识图谱与威胁情报,图神经网络与关系建模; 数据集、基准、工具与系统化评测,多源异构数据融合与上下文建模; 数据集代表性、标准化评测与可复现; 高速流量实时检测与资源约束,弱相关,3,未发现,,Graph; Neural; Networks; Graphs; Heterophily; Survey
694,Guest Editorial Enhancing Edge-Based Consumer Electronics Devices and IoT Ecosystem With Post-Quantum Cryptosystem: Security Challenges and Solutions,2025,10.1109/tce.2025.3628198,paper/10.1109_TCE.2025.3628198.pdf,IoT、车联网、工业互联网与边缘安全,,数据集、基准、工具与系统化评测; 轻量化、实时与高性能部署,边缘、IoT、车联网与工业场景约束; 加密与隐私保护造成可观测特征缺失; 高速流量实时检测与资源约束,中相关,6,未发现,,Guest; Editorial; Enhancing; Edge-Based; Consumer; Electronics; Devices; IoT
695,HADES: Detecting and Investigating Active Directory Attacks via Whole Network Provenance Analytics,2025,10.1109/tdsc.2025.3611866,paper/10.1109_TDSC.2025.3611866.pdf,图学习、知识图谱与威胁情报,恶意流量、暗网与攻击检测,数据集、基准、工具与系统化评测,多源异构数据融合与上下文建模; 加密与隐私保护造成可观测特征缺失,强相关,12,未发现,,HADES; Detecting; Investigating; Active; Directory; Attacks; Whole; Network
696,Hardware-Aware Neural Architecture Search for Encrypted Traffic Classification on Resource-Constrained Devices,2026,10.1109/tnsm.2026.3666676,paper/10.1109_TNSM.2026.3666676.pdf,加密流量分类与应用识别,其他AI安全与跨域异常检测,轻量化、实时与高性能部署; 数据集、基准、工具与系统化评测,加密与隐私保护造成可观测特征缺失; 高速流量实时检测与资源约束; 数据集代表性、标准化评测与可复现; 边缘、IoT、车联网与工业场景约束,强相关,16,候选不可访问,ProtectIT,Hardware-Aware; Neural; Architecture; Search; Encrypted; Traffic; Classification; Resource-Constrained
697,HAVEN: A Hybrid Anomaly Detection System for Intra-Vehicular CAN-Bus Communication Using Rule-Based and Neural Networks,2026,10.1109/tdsc.2026.3673151,paper/10.1109_TDSC.2026.3673151.pdf,其他AI安全与跨域异常检测,IoT、车联网、工业互联网与边缘安全; 入侵检测与网络异常检测,数据集、基准、工具与系统化评测,边缘、IoT、车联网与工业场景约束,中相关,6,未发现,,HAVEN; Hybrid; Anomaly; Detection; System; Intra-Vehicular; CAN-Bus; Communication
698,Hermes: Boosting the Performance of Machine-Learning-Based Intrusion Detection System Through Geometric Feature Learning,2026,10.1109/ton.2026.3697115,paper/10.1109_TON.2026.3697115.pdf,入侵检测与网络异常检测,,数据集、基准、工具与系统化评测; 联邦学习、隐私保护与协同训练; 轻量化、实时与高性能部署,高速流量实时检测与资源约束; 边缘、IoT、车联网与工业场景约束; 开放世界未知攻击与误报控制,强相关,14,未发现,,Hermes; Boosting; Performance; Machine-Learning-Based; Intrusion; Detection; System; Through
699,HFLAD: AI-Driven Hierarchical Fusion Learning for Predictive Anomaly Detection in Consumer-Centric Systems,2026,10.1109/tce.2026.3663615,paper/10.1109_TCE.2026.3663615.pdf,其他AI安全与跨域异常检测,入侵检测与网络异常检测; 时序、日志、KPI 与云原生异常检测,数据集、基准、工具与系统化评测; 多模态、多视图与特征融合; 生成式增强、GAN与扩散模型,多源异构数据融合与上下文建模; 加密与隐私保护造成可观测特征缺失; 边缘、IoT、车联网与工业场景约束,弱相关,3,未发现,,HFLAD; AI-Driven; Hierarchical; Fusion; Learning; Predictive; Anomaly; Detection
700,Hierarchical GNN Message Passing for Node-Level Anomaly Detection in Industrial Control Systems,2025,10.1109/tdsc.2025.3623299,paper/10.1109_TDSC.2025.3623299.pdf,入侵检测与网络异常检测,图学习、知识图谱与威胁情报; 其他AI安全与跨域异常检测,数据集、基准、工具与系统化评测; 图神经网络与关系建模,边缘、IoT、车联网与工业场景约束,中相关,9,未发现,,Hierarchical; GNN; Message; Passing; Node-Level; Anomaly; Detection; Industrial
701,Hierarchical Graph Neural Networks for Resilient Intrusion Detection in Consumer IoT With Limited Labeled Data,2025,10.1109/tce.2025.3604228,paper/10.1109_TCE.2025.3604228.pdf,入侵检测与网络异常检测,图学习、知识图谱与威胁情报; IoT、车联网、工业互联网与边缘安全,图神经网络与关系建模; 轻量化、实时与高性能部署; 鲁棒性、对抗防御与可信检测,标签稀缺、类别不平衡与长尾攻击; 多源异构数据融合与上下文建模; 域迁移、概念漂移与真实网络分布变化; 边缘、IoT、车联网与工业场景约束,强相关,11,已下载,HierGNN -> source\HierGNN,Hierarchical; Graph; Neural; Networks; Resilient; Intrusion; Detection; Consumer
702,HINHJ: Hierarchical Attention-Based Heterogeneous Graph Neural Network for DNS Hijacking Detection,2026,10.1109/tifs.2026.3675876,paper/10.1109_TIFS.2026.3675876.pdf,图学习、知识图谱与威胁情报,,图神经网络与关系建模; 表征学习、预训练与Transformer,多源异构数据融合与上下文建模,中相关,6,未发现,,HINHJ; Hierarchical; Attention-Based; Heterogeneous; Graph; Neural; Network; DNS
703,HKD-Net: Hierarchical Knowledge Distillation Based on Multi-Domain Feature Fusion for Efficient Network Intrusion Detection,2026,10.1109/tnsm.2026.3668812,paper/10.1109_TNSM.2026.3668812.pdf,入侵检测与网络异常检测,其他AI安全与跨域异常检测,轻量化、实时与高性能部署; 多模态、多视图与特征融合; 数据集、基准、工具与系统化评测; 表征学习、预训练与Transformer,高速流量实时检测与资源约束; 多源异构数据融合与上下文建模; 边缘、IoT、车联网与工业场景约束; 域迁移、概念漂移与真实网络分布变化,强相关,13,已下载,HKD-Net -> source\HKD-Net,HKD-Net; Hierarchical; Knowledge; Distillation; Based; Multi-Domain; Feature; Fusion
704,HoneyLLMd: A Large Language Model-Powered Adaptive Honeypot System,2026,10.1109/tnse.2026.3683862,paper/10.1109_TNSE.2026.3683862.pdf,恶意流量、暗网与攻击检测,,表征学习、预训练与Transformer; 数据集、基准、工具与系统化评测; 轻量化、实时与高性能部署,高速流量实时检测与资源约束,强相关,12,未发现,,HoneyLLMd; Large; Language; Model-Powered; Adaptive; Honeypot; System; Over
705,Honeypot-Driven Proactive Detection Network for Attacks in Smart Grids,2026,10.1109/tase.2026.3681594,paper/10.1109_TASE.2026.3681594.pdf,IoT、车联网、工业互联网与边缘安全,恶意流量、暗网与攻击检测,在线、增量、开放集与概念漂移; 鲁棒性、对抗防御与可信检测; 数据集、基准、工具与系统化评测,边缘、IoT、车联网与工业场景约束; 域迁移、概念漂移与真实网络分布变化; 高速流量实时检测与资源约束; 对抗规避、污染与鲁棒性,强相关,10,未发现,,Honeypot-Driven; Proactive; Detection; Network; Attacks; Smart; Grids; NTRODUCTION
706,HTDC: Hyperbolic Transformer With Dual-Momentum Contrastive Learning for Hyperspectral Anomaly Detection,2026,10.1109/tgrs.2026.3670890,paper/10.1109_TGRS.2026.3670890.pdf,其他AI安全与跨域异常检测,多媒体、医学、遥感与视频异常检测; 入侵检测与网络异常检测,表征学习、预训练与Transformer; 自监督、对比学习与少样本学习,开放世界未知攻击与误报控制,弱相关,3,未发现,,HTDC; Hyperbolic; Transformer; Dual-Momentum; Contrastive; Learning; Hyperspectral; Anomaly
707,HTTP/2 DoS Attacks in 5G Networks: Impact Analysis and Anomaly Detection,2026,10.1109/tmc.2026.3657143,paper/10.1109_TMC.2026.3657143.pdf,其他AI安全与跨域异常检测,恶意流量、暗网与攻击检测; 入侵检测与网络异常检测,轻量化、实时与高性能部署; 数据集、基准、工具与系统化评测,高速流量实时检测与资源约束; 边缘、IoT、车联网与工业场景约束; 数据集代表性、标准化评测与可复现,强相关,10,未发现,,HTTP/2; DoS; Attacks; Networks; Impact; Analysis; Anomaly; Detection
708,Hybrid CNN-LSTM Model for DDoS Detection and Mitigation in Software-Defined Networks,2026,10.1109/tnsm.2026.3662819,paper/10.1109_TNSM.2026.3662819.pdf,入侵检测与网络异常检测,恶意流量、暗网与攻击检测,数据集、基准、工具与系统化评测,开放世界未知攻击与误报控制,强相关,10,未发现,,Hybrid; CNN-LSTM; Model; DDoS; Detection; Mitigation; Software-Defined; Networks
709,ICAD: Rethinking the Role of Inference and Cues for the Anomaly Detection of Time Series in IIoT,2026,10.1109/tkde.2026.3682751,paper/10.1109_TKDE.2026.3682751.pdf,IoT、车联网、工业互联网与边缘安全,时序、日志、KPI 与云原生异常检测; 入侵检测与网络异常检测,数据集、基准、工具与系统化评测,边缘、IoT、车联网与工业场景约束; 数据集代表性、标准化评测与可复现; 域迁移、概念漂移与真实网络分布变化; 多源异构数据融合与上下文建模,中相关,7,已下载,ICAD -> source\ICAD,ICAD; Rethinking; Role; Inference; Cues; Anomaly; Detection; Time
710,ICT-META: In-Context Aware Few-Shot Learner for Encrypted Traffic Classification,2026,10.1109/tmlcn.2026.3685578,paper/10.1109_TMLCN.2026.3685578.pdf,加密流量分类与应用识别,其他AI安全与跨域异常检测,自监督、对比学习与少样本学习; 表征学习、预训练与Transformer,标签稀缺、类别不平衡与长尾攻击; 加密与隐私保护造成可观测特征缺失; 多源异构数据融合与上下文建模,强相关,11,未发现,,ICT-META; In-Context; Aware; Few-Shot; Learner; Encrypted; Traffic; Classification
711,IHUD-BERT: A Large-Scale Network Traffic Classification Method Based on Pre-Training Transformers and Knowledge Distillation,2026,10.1109/tccn.2026.3695843,paper/10.1109_TCCN.2026.3695843.pdf,加密流量分类与应用识别,其他AI安全与跨域异常检测,表征学习、预训练与Transformer; 轻量化、实时与高性能部署,高速流量实时检测与资源约束; 边缘、IoT、车联网与工业场景约束; 域迁移、概念漂移与真实网络分布变化,强相关,14,未发现,,IHUD-BERT; Large-Scale; Network; Traffic; Classification; Method; Based; Pre-Training
712,ilLog: Incremental Learning Based Anomaly Detection from Evolving System Logs,2026,10.1109/tdsc.2026.3690744,paper/10.1109_TDSC.2026.3690744.pdf,入侵检测与网络异常检测,时序、日志、KPI 与云原生异常检测; 其他AI安全与跨域异常检测,在线、增量、开放集与概念漂移; 数据集、基准、工具与系统化评测,域迁移、概念漂移与真实网络分布变化,中相关,9,未发现,,Incremental; Learning; Based; Anomaly; Detection; Evolving; System; Logs
713,"Incorporating Gradients to Rules: Toward Online, Adaptive Provenance-Based Intrusion Detection",2025,10.1109/tdsc.2025.3611461,paper/10.1109_TDSC.2025.3611461.pdf,入侵检测与网络异常检测,图学习、知识图谱与威胁情报,在线、增量、开放集与概念漂移; 图神经网络与关系建模; 可解释性、规则抽取与因果分析; 轻量化、实时与高性能部署,高速流量实时检测与资源约束; 多源异构数据融合与上下文建模,强相关,12,未发现,,Incorporating; Gradients; Rules; Toward; Online; Adaptive; Provenance-Based; Intrusion
714,Intrusion detection algorithm based on multi-scale feature fusion,2025,10.1016/j.cose.2025.104783,paper/10.1016_j.cose.2025.104783.pdf,入侵检测与网络异常检测,,多模态、多视图与特征融合,多源异构数据融合与上下文建模,中相关,8,未发现,,Intrusion
715,LaGraph: Laplacian-Guided Graph Learning for Time Series Anomaly Detection,2026,10.1109/tkde.2026.3665696,paper/10.1109_TKDE.2026.3665696.pdf,图学习、知识图谱与威胁情报,时序、日志、KPI 与云原生异常检测; 其他AI安全与跨域异常检测,图神经网络与关系建模; 表征学习、预训练与Transformer; 数据集、基准、工具与系统化评测,多源异构数据融合与上下文建模; 高速流量实时检测与资源约束; 边缘、IoT、车联网与工业场景约束,中相关,9,已下载,LaGraph -> source\LaGraph,LaGraph; Laplacian-Guided; Graph; Learning; Time; Series; Anomaly; Detection
716,Large Language Model-Based Task Offloading and Resource Allocation for Digital Twin Edge Computing Networks,2026,10.1109/tmc.2026.3664866,paper/10.1109_TMC.2026.3664866.pdf,IoT、车联网、工业互联网与边缘安全,,轻量化、实时与高性能部署; 表征学习、预训练与Transformer,高速流量实时检测与资源约束; 边缘、IoT、车联网与工业场景约束,中相关,6,候选不可访问,-LLMBased-Task-Offloading-and-Resource-Allocation-for-DTECN,Large; Language; Model-Based; Task; Offloading; Resource; Allocation; Digital
717,Large-Scale BGP Routing Anomaly Detection Based on Graph Attention Auto-Encoder,2025,10.1109/tnsm.2025.3631527,paper/10.1109_TNSM.2025.3631527.pdf,其他AI安全与跨域异常检测,入侵检测与网络异常检测; 图学习、知识图谱与威胁情报,表征学习、预训练与Transformer; 图神经网络与关系建模,多源异构数据融合与上下文建模,中相关,6,未发现,,Large-Scale; BGP; Routing; Anomaly; Detection; Based; Graph; Attention
718,Learnable Frequency Domain Phase Residual and Graph-Contrastive Dynamic Convolution Network for Hyperspectral Anomaly Detection,2026,10.1109/tgrs.2026.3698646,paper/10.1109_TGRS.2026.3698646.pdf,多媒体、医学、遥感与视频异常检测,其他AI安全与跨域异常检测; 入侵检测与网络异常检测,自监督、对比学习与少样本学习,域迁移、概念漂移与真实网络分布变化; 多源异构数据融合与上下文建模,中相关,6,未发现,,Learnable; Frequency; Domain; Phase; Residual; Graph-Contrastive; Dynamic; Convolution
719,Learning Flow Semantics for Encrypted Traffic Analysis: A Contrastive Pre-training Approach,2026,10.1109/tdsc.2026.3677663,paper/10.1109_TDSC.2026.3677663.pdf,加密流量分类与应用识别,其他AI安全与跨域异常检测; 网络流量监测、测量与工具,表征学习、预训练与Transformer; 自监督、对比学习与少样本学习; 生成式增强、GAN与扩散模型; 数据集、基准、工具与系统化评测,加密与隐私保护造成可观测特征缺失,强相关,12,未发现,,Learning; Flow; Semantics; Encrypted; Traffic; Analysis; Contrastive; Pre-training
720,Learning in Multiple Spaces: Prototypical Few-Shot Learning With Metric Fusion for Next-Generation Network Security,2026,10.1109/tnsm.2026.3665647,paper/10.1109_TNSM.2026.3665647.pdf,入侵检测与网络异常检测,,多模态、多视图与特征融合; 自监督、对比学习与少样本学习; 联邦学习、隐私保护与协同训练; 鲁棒性、对抗防御与可信检测,标签稀缺、类别不平衡与长尾攻击; 多源异构数据融合与上下文建模; 域迁移、概念漂移与真实网络分布变化; 高速流量实时检测与资源约束,强相关,11,未发现,,Learning; Multiple; Spaces; Prototypical; Few-Shot; Metric; Fusion; Next-Generation
721,Learning Subgraph-Based Normality for Interpretable Graph-Level Anomaly Detection,2025,10.1109/tifs.2025.3647221,paper/10.1109_TIFS.2025.3647221.pdf,图学习、知识图谱与威胁情报,入侵检测与网络异常检测; 其他AI安全与跨域异常检测,可解释性、规则抽取与因果分析; 数据集、基准、工具与系统化评测; 图神经网络与关系建模,模型可解释、可信与可审计; 多源异构数据融合与上下文建模,中相关,8,未发现,,Learning; Subgraph-Based; Normality; Interpretable; Graph-Level; Anomaly; Detection; GLAD
722,Learning With Noisy Labels for Industrial Time Series Outlier Detection: A Transformer-Embedded Contrastive Learning Framework,2025,10.1109/tii.2025.3616850,paper/10.1109_TII.2025.3616850.pdf,其他AI安全与跨域异常检测,时序、日志、KPI 与云原生异常检测,表征学习、预训练与Transformer; 自监督、对比学习与少样本学习; 数据集、基准、工具与系统化评测,标签稀缺、类别不平衡与长尾攻击; 边缘、IoT、车联网与工业场景约束,弱相关,0,未发现,,Learning; Noisy; Labels; Industrial; Time; Series; Outlier; Detection
723,Lightweight Multimedia Anomaly and Integrity Detection for Consumer IoT Using Knowledge Distillation,2025,10.1109/tce.2025.3644297,paper/10.1109_TCE.2025.3644297.pdf,IoT、车联网、工业互联网与边缘安全,其他AI安全与跨域异常检测,轻量化、实时与高性能部署; 鲁棒性、对抗防御与可信检测; 生成式增强、GAN与扩散模型; 数据集、基准、工具与系统化评测,高速流量实时检测与资源约束; 边缘、IoT、车联网与工业场景约束; 多源异构数据融合与上下文建模; 加密与隐私保护造成可观测特征缺失,中相关,8,未发现,,Lightweight; Multimedia; Anomaly; Integrity; Detection; Consumer; IoT; Using
724,Lightweight Privacy-Preserving IDS for ITS: Integrated Federated Learning and Blockchain,2026,10.1109/tits.2026.3661633,paper/10.1109_TITS.2026.3661633.pdf,联邦学习、隐私保护与分布式协同,入侵检测与网络异常检测,联邦学习、隐私保护与协同训练; 轻量化、实时与高性能部署,高速流量实时检测与资源约束; 加密与隐私保护造成可观测特征缺失; 边缘、IoT、车联网与工业场景约束,中相关,6,未发现,,Lightweight; Privacy-Preserving; IDS; ITS; Integrated; Federated; Learning; Blockchain
725,LitCVit: A Lightweight Self-Supervised Contrastive Vision Transformer for Encrypted Malicious Traffic Detection,2026,10.1109/tifs.2026.3683528,paper/10.1109_TIFS.2026.3683528.pdf,其他AI安全与跨域异常检测,恶意流量、暗网与攻击检测; 加密流量分类与应用识别,自监督、对比学习与少样本学习; 轻量化、实时与高性能部署; 表征学习、预训练与Transformer; 鲁棒性、对抗防御与可信检测,加密与隐私保护造成可观测特征缺失; 高速流量实时检测与资源约束; 对抗规避、污染与鲁棒性,强相关,12,未发现,,LitCVit; Lightweight; Self-Supervised; Contrastive; Vision; Transformer; Encrypted; Malicious
726,LLM-HGAN: LLM-Enhanced Heterogeneous Graph Attention Networks for Advanced Persistent Threat Detection,2026,10.1109/tnse.2026.3687554,paper/10.1109_TNSE.2026.3687554.pdf,图学习、知识图谱与威胁情报,恶意流量、暗网与攻击检测,图神经网络与关系建模; 表征学习、预训练与Transformer; 生成式增强、GAN与扩散模型; 鲁棒性、对抗防御与可信检测,多源异构数据融合与上下文建模; 加密与隐私保护造成可观测特征缺失; 对抗规避、污染与鲁棒性,中相关,8,未发现,,LLM-HGAN; LLM-Enhanced; Heterogeneous; Graph; Attention; Networks; Advanced; Persistent
727,LLMBA: Efficient Behavior Analytics via Large Pretrained Models in Zero Trust Networks,2026,10.1109/tifs.2026.3666459,paper/10.1109_TIFS.2026.3666459.pdf,联邦学习、隐私保护与分布式协同,,表征学习、预训练与Transformer; 轻量化、实时与高性能部署; 鲁棒性、对抗防御与可信检测; 联邦学习、隐私保护与协同训练,高速流量实时检测与资源约束; 模型可解释、可信与可审计; 边缘、IoT、车联网与工业场景约束; 开放世界未知攻击与误报控制,强相关,10,未发现,,LLMBA; Efficient; Behavior; Analytics; Large; Pretrained; Models; Zero
728,Log Anomaly Detection via Transformers Pre-Trained on Massive Unlabeled Data,2026,10.1109/tnse.2026.3654089,paper/10.1109_TNSE.2026.3654089.pdf,其他AI安全与跨域异常检测,入侵检测与网络异常检测; 时序、日志、KPI 与云原生异常检测,表征学习、预训练与Transformer,标签稀缺、类别不平衡与长尾攻击,弱相关,3,未发现,,Log; Anomaly; Detection; Transformers; Pre-Trained; Massive; Unlabeled; Data
729,LogBoost: Boost Log Anomaly Detection by Cherry-Picking Log Sequences,2026,10.1109/tsc.2026.3664358,paper/10.1109_TSC.2026.3664358.pdf,时序、日志、KPI 与云原生异常检测,其他AI安全与跨域异常检测; 入侵检测与网络异常检测,数据集、基准、工具与系统化评测,数据集代表性、标准化评测与可复现,中相关,6,未发现,,LogBoost; Boost; Log; Anomaly; Detection; Cherry-Picking; Sequences; Debugging
730,LogInstruct: Knowledge-Driven Instruction Synthesis for Enhancing LLM-Based Log Analysis,2026,10.1109/tsc.2026.3656204,paper/10.1109_TSC.2026.3656204.pdf,IoT、车联网、工业互联网与边缘安全,,轻量化、实时与高性能部署; 数据集、基准、工具与系统化评测,高速流量实时检测与资源约束; 边缘、IoT、车联网与工业场景约束,中相关,6,未发现,,LogInstruct; Knowledge-Driven; Instruction; Synthesis; Enhancing; LLM-Based; Log; Analysis
731,LogMUSE: Log Anomaly Detection via Multi-Scale Semantic Representation,2026,10.1109/tsc.2026.3700403,paper/10.1109_TSC.2026.3700403.pdf,时序、日志、KPI 与云原生异常检测,入侵检测与网络异常检测; 其他AI安全与跨域异常检测,表征学习、预训练与Transformer,开放世界未知攻击与误报控制,中相关,8,未发现,,LogMUSE; Log; Anomaly; Detection; Multi-Scale; Semantic; Representation; Logs
732,LSTM-1DResNet: An Intrusion Detection Model for Connected and Autonomous Vehicles Based on Deep Learning,2026,10.1109/tvt.2026.3663771,paper/10.1109_TVT.2026.3663771.pdf,入侵检测与网络异常检测,IoT、车联网、工业互联网与边缘安全; 其他AI安全与跨域异常检测,应用场景与系统化验证,边缘、IoT、车联网与工业场景约束; 加密与隐私保护造成可观测特征缺失,强相关,13,未发现,,LSTM-1DResNet; Intrusion; Detection; Model; Connected; Autonomous; Vehicles; Based
733,MAD-MulW: A Multi-Window Anomaly Detection Framework for BGP Security Events,2026,10.1109/tnsm.2026.3696319,paper/10.1109_TNSM.2026.3696319.pdf,入侵检测与网络异常检测,其他AI安全与跨域异常检测,数据集、基准、工具与系统化评测,开放世界未知攻击与误报控制,强相关,11,已下载,MAD-MulW -> source\MAD-MulW,MAD-MulW; Multi-Window; Anomaly; Detection; Framework; BGP; Security; Events
734,MADGuard: A High-Performance Microservice Anomaly Detection System With Multidimensional Data Fusion and Temporal Causal Analysis,2025,10.1109/tnsm.2025.3634590,paper/10.1109_TNSM.2025.3634590.pdf,时序、日志、KPI 与云原生异常检测,入侵检测与网络异常检测; 其他AI安全与跨域异常检测,轻量化、实时与高性能部署; 多模态、多视图与特征融合; 可解释性、规则抽取与因果分析; 数据集、基准、工具与系统化评测,多源异构数据融合与上下文建模; 高速流量实时检测与资源约束,中相关,9,未发现,,MADGuard; High-Performance; Microservice; Anomaly; Detection; System; Multidimensional; Data
735,MAGNN: Multi-scale adaptive graph neural networks with contrastive learning for malicious network traffic detection,2026,10.1016/j.jpdc.2026.105240,paper/10.1016_j.jpdc.2026.105240.pdf,图学习、知识图谱与威胁情报,其他AI安全与跨域异常检测,图神经网络与关系建模; 自监督、对比学习与少样本学习,多源异构数据融合与上下文建模,强相关,10,未发现,,MAGNN; Multi-scale; GNN; contrastive learning
736,Malicious encrypted traffic identification model based on flow space-time features,2026,10.1016/j.icte.2026.03.007,paper/10.1016_j.icte.2026.03.007.pdf,加密流量分类与应用识别,恶意流量、暗网与攻击检测,轻量化、实时与高性能部署,加密与隐私保护造成可观测特征缺失; 高速流量实时检测与资源约束,强相关,15,未发现,,Malicious
737,MalMoE: Mixture-of-Experts Enhanced Encrypted Malicious Traffic Detection Under Graph Drift,2026,10.48550/arXiv.2602.10157,paper/10.48550_arXiv.2602.10157.pdf,恶意流量、暗网与攻击检测,图学习、知识图谱与威胁情报,图神经网络与关系建模,加密与隐私保护造成可观测特征缺失; 多源异构数据融合与上下文建模,强相关,17,未发现,,MalMoE; Mixture-of-Experts; Enhanced; Encrypted; Malicious; Traffic; Detection; Under
738,MambaNetBurst: Direct Byte-level Network Traffic Classification without Tokenization or Pretraining,2026,10.48550/arXiv.2605.11034,paper/10.48550_arXiv.2605.11034.pdf,加密流量分类与应用识别,其他AI安全与跨域异常检测,表征学习、预训练与Transformer,加密与隐私保护造成可观测特征缺失,强相关,18,未发现,,MambaNetBurst; Direct; Byte-level; Network; Traffic; Classification; Tokenization; Pretraining
739,Memory Augment Is All You Need for Image Restoration,2026,10.1109/tce.2026.3655769,paper/10.1109_TCE.2026.3655769.pdf,多媒体、医学、遥感与视频异常检测,,数据集、基准、工具与系统化评测,加密与隐私保护造成可观测特征缺失,弱相关,2,已下载,MemoryNet -> source\MemoryNet,Memory; Augment; All; You; Need; Image; Restoration; These
740,MFAD: A Multimodal Feature Fusion-Enhanced Time Series Anomaly Detection Framework in Industrial Cyber-Physical Systems,2026,10.1109/tase.2026.3683936,paper/10.1109_TASE.2026.3683936.pdf,IoT、车联网、工业互联网与边缘安全,时序、日志、KPI 与云原生异常检测; 入侵检测与网络异常检测,多模态、多视图与特征融合; 数据集、基准、工具与系统化评测; 轻量化、实时与高性能部署,边缘、IoT、车联网与工业场景约束; 高速流量实时检测与资源约束; 多源异构数据融合与上下文建模; 标签稀缺、类别不平衡与长尾攻击,中相关,7,未发现,,MFAD; Multimodal; Feature; Fusion-Enhanced; Time; Series; Anomaly; Detection
741,Mitigating Membership Inference and Model Inversion in 6G Federated Anomaly Detection,2026,10.1109/tce.2026.3699521,paper/10.1109_TCE.2026.3699521.pdf,联邦学习、隐私保护与分布式协同,入侵检测与网络异常检测; 其他AI安全与跨域异常检测,联邦学习、隐私保护与协同训练; 轻量化、实时与高性能部署; 鲁棒性、对抗防御与可信检测,高速流量实时检测与资源约束; 对抗规避、污染与鲁棒性; 边缘、IoT、车联网与工业场景约束,中相关,8,未发现,,Mitigating; Membership; Inference; Model; Inversion; Federated; Anomaly; Detection
742,Moon: A Modality Conversion-Based Efficient Multivariate Time Series Anomaly Detection,2025,10.1109/tkde.2025.3622154,paper/10.1109_TKDE.2025.3622154.pdf,时序、日志、KPI 与云原生异常检测,入侵检测与网络异常检测; 其他AI安全与跨域异常检测,轻量化、实时与高性能部署; 数据集、基准、工具与系统化评测,高速流量实时检测与资源约束; 标签稀缺、类别不平衡与长尾攻击; 边缘、IoT、车联网与工业场景约束,中相关,7,未发现,,Moon; Modality; Conversion-Based; Efficient; Multivariate; Time; Series; Anomaly
743,MPdetector: A Multi-Party Collaborative Federated Transfer Learning Approach for IoT Intrusion Detection,2025,10.1109/tmc.2025.3600306,paper/10.1109_TMC.2025.3600306.pdf,入侵检测与网络异常检测,联邦学习、隐私保护与分布式协同; IoT、车联网、工业互联网与边缘安全,联邦学习、隐私保护与协同训练,域迁移、概念漂移与真实网络分布变化; 加密与隐私保护造成可观测特征缺失; 边缘、IoT、车联网与工业场景约束,强相关,15,未发现,,MPdetector; Multi-Party; Collaborative; Federated; Transfer; Learning; Approach; IoT
744,MT-DEGCL: Multi-Task Encrypted Traffic Classification With Dual Embedding and Graph Contrastive Learning,2026,10.1109/tifs.2026.3664007,paper/10.1109_TIFS.2026.3664007.pdf,加密流量分类与应用识别,其他AI安全与跨域异常检测; 图学习、知识图谱与威胁情报,表征学习、预训练与Transformer; 自监督、对比学习与少样本学习,加密与隐私保护造成可观测特征缺失; 多源异构数据融合与上下文建模,强相关,15,未发现,,MT-DEGCL; Multi-Task; Encrypted; Traffic; Classification; Dual; Embedding; Graph
745,MT-KD: Multi-Teacher Knowledge Distillation for Privacy-Aware Unlearning in IIoT Intrusion Detection Systems,2026,10.1109/tccn.2026.3665917,paper/10.1109_TCCN.2026.3665917.pdf,入侵检测与网络异常检测,IoT、车联网、工业互联网与边缘安全,数据集、基准、工具与系统化评测; 轻量化、实时与高性能部署,边缘、IoT、车联网与工业场景约束; 加密与隐私保护造成可观测特征缺失; 高速流量实时检测与资源约束; 数据集代表性、标准化评测与可复现,强相关,14,已下载,MT-KD -> source\MT-KD,MT-KD; Multi-Teacher; Knowledge; Distillation; Privacy-Aware; Unlearning; IIoT; Intrusion
746,MTDecipher: robust encrypted malicious traffic detection via multi-task graph neural networks,2026,10.1186/s42400-025-00522-x,paper/10.1186_s42400-025-00522-x.pdf,图学习、知识图谱与威胁情报,恶意流量、暗网与攻击检测,图神经网络与关系建模; 鲁棒性、对抗防御与可信检测,加密与隐私保护造成可观测特征缺失; 多源异构数据融合与上下文建模; 对抗规避、污染与鲁棒性,强相关,14,未发现,,MTDecipher; Existing; However
747,MTG-GAN: A Masked Temporal Graph Generative Adversarial Network for Cross-Domain System Log Anomaly Detection,2026,10.1109/tnsm.2026.3654642,paper/10.1109_TNSM.2026.3654642.pdf,时序、日志、KPI 与云原生异常检测,其他AI安全与跨域异常检测; 入侵检测与网络异常检测,生成式增强、GAN与扩散模型; 数据集、基准、工具与系统化评测; 图神经网络与关系建模; 鲁棒性、对抗防御与可信检测,域迁移、概念漂移与真实网络分布变化; 多源异构数据融合与上下文建模; 对抗规避、污染与鲁棒性,强相关,10,未发现,,MTG-GAN; Masked; Temporal; Graph; Generative; Adversarial; Network; Cross-Domain
748,MTRF: Multidomain Transformation Representation for Network Flows in Network Intrusion Detection,2025,10.1109/tdsc.2025.3649110,paper/10.1109_TDSC.2025.3649110.pdf,入侵检测与网络异常检测,,表征学习、预训练与Transformer; 轻量化、实时与高性能部署; 数据集、基准、工具与系统化评测,高速流量实时检测与资源约束; 加密与隐私保护造成可观测特征缺失; 标签稀缺、类别不平衡与长尾攻击; 边缘、IoT、车联网与工业场景约束,强相关,15,未发现,,MTRF; Multidomain; Transformation; Representation; Network; Flows; Intrusion; Detection
749,Multi-Agent Federated Edge Learning for UAV-IDS in Smart City IoT Environment,2026,10.1109/tce.2026.3667039,paper/10.1109_TCE.2026.3667039.pdf,IoT、车联网、工业互联网与边缘安全,联邦学习、隐私保护与分布式协同; 入侵检测与网络异常检测,联邦学习、隐私保护与协同训练; 轻量化、实时与高性能部署; 数据集、基准、工具与系统化评测,边缘、IoT、车联网与工业场景约束; 高速流量实时检测与资源约束; 加密与隐私保护造成可观测特征缺失,强相关,11,未发现,,Multi-Agent; Federated; Edge; Learning; UAV-IDS; Smart; City; IoT
750,Multi-Dimensional Cross-Granularity Open-Set Network Intrusion Detection,2026,10.1109/tnsm.2026.3693141,paper/10.1109_TNSM.2026.3693141.pdf,入侵检测与网络异常检测,,在线、增量、开放集与概念漂移; 数据集、基准、工具与系统化评测; 鲁棒性、对抗防御与可信检测,开放世界未知攻击与误报控制; 域迁移、概念漂移与真实网络分布变化; 标签稀缺、类别不平衡与长尾攻击; 对抗规避、污染与鲁棒性,强相关,14,未发现,,Multi-Dimensional; Cross-Granularity; Open-Set; Network; Intrusion; Detection; NIDSs; Moreover
751,Multi-Scenario Cloud–Edge Collaborative DDoS Detection in LLM-Enabled AIoT,2025,10.1109/tnse.2025.3637740,paper/10.1109_TNSE.2025.3637740.pdf,IoT、车联网、工业互联网与边缘安全,恶意流量、暗网与攻击检测; 时序、日志、KPI 与云原生异常检测,联邦学习、隐私保护与协同训练; 轻量化、实时与高性能部署; 表征学习、预训练与Transformer; 数据集、基准、工具与系统化评测,边缘、IoT、车联网与工业场景约束; 高速流量实时检测与资源约束; 多源异构数据融合与上下文建模,强相关,11,未发现,,Multi-Scenario; Cloud; Edge; Collaborative; DDoS; Detection; LLM-Enabled; AIoT
752,"Multilingual Cyber Threat Detection in Tweets/X Using ML, DL, and LLM: A Comparative Analysis",2025,10.1109/tcss.2025.3623021,paper/10.1109_tcss.2025.3623021.pdf,恶意流量、暗网与攻击检测,,数据集、基准、工具与系统化评测,开放世界未知攻击与误报控制,中相关,7,未发现,,Multilingual; Cyber; Threat; Detection; Tweets/X; Using; LLM; Comparative
753,Multimodal Anomaly Detection for Microservice Systems via Grassmann Manifolds-Based Graph Fusion,2026,10.1109/tsc.2026.3665382,paper/10.1109_TSC.2026.3665382.pdf,时序、日志、KPI 与云原生异常检测,入侵检测与网络异常检测; 图学习、知识图谱与威胁情报,多模态、多视图与特征融合; 数据集、基准、工具与系统化评测,多源异构数据融合与上下文建模,中相关,5,未发现,,Multimodal; Anomaly; Detection; Microservice; Systems; Grassmann; Manifolds-Based; Graph
754,Multimodal Industrial Anomaly Detection via Attention-Enhanced Memory-Guided Network,2025,10.1109/tmm.2025.3632646,paper/10.1109_TMM.2025.3632646.pdf,入侵检测与网络异常检测,其他AI安全与跨域异常检测,表征学习、预训练与Transformer; 多模态、多视图与特征融合,边缘、IoT、车联网与工业场景约束,强相关,11,未发现,,Multimodal; Industrial; Anomaly; Detection; Attention-Enhanced; Memory-Guided; Network; Such
755,Multimodal Reasoning with LLM for Encrypted Traffic Interpretation: A Benchmark,2026,10.48550/arXiv.2604.08140,paper/10.48550_arXiv.2604.08140.pdf,加密流量分类与应用识别,数据集、基准、综述与开源工具,可解释性、规则抽取与因果分析; 数据集、基准、工具与系统化评测; 多模态、多视图与特征融合; 表征学习、预训练与Transformer,加密与隐私保护造成可观测特征缺失; 模型可解释、可信与可审计; 数据集代表性、标准化评测与可复现,强相关,14,未发现,,Multimodal; Reasoning; LLM; Encrypted; Traffic; Interpretation; Benchmark; Network
756,Multivariate Time Series Anomaly Detection in IIoT Using Spatial-temporal Dynamic Mask Diffusion Model,2026,10.1109/tdsc.2026.3692551,paper/10.1109_TDSC.2026.3692551.pdf,时序、日志、KPI 与云原生异常检测,IoT、车联网、工业互联网与边缘安全; 其他AI安全与跨域异常检测,多模态、多视图与特征融合; 生成式增强、GAN与扩散模型; 数据集、基准、工具与系统化评测; 表征学习、预训练与Transformer,边缘、IoT、车联网与工业场景约束; 多源异构数据融合与上下文建模; 域迁移、概念漂移与真实网络分布变化; 数据集代表性、标准化评测与可复现,中相关,7,未发现,,Multivariate; Time; Series; Anomaly; Detection; IIoT; Using; Spatial-temporal
757,Multivariate Time Series Anomaly Detection Using Learnable Spatial-Temporal Graph Ordinary Differential Equations Network,2025,10.1109/tdsc.2025.3640165,paper/10.1109_TDSC.2025.3640165.pdf,时序、日志、KPI 与云原生异常检测,图学习、知识图谱与威胁情报; 入侵检测与网络异常检测,图神经网络与关系建模; 多模态、多视图与特征融合,多源异构数据融合与上下文建模,中相关,8,已下载,MAD-ODE -> source\MAD-ODE,Multivariate; Time; Series; Anomaly; Detection; Using; Learnable; Spatial-Temporal
758,Multiview Spatial–Temporal Interaction Attention- Based Multivariate Time Series Anomaly Detection for Distributed Industrial Control Networks,2025,10.1109/ton.2025.3614179,paper/10.1109_TON.2025.3614179.pdf,时序、日志、KPI 与云原生异常检测,入侵检测与网络异常检测; 其他AI安全与跨域异常检测,表征学习、预训练与Transformer; 联邦学习、隐私保护与协同训练; 多模态、多视图与特征融合; 数据集、基准、工具与系统化评测,边缘、IoT、车联网与工业场景约束; 多源异构数据融合与上下文建模; 数据集代表性、标准化评测与可复现,中相关,7,未发现,,Multiview; Spatial; Temporal; Interaction; Attention; Based; Multivariate; Time
759,MVNIDS: A multiview-based network intrusion detection system,2025,10.1016/j.jisa.2025.104321,paper/10.1016_j.jisa.2025.104321.pdf,入侵检测与网络异常检测,,数据集、基准、工具与系统化评测,标签稀缺、类别不平衡与长尾攻击,强相关,14,未发现,,MVNIDS
760,Network attack pattern recognition and early warning based on multimodal data and artificial intelligence,2026,10.1007/s10791-026-10006-2,paper/10.1007_s10791-026-10006-2.pdf,恶意流量、暗网与攻击检测,,多模态、多视图与特征融合; 轻量化、实时与高性能部署; 数据集、基准、工具与系统化评测,高速流量实时检测与资源约束; 多源异构数据融合与上下文建模,强相关,13,未发现,,Network; School; Computer; Artificial; Intelligence; Nanjing; University; Finance
761,Network Intrusion Detection System Based on Enhanced Dual Gaussian Mixture Variational Autoencoders for Internet of Vehicles,2026,10.1109/tits.2026.3660300,paper/10.1109_TITS.2026.3660300.pdf,入侵检测与网络异常检测,IoT、车联网、工业互联网与边缘安全; 其他AI安全与跨域异常检测,数据集、基准、工具与系统化评测; 生成式增强、GAN与扩散模型,边缘、IoT、车联网与工业场景约束; 数据集代表性、标准化评测与可复现,强相关,17,未发现,,Network; Intrusion; Detection; System; Based; Enhanced; Dual; Gaussian
762,Neural Collapse-Based Class-Incremental Learning for Encrypted Traffic Classification,2026,10.1109/tnsm.2026.3688767,paper/10.1109_TNSM.2026.3688767.pdf,加密流量分类与应用识别,其他AI安全与跨域异常检测,在线、增量、开放集与概念漂移; 数据集、基准、工具与系统化评测,加密与隐私保护造成可观测特征缺失; 域迁移、概念漂移与真实网络分布变化,强相关,12,未发现,,Neural; Collapse-Based; Class-Incremental; Learning; Encrypted; Traffic; Classification; Incremental
763,NFTracker: Fine-Grained NFT Behavior Traffic Identification Over Encrypted Tunnel,2026,10.1109/tccn.2026.3658756,paper/10.1109_TCCN.2026.3658756.pdf,恶意流量、暗网与攻击检测,,数据集、基准、工具与系统化评测,加密与隐私保护造成可观测特征缺失,强相关,10,未发现,,NFTracker; Fine-Grained; NFT; Behavior; Traffic; Identification; Over; Encrypted
764,Noise Resistant Encrypted Malicious Traffic Detection Through Kernel-Enhanced Contrastive View Alignment,2025,10.1109/ton.2025.3625606,paper/10.1109_TON.2025.3625606.pdf,其他AI安全与跨域异常检测,恶意流量、暗网与攻击检测,自监督、对比学习与少样本学习; 表征学习、预训练与Transformer; 图神经网络与关系建模,加密与隐私保护造成可观测特征缺失; 多源异构数据融合与上下文建模,中相关,9,未发现,,Noise; Resistant; Encrypted; Malicious; Traffic; Detection; Through; Kernel-Enhanced
765,Normality in Anomaly: Rethinking Traffic Labels,2026,10.1109/tdsc.2026.3688655,paper/10.1109_TDSC.2026.3688655.pdf,其他AI安全与跨域异常检测,,在线、增量、开放集与概念漂移; 鲁棒性、对抗防御与可信检测; 数据集、基准、工具与系统化评测,标签稀缺、类别不平衡与长尾攻击; 域迁移、概念漂移与真实网络分布变化; 对抗规避、污染与鲁棒性; 数据集代表性、标准化评测与可复现,中相关,6,未发现,,Normality; Anomaly; Rethinking; Traffic; Labels; Network; TABLE; COMPARISON
766,NOS-Gate: Queue-Aware Streaming IDS for Consumer Gateways Under Timing-Controlled Evasion,2026,10.1109/tce.2026.3682516,paper/10.1109_TCE.2026.3682516.pdf,加密流量分类与应用识别,入侵检测与网络异常检测,鲁棒性、对抗防御与可信检测; 数据集、基准、工具与系统化评测,对抗规避、污染与鲁棒性; 加密与隐私保护造成可观测特征缺失; 高速流量实时检测与资源约束; 数据集代表性、标准化评测与可复现,强相关,17,未发现,,NOS-Gate; Queue-Aware; Streaming; IDS; Consumer; Gateways; Under; Timing-Controlled
767,NOVA: A Self-Supervised Graph Framework for Real-Time Anomaly Detection in Internet of Vehicles,2026,10.1109/tnsm.2026.3696324,paper/10.1109_TNSM.2026.3696324.pdf,其他AI安全与跨域异常检测,IoT、车联网、工业互联网与边缘安全; 图学习、知识图谱与威胁情报,数据集、基准、工具与系统化评测; 自监督、对比学习与少样本学习; 轻量化、实时与高性能部署; 图神经网络与关系建模,边缘、IoT、车联网与工业场景约束; 多源异构数据融合与上下文建模; 高速流量实时检测与资源约束,中相关,6,未发现,,NOVA; Self-Supervised; Graph; Framework; Real-Time; Anomaly; Detection; Internet
768,NT-Transformer: A Non-Pretrained Encrypted Network Traffic Classification Model,2026,10.1109/tnsm.2026.3683410,paper/10.1109_TNSM.2026.3683410.pdf,加密流量分类与应用识别,其他AI安全与跨域异常检测,表征学习、预训练与Transformer,加密与隐私保护造成可观测特征缺失,强相关,14,未发现,,NT-Transformer; Non-Pretrained; Encrypted; Network; Traffic; Classification; Model; Quality
769,OIPR: Evaluation for Time-Series Anomaly Detection Inspired by Operator Interest,2025,10.1109/tdsc.2025.3638405,paper/10.1109_TDSC.2025.3638405.pdf,入侵检测与网络异常检测,其他AI安全与跨域异常检测,数据集、基准、工具与系统化评测,数据集代表性、标准化评测与可复现; 加密与隐私保护造成可观测特征缺失,强相关,10,已下载,OIPR -> source\OIPR,OIPR; Evaluation; Time-Series; Anomaly; Detection; Inspired; Operator; Interest
770,On Graph Design for GNN-Based Network Anomaly Detection,2026,10.1109/tnsm.2026.3684653,paper/10.1109_TNSM.2026.3684653.pdf,入侵检测与网络异常检测,图学习、知识图谱与威胁情报; 其他AI安全与跨域异常检测,图神经网络与关系建模; 轻量化、实时与高性能部署; 数据集、基准、工具与系统化评测,多源异构数据融合与上下文建模; 高速流量实时检测与资源约束; 数据集代表性、标准化评测与可复现,强相关,11,未发现,,Graph; Design; GNN-Based; Network; Anomaly; Detection; Neural; Networks
771,One 2 : An Intrusion Detection System for Both Internal and External Vehicular Network From Weak Labeled Data,2025,10.1109/tdsc.2025.3629862,paper/10.1109_TDSC.2025.3629862.pdf,入侵检测与网络异常检测,IoT、车联网、工业互联网与边缘安全,数据集、基准、工具与系统化评测,边缘、IoT、车联网与工业场景约束; 标签稀缺、类别不平衡与长尾攻击,强相关,10,未发现,,One; Intrusion; Detection; System; Both; Internal; External; Vehicular
772,Online Intrusion Detection for Industrial Cyber-Physical Systems Based on Self-Supervised Predictive Model,2026,10.1109/tii.2026.3691338,paper/10.1109_TII.2026.3691338.pdf,入侵检测与网络异常检测,IoT、车联网、工业互联网与边缘安全; 其他AI安全与跨域异常检测,在线、增量、开放集与概念漂移; 数据集、基准、工具与系统化评测; 自监督、对比学习与少样本学习; 鲁棒性、对抗防御与可信检测,高速流量实时检测与资源约束; 边缘、IoT、车联网与工业场景约束; 域迁移、概念漂移与真实网络分布变化,强相关,10,未发现,,Online; Intrusion; Detection; Industrial; Cyber-Physical; Systems; Based; Self-Supervised
773,"Physics-Informed Multi-Scale Adaptive Graph Learning for Unified Event Detection, Localization, and Classification in Power System",2026,10.1109/tii.2026.3682628,paper/10.1109_TII.2026.3682628.pdf,图学习、知识图谱与威胁情报,其他AI安全与跨域异常检测,图神经网络与关系建模; 数据集、基准、工具与系统化评测; 轻量化、实时与高性能部署,多源异构数据融合与上下文建模; 高速流量实时检测与资源约束; 边缘、IoT、车联网与工业场景约束,中相关,5,未发现,,Physics-Informed; Multi-Scale; Adaptive; Graph; Learning; Unified; Event; Detection
774,PowerDiffuser: Collaborative Contrastive-Reconstruction Self-Supervised Learning for Robust Power Load Signal Representation,2025,10.1109/tii.2025.3627498,paper/10.1109_TII.2025.3627498.pdf,其他AI安全与跨域异常检测,联邦学习、隐私保护与分布式协同,自监督、对比学习与少样本学习; 表征学习、预训练与Transformer; 联邦学习、隐私保护与协同训练; 鲁棒性、对抗防御与可信检测,对抗规避、污染与鲁棒性; 边缘、IoT、车联网与工业场景约束,弱相关,0,未发现,,PowerDiffuser; Collaborative; Contrastive-Reconstruction; Self-Supervised; Learning; Robust; Power; Load
775,Principled Uncertainty Decomposition with Bayesian Ensemble Transformers for Trustworthy Intrusion Detection,2026,10.1109/tdsc.2026.3694131,paper/10.1109_TDSC.2026.3694131.pdf,入侵检测与网络异常检测,其他AI安全与跨域异常检测,鲁棒性、对抗防御与可信检测; 表征学习、预训练与Transformer; 数据集、基准、工具与系统化评测; 轻量化、实时与高性能部署,模型可解释、可信与可审计; 高速流量实时检测与资源约束; 数据集代表性、标准化评测与可复现,强相关,13,未发现,,Principled; Uncertainty; Decomposition; Bayesian; Ensemble; Transformers; Trustworthy; Intrusion
776,PrivNet—Generative AI-Augmented Quantum Privacy Framework for Vehicular Networks,2025,10.1109/tits.2025.3589871,paper/10.1109_TITS.2025.3589871.pdf,IoT、车联网、工业互联网与边缘安全,入侵检测与网络异常检测,数据集、基准、工具与系统化评测; 生成式增强、GAN与扩散模型; 轻量化、实时与高性能部署,边缘、IoT、车联网与工业场景约束; 加密与隐私保护造成可观测特征缺失; 高速流量实时检测与资源约束; 域迁移、概念漂移与真实网络分布变化,中相关,9,未发现,,PrivNet; Generative; AI-Augmented; Quantum; Privacy; Framework; Vehicular; Networks
777,Proactive Zero-Trust Intrusion Detection for Consumer IoT Applications Using Lightweight Ensemble Learning With Anomaly Analysis,2025,10.1109/tce.2025.3635619,paper/10.1109_TCE.2025.3635619.pdf,入侵检测与网络异常检测,IoT、车联网、工业互联网与边缘安全; 其他AI安全与跨域异常检测,轻量化、实时与高性能部署; 鲁棒性、对抗防御与可信检测,高速流量实时检测与资源约束; 模型可解释、可信与可审计; 边缘、IoT、车联网与工业场景约束,中相关,9,未发现,,Proactive; Zero-Trust; Intrusion; Detection; Consumer; IoT; Applications; Using
778,Quantum Machine Learning for Cybersecurity: Toward Smarter Intrusion Detection Systems,2026,10.1109/tce.2026.3697692,paper/10.1109_TCE.2026.3697692.pdf,入侵检测与网络异常检测,其他AI安全与跨域异常检测,数据集、基准、工具与系统化评测; 在线、增量、开放集与概念漂移,数据集代表性、标准化评测与可复现,强相关,15,未发现,,Quantum; Machine; Learning; Cybersecurity; Toward; Smarter; Intrusion; Detection
779,RDSAD: Robust Threat Detection in Evolving Data Streams via Adaptive Latent Dynamics,2025,10.1109/tdsc.2025.3614294,paper/10.1109_TDSC.2025.3614294.pdf,恶意流量、暗网与攻击检测,,在线、增量、开放集与概念漂移; 鲁棒性、对抗防御与可信检测,域迁移、概念漂移与真实网络分布变化; 对抗规避、污染与鲁棒性; 加密与隐私保护造成可观测特征缺失; 开放世界未知攻击与误报控制,强相关,10,未发现,,RDSAD; Robust; Threat; Detection; Evolving; Data; Streams; Adaptive
780,Real-Time Intrusion Detection in Internet of Vehicles for Consumer Autonomous Intelligent Systems Using Hyper-Dimensional Computing,2025,10.1109/tce.2025.3644450,paper/10.1109_TCE.2025.3644450.pdf,入侵检测与网络异常检测,IoT、车联网、工业互联网与边缘安全; 其他AI安全与跨域异常检测,轻量化、实时与高性能部署; 数据集、基准、工具与系统化评测,高速流量实时检测与资源约束; 边缘、IoT、车联网与工业场景约束,强相关,13,未发现,,Real-Time; Intrusion; Detection; Internet; Vehicles; Consumer; Autonomous; Intelligent
781,REAPER: Real-Time Detection of Malicious Traffic via Deep Time-Series Embedding Analysis,2025,10.1109/ton.2025.3610853,paper/10.1109_TON.2025.3610853.pdf,恶意流量、暗网与攻击检测,,轻量化、实时与高性能部署; 表征学习、预训练与Transformer; 生成式增强、GAN与扩散模型; 数据集、基准、工具与系统化评测,高速流量实时检测与资源约束,强相关,15,未发现,,REAPER; Real-Time; Detection; Malicious; Traffic; Deep; Time-Series; Embedding
782,Reference Model-Based Cyber-Attack Detection for Stochastically Uncertain Wind Turbine Systems,2026,10.1109/tia.2026.3690173,paper/10.1109_TIA.2026.3690173.pdf,恶意流量、暗网与攻击检测,,数据集、基准、工具与系统化评测; 鲁棒性、对抗防御与可信检测,开放世界未知攻击与误报控制,强相关,11,未发现,,Reference; Model-Based; Cyber-Attack; Detection; Stochastically; Uncertain; Wind; Turbine
783,Replica-Based Moving Target Defense Against Injection Attacks in Software-Defined Industrial Control Systems,2026,10.1109/tdsc.2026.3652652,paper/10.1109_TDSC.2026.3652652.pdf,入侵检测与网络异常检测,恶意流量、暗网与攻击检测,鲁棒性、对抗防御与可信检测; 数据集、基准、工具与系统化评测; 轻量化、实时与高性能部署,边缘、IoT、车联网与工业场景约束; 对抗规避、污染与鲁棒性; 高速流量实时检测与资源约束,强相关,12,未发现,,Replica-Based; Moving; Target; Defense; Against; Injection; Attacks; Software-Defined
784,Representation Learning for Tabular Data: A Comprehensive Survey,2026,10.1109/tpami.2026.3657217,paper/10.1109_TPAMI.2026.3657217.pdf,数据集、基准、综述与开源工具,,数据集、基准、工具与系统化评测; 表征学习、预训练与Transformer,数据集代表性、标准化评测与可复现; 域迁移、概念漂移与真实网络分布变化,弱相关,0,未发现,,Representation; Learning; Tabular; Data; Comprehensive; Survey; Models; Deep
785,RET-Net: A CNN Framework for Real-Time Traffic Classification Using Key-Byte Mechanism,2026,10.1109/tnsm.2026.3689150,paper/10.1109_TNSM.2026.3689150.pdf,加密流量分类与应用识别,其他AI安全与跨域异常检测,轻量化、实时与高性能部署; 数据集、基准、工具与系统化评测,高速流量实时检测与资源约束,强相关,12,未发现,,RET-Net; CNN; Framework; Real-Time; Traffic; Classification; Using; Key-Byte
786,Retriever: A Distributed Intrusion Detection System for NOS-Enabled Networks,2025,10.1109/tdsc.2025.3635127,paper/10.1109_TDSC.2025.3635127.pdf,入侵检测与网络异常检测,联邦学习、隐私保护与分布式协同,联邦学习、隐私保护与协同训练; 轻量化、实时与高性能部署; 数据集、基准、工具与系统化评测,高速流量实时检测与资源约束; 多源异构数据融合与上下文建模,强相关,15,未发现,,Retriever; Distributed; Intrusion; Detection; System; NOS-Enabled; Networks; Network
787,Reverse Engineering of Industrial Protocols From Network Traffic,2026,10.1109/tii.2026.3681937,paper/10.1109_TII.2026.3681937.pdf,基础理论、密码协议与安全机制,,数据集、基准、工具与系统化评测,边缘、IoT、车联网与工业场景约束,中相关,8,未发现,,Reverse; Engineering; Industrial; Protocols; From; Network; Traffic; Reliable
788,Revisiting the Intrusion Detection in In-Vehicle Networks,2025,10.1109/tits.2025.3628885,paper/10.1109_TITS.2025.3628885.pdf,入侵检测与网络异常检测,IoT、车联网、工业互联网与边缘安全,数据集、基准、工具与系统化评测,边缘、IoT、车联网与工业场景约束; 标签稀缺、类别不平衡与长尾攻击; 数据集代表性、标准化评测与可复现,强相关,13,未发现,,Revisiting; Intrusion; Detection; In-Vehicle; Networks; IVN; Sensors; IDS
789,RGPKD: Reconstruction-Guided and Prompt-Enhanced Asymmetric Knowledge Distillation for Anomaly Detection,2026,10.1109/tii.2026.3688668,paper/10.1109_TII.2026.3688668.pdf,入侵检测与网络异常检测,其他AI安全与跨域异常检测,轻量化、实时与高性能部署,边缘、IoT、车联网与工业场景约束; 高速流量实时检测与资源约束; 域迁移、概念漂移与真实网络分布变化,强相关,12,未发现,,RGPKD; Reconstruction-Guided; Prompt-Enhanced; Asymmetric; Knowledge; Distillation; Anomaly; Detection
790,RISK-4-Auto: Residually Interconnected and Superimposed Kolmogorov-Arnold Networks for Automotive Network Traffic Classification,2025,10.1109/tnsm.2025.3625404,paper/10.1109_TNSM.2025.3625404.pdf,加密流量分类与应用识别,其他AI安全与跨域异常检测,数据集、基准、工具与系统化评测,边缘、IoT、车联网与工业场景约束,强相关,14,未发现,,RISK-4-Auto; Residually; Interconnected; Superimposed; Kolmogorov-Arnold; Networks; Automotive; Network
791,RL-ACID: Reinforcement Learning-Optimized Adaptive Causal Discovery for Robust Anomaly Detection in Industrial Systems,2026,10.1109/tii.2026.3650787,paper/10.1109_TII.2026.3650787.pdf,入侵检测与网络异常检测,其他AI安全与跨域异常检测,数据集、基准、工具与系统化评测; 可解释性、规则抽取与因果分析; 鲁棒性、对抗防御与可信检测; 轻量化、实时与高性能部署,边缘、IoT、车联网与工业场景约束; 对抗规避、污染与鲁棒性; 高速流量实时检测与资源约束,强相关,12,未发现,,RL-ACID; Reinforcement; Learning-Optimized; Adaptive; Causal; Discovery; Robust; Anomaly
792,Robust AI-Driven Intrusion Detection and Defense for Next-Generation Consumer Services,2025,10.1109/tce.2025.3631965,paper/10.1109_TCE.2025.3631965.pdf,入侵检测与网络异常检测,时序、日志、KPI 与云原生异常检测,鲁棒性、对抗防御与可信检测; 轻量化、实时与高性能部署; 联邦学习、隐私保护与协同训练; 在线、增量、开放集与概念漂移,对抗规避、污染与鲁棒性; 高速流量实时检测与资源约束; 域迁移、概念漂移与真实网络分布变化; 边缘、IoT、车联网与工业场景约束,强相关,10,未发现,,Robust; AI-Driven; Intrusion; Detection; Defense; Next-Generation; Consumer; Services
793,"Robust Malicious Network Traffic Detection Framework With Automated Drift Detection, Identification, and Adaptation",2026,10.1109/tifs.2026.3694664,paper/10.1109_TIFS.2026.3694664.pdf,恶意流量、暗网与攻击检测,,鲁棒性、对抗防御与可信检测; 数据集、基准、工具与系统化评测,对抗规避、污染与鲁棒性; 域迁移、概念漂移与真实网络分布变化,强相关,13,已下载,Argus -> source\Argus,Robust; Malicious; Network; Traffic; Detection; Framework; Automated; Drift
794,RTF-Net: A Lightweight Dual-View Framework for Fine-Grained Encrypted Short-Video Fingerprinting,2026,10.1109/tce.2026.3689649,paper/10.1109_TCE.2026.3689649.pdf,加密流量分类与应用识别,多媒体、医学、遥感与视频异常检测,轻量化、实时与高性能部署; 数据集、基准、工具与系统化评测; 多模态、多视图与特征融合,加密与隐私保护造成可观测特征缺失; 高速流量实时检测与资源约束; 多源异构数据融合与上下文建模,强相关,14,未发现,,RTF-Net; Lightweight; Dual-View; Framework; Fine-Grained; Encrypted; Short-Video; Fingerprinting
795,SAGA: Synthetic Audit Log Generation for APT Campaigns,2025,10.1109/tdsc.2025.3640696,paper/10.1109_TDSC.2025.3640696.pdf,恶意流量、暗网与攻击检测,,生成式增强、GAN与扩散模型; 数据集、基准、工具与系统化评测,数据集代表性、标准化评测与可复现,中相关,8,未发现,,SAGA; Synthetic; Audit; Log; Generation; APT; Campaigns; Advanced
796,Saliency-Guided Transformer Attention With Pixel-Level Contrastive Learning for Weakly Supervised Defect Localization,2025,10.1109/tii.2025.3648429,paper/10.1109_TII.2025.3648429.pdf,其他AI安全与跨域异常检测,,表征学习、预训练与Transformer; 自监督、对比学习与少样本学习,标签稀缺、类别不平衡与长尾攻击,弱相关,1,已下载,STAC -> source\STAC,Saliency-Guided; Transformer; Attention; Pixel-Level; Contrastive; Learning; Weakly; Supervised
797,SatFedGuard: Semi-Supervised Federated Contrastive Learning With RL-Assisted Bidirectional Distillation for Anomaly Traffic Detection in Satellite Networks,2026,10.1109/tnsm.2026.3685416,paper/10.1109_TNSM.2026.3685416.pdf,其他AI安全与跨域异常检测,联邦学习、隐私保护与分布式协同,自监督、对比学习与少样本学习; 联邦学习、隐私保护与协同训练; 数据集、基准、工具与系统化评测,标签稀缺、类别不平衡与长尾攻击; 域迁移、概念漂移与真实网络分布变化,中相关,5,未发现,,SatFedGuard; Semi-Supervised; Federated; Contrastive; Learning; RL-Assisted; Bidirectional; Distillation
798,SD-RetinaNet: Topologically Constrained Semi-Supervised Retinal Lesion and Layer Segmentation in OCT,2025,10.1109/tmi.2025.3615240,paper/10.1109_TMI.2025.3615240.pdf,多媒体、医学、遥感与视频异常检测,,自监督、对比学习与少样本学习; 鲁棒性、对抗防御与可信检测,标签稀缺、类别不平衡与长尾攻击,弱相关,2,未发现,,SD-RetinaNet; Topologically; Constrained; Semi-Supervised; Retinal; Lesion; Layer; Segmentation
799,Secure Federated Maximum Entropy Classifier for Intrusion Detection in IoT Consumer Electronics,2026,10.1109/tce.2026.3665219,paper/10.1109_TCE.2026.3665219.pdf,入侵检测与网络异常检测,IoT、车联网、工业互联网与边缘安全; 联邦学习、隐私保护与分布式协同,联邦学习、隐私保护与协同训练; 轻量化、实时与高性能部署; 数据集、基准、工具与系统化评测,边缘、IoT、车联网与工业场景约束; 加密与隐私保护造成可观测特征缺失; 高速流量实时检测与资源约束; 多源异构数据融合与上下文建模,强相关,11,未发现,,Secure; Federated; Maximum; Entropy; Classifier; Intrusion; Detection; IoT
800,SecureDyn-FL: A Robust Privacy-Preserving Federated Learning Framework for Intrusion Detection in IoT Networks,2025,10.1109/tnsm.2025.3647642,paper/10.1109_TNSM.2025.3647642.pdf,入侵检测与网络异常检测,联邦学习、隐私保护与分布式协同; IoT、车联网、工业互联网与边缘安全,联邦学习、隐私保护与协同训练; 鲁棒性、对抗防御与可信检测; 数据集、基准、工具与系统化评测,对抗规避、污染与鲁棒性; 加密与隐私保护造成可观测特征缺失; 边缘、IoT、车联网与工业场景约束,强相关,14,未发现,,SecureDyn-FL; Robust; Privacy-Preserving; Federated; Learning; Framework; Intrusion; Detection
801,Securing IoT: Unveiling Attacks With Multiview-Multitask Learning,2025,10.1109/tai.2025.3615565,paper/10.1109_TAI.2025.3615565.pdf,恶意流量、暗网与攻击检测,IoT、车联网、工业互联网与边缘安全,轻量化、实时与高性能部署; 鲁棒性、对抗防御与可信检测,高速流量实时检测与资源约束; 边缘、IoT、车联网与工业场景约束; 对抗规避、污染与鲁棒性,中相关,9,已下载,MVMTL -> source\MVMTL,Securing; IoT; Unveiling; Attacks; Multiview-Multitask; Learning; Impact; Statement
802,Securing Vehicular Ad Hoc Networks via Digital Twin-Driven Anomaly Detection and Graph Reinforcement Learning,2026,10.1109/tvt.2026.3688587,paper/10.1109_TVT.2026.3688587.pdf,其他AI安全与跨域异常检测,IoT、车联网、工业互联网与边缘安全; 图学习、知识图谱与威胁情报,数据集、基准、工具与系统化评测,边缘、IoT、车联网与工业场景约束; 多源异构数据融合与上下文建模; 域迁移、概念漂移与真实网络分布变化,中相关,6,未发现,,Securing; Vehicular; Hoc; Networks; Digital; Twin-Driven; Anomaly; Detection
803,Self-Contrastive Learning to Boost Weakly Supervised Anomaly Detection,2026,10.1109/tnsm.2026.3694683,paper/10.1109_TNSM.2026.3694683.pdf,其他AI安全与跨域异常检测,入侵检测与网络异常检测,自监督、对比学习与少样本学习; 数据集、基准、工具与系统化评测,标签稀缺、类别不平衡与长尾攻击; 高速流量实时检测与资源约束,中相关,5,未发现,,Self-Contrastive; Learning; Boost; Weakly; Supervised; Anomaly; Detection; WADMs
804,Shattering Weak Facades: Trustworthy Detection of Encrypted Malicious Traffic via Uncertainty-Aware Fusion,2026,10.1109/tdsc.2026.3667905,paper/10.1109_TDSC.2026.3667905.pdf,恶意流量、暗网与攻击检测,,鲁棒性、对抗防御与可信检测; 多模态、多视图与特征融合; 图神经网络与关系建模,多源异构数据融合与上下文建模; 加密与隐私保护造成可观测特征缺失; 模型可解释、可信与可审计,强相关,15,未发现,,Shattering; Weak; Facades; Trustworthy; Detection; Encrypted; Malicious; Traffic
805,Silent-App-Aware Federated Machine Unlearning for Encrypted Network Traffic Classification,2026,10.1109/tnse.2026.3672152,paper/10.1109_TNSE.2026.3672152.pdf,加密流量分类与应用识别,其他AI安全与跨域异常检测; 联邦学习、隐私保护与分布式协同,联邦学习、隐私保护与协同训练,加密与隐私保护造成可观测特征缺失,强相关,12,已下载,FedUnSilApps -> source\FedUnSilApps,Silent-App-Aware; Federated; Machine; Unlearning; Encrypted; Network; Traffic; Classification
806,SOFA: Service-Oriented Fine-Grained Attack Traffic Detection With Meta Learning,2025,10.1109/ton.2025.3648394,paper/10.1109_TON.2025.3648394.pdf,恶意流量、暗网与攻击检测,入侵检测与网络异常检测; 时序、日志、KPI 与云原生异常检测,数据集、基准、工具与系统化评测,开放世界未知攻击与误报控制,强相关,16,未发现,,SOFA; Service-Oriented; Fine-Grained; Attack; Traffic; Detection; Meta; Learning
807,Sparse Gaussian–Markov Modeling for Robust and Trustworthy Unknown Cyber Defense,2026,10.1109/tccn.2026.3668824,paper/10.1109_TCCN.2026.3668824.pdf,入侵检测与网络异常检测,,鲁棒性、对抗防御与可信检测; 在线、增量、开放集与概念漂移,对抗规避、污染与鲁棒性; 开放世界未知攻击与误报控制; 模型可解释、可信与可审计; 域迁移、概念漂移与真实网络分布变化,中相关,6,未发现,,Sparse; Gaussian; Markov; Modeling; Robust; Trustworthy; Unknown; Cyber
808,SParse: Semantic Tracking and Path Analysis for Attack Investigation in Real-Time,2025,10.1109/tdsc.2025.3621434,paper/10.1109_TDSC.2025.3621434.pdf,恶意流量、暗网与攻击检测,,轻量化、实时与高性能部署,高速流量实时检测与资源约束; 多源异构数据融合与上下文建模,中相关,9,未发现,,SParse; Semantic; Tracking; Path; Analysis; Attack; Investigation; Real-Time
809,SpectraBayes: Exploring Traffic Series Reconstruction in Frequency Domain for Anomaly Detection,2026,10.1109/tits.2026.3667876,paper/10.1109_TITS.2026.3667876.pdf,入侵检测与网络异常检测,其他AI安全与跨域异常检测,轻量化、实时与高性能部署,高速流量实时检测与资源约束,强相关,11,未发现,,SpectraBayes; Exploring; Traffic; Series; Reconstruction; Frequency; Domain; Anomaly
810,SRViT: A Robust Online Encrypted Traffic Classification Based on Vision Transformer,2026,10.1109/ton.2026.3699540,paper/10.1109_TON.2026.3699540.pdf,加密流量分类与应用识别,其他AI安全与跨域异常检测,表征学习、预训练与Transformer; 在线、增量、开放集与概念漂移; 鲁棒性、对抗防御与可信检测,加密与隐私保护造成可观测特征缺失; 高速流量实时检测与资源约束; 对抗规避、污染与鲁棒性,强相关,16,未发现,,SRViT; Robust; Online; Encrypted; Traffic; Classification; Based; Vision
811,SSCTAD: Semi-Supervised Contrastive Learning for Trajectory Anomaly Detection,2026,10.1109/tits.2026.3684057,paper/10.1109_TITS.2026.3684057.pdf,其他AI安全与跨域异常检测,入侵检测与网络异常检测; 加密流量分类与应用识别,自监督、对比学习与少样本学习; 表征学习、预训练与Transformer; 多模态、多视图与特征融合; 数据集、基准、工具与系统化评测,标签稀缺、类别不平衡与长尾攻击; 加密与隐私保护造成可观测特征缺失,中相关,6,未发现,,SSCTAD; Semi-Supervised; Contrastive; Learning; Trajectory; Anomaly; Detection; Existing
812,StatGraph: Effective In-Vehicle Intrusion Detection via Multi-View Statistical Graph Learning,2025,10.1109/tmc.2025.3636517,paper/10.1109_TMC.2025.3636517.pdf,入侵检测与网络异常检测,图学习、知识图谱与威胁情报; IoT、车联网、工业互联网与边缘安全,图神经网络与关系建模; 多模态、多视图与特征融合; 数据集、基准、工具与系统化评测,多源异构数据融合与上下文建模; 边缘、IoT、车联网与工业场景约束,强相关,11,已下载,StatGraph -> source\StatGraph,StatGraph; Effective; In-Vehicle; Intrusion; Detection; Multi-View; Statistical; Graph
813,STELLAR: Similarity-Based Satellite Federated Learning for Malicious Traffic Recognition,2026,10.1109/tifs.2026.3659044,paper/10.1109_TIFS.2026.3659044.pdf,联邦学习、隐私保护与分布式协同,恶意流量、暗网与攻击检测,联邦学习、隐私保护与协同训练; 数据集、基准、工具与系统化评测; 轻量化、实时与高性能部署; 鲁棒性、对抗防御与可信检测,高速流量实时检测与资源约束; 域迁移、概念漂移与真实网络分布变化; 数据集代表性、标准化评测与可复现,中相关,9,未发现,,STELLAR; Similarity-Based; Satellite; Federated; Learning; Malicious; Traffic; Recognition
814,SwarmSense-DNN: A Trustworthy and Decentralized Neural Framework for Proactive Anomaly Defense in Consumer IoT,2025,10.1109/tce.2025.3634160,paper/10.1109_TCE.2025.3634160.pdf,其他AI安全与跨域异常检测,IoT、车联网、工业互联网与边缘安全; 联邦学习、隐私保护与分布式协同,鲁棒性、对抗防御与可信检测; 数据集、基准、工具与系统化评测; 联邦学习、隐私保护与协同训练; 轻量化、实时与高性能部署,对抗规避、污染与鲁棒性; 模型可解释、可信与可审计; 边缘、IoT、车联网与工业场景约束; 高速流量实时检测与资源约束,弱相关,2,未发现,,SwarmSense-DNN; Trustworthy; Decentralized; Neural; Framework; Proactive; Anomaly; Defense
815,SYNAPS: A Neuro-Symbolic Framework for Proactive Security in Consumer Electronics,2025,10.1109/tce.2025.3642082,paper/10.1109_TCE.2025.3642082.pdf,IoT、车联网、工业互联网与边缘安全,,数据集、基准、工具与系统化评测; 在线、增量、开放集与概念漂移,域迁移、概念漂移与真实网络分布变化; 多源异构数据融合与上下文建模,中相关,8,未发现,,SYNAPS; Neuro-Symbolic; Framework; Proactive; Security; Consumer; Electronics; SRAP
816,System Log Anomaly Detection With Noise-Contrastive Learning and Pattern Feature,2025,10.1109/tnse.2025.3579809,paper/10.1109_TNSE.2025.3579809.pdf,其他AI安全与跨域异常检测,入侵检测与网络异常检测; 时序、日志、KPI 与云原生异常检测,自监督、对比学习与少样本学习; 数据集、基准、工具与系统化评测,开放世界未知攻击与误报控制,中相关,8,未发现,,System; Log; Anomaly; Detection; Noise-Contrastive; Learning; Pattern; Feature
817,Take Attention as Gate: An Associative Recurrent Network-Based Intrusion Detection Method for Industrial Control Network,2026,10.1109/tnsm.2026.3688982,paper/10.1109_TNSM.2026.3688982.pdf,入侵检测与网络异常检测,,表征学习、预训练与Transformer; 轻量化、实时与高性能部署,边缘、IoT、车联网与工业场景约束; 高速流量实时检测与资源约束,强相关,15,未发现,,Take; Attention; Gate; Associative; Recurrent; Network-Based; Intrusion; Detection
818,TFDA: A Time-Frequency Domain Adaptive Model for Multi-Source Multi-Task Anomaly Detection and Localization in Distribution Systems,2026,10.1109/tsg.2026.3699415,paper/10.1109_TSG.2026.3699415.pdf,入侵检测与网络异常检测,其他AI安全与跨域异常检测,多模态、多视图与特征融合; 数据集、基准、工具与系统化评测,域迁移、概念漂移与真实网络分布变化; 多源异构数据融合与上下文建模,强相关,11,未发现,,TFDA; Time-Frequency; Domain; Adaptive; Model; Multi-Source; Multi-Task; Anomaly
819,The TES Framework: Joint Statistical Modeling and Machine Learning for Network KPI Forecasting,2025,10.1109/tnsm.2025.3628788,paper/10.1109_TNSM.2025.3628788.pdf,其他AI安全与跨域异常检测,时序、日志、KPI 与云原生异常检测,数据集、基准、工具与系统化评测; 轻量化、实时与高性能部署,高速流量实时检测与资源约束,弱相关,3,未发现,,TES; Framework; Joint; Statistical; Modeling; Machine; Learning; Network
820,TIME-VAD: Text-Informed Magnitude Enhancement Feature Learning for Vehicle Accident Detection and Anticipation,2025,10.1109/tits.2025.3637912,paper/10.1109_TITS.2025.3637912.pdf,IoT、车联网、工业互联网与边缘安全,,多模态、多视图与特征融合; 轻量化、实时与高性能部署,边缘、IoT、车联网与工业场景约束; 高速流量实时检测与资源约束,中相关,7,已下载,TIME-VAD -> source\TIME-VAD,TIME-VAD; Text-Informed; Magnitude; Enhancement; Feature; Learning; Vehicle; Accident
821,Time Will Tell: Criss-Cross Transformer for Encrypted Traffic Analysis,2026,10.1109/tsc.2026.3664705,paper/10.1109_TSC.2026.3664705.pdf,加密流量分类与应用识别,其他AI安全与跨域异常检测; 网络流量监测、测量与工具,表征学习、预训练与Transformer,加密与隐私保护造成可观测特征缺失,强相关,14,已下载,Amanda-HuaDing/Criss-cross_Traffic_Transformer -> source\Criss-cross_Traffic_Transformer,Time; Will; Tell; Criss-Cross; Transformer; Encrypted; Traffic; Analysis
822,TIPSO-GAN: Malicious Network Traffic Detection Using a Novel Optimized Generative Adversarial Network,2026,10.14722/ndss.2026.243241,paper/10.14722_ndss.2026.243241.pdf,基础理论、密码协议与安全机制,,生成式增强、GAN与扩散模型; 鲁棒性、对抗防御与可信检测,对抗规避、污染与鲁棒性,中相关,6,未发现,,TIPSO-GAN; Malicious; Network; Traffic; Detection; Using; Novel; Optimized
823,TopoCL: Topological Contrastive Learning for Time Series,2026,10.1109/tnnls.2026.3675422,paper/10.1109_TNNLS.2026.3675422.pdf,其他AI安全与跨域异常检测,时序、日志、KPI 与云原生异常检测,自监督、对比学习与少样本学习,开放世界未知攻击与误报控制,弱相关,3,未发现,,TopoCL; Topological; Contrastive; Learning; Time; Series; Universal; NLP
824,Toward a Hybrid Intrusion Detection Framework for IIoT Using a Large Language Model,2026,10.3390/s26041231,paper/10.3390_s26041231.pdf,入侵检测与网络异常检测,IoT、车联网、工业互联网与边缘安全,表征学习、预训练与Transformer; 数据集、基准、工具与系统化评测,边缘、IoT、车联网与工业场景约束; 标签稀缺、类别不平衡与长尾攻击; 数据集代表性、标准化评测与可复现,强相关,12,未发现,,Toward; Hybrid; Intrusion; Detection; Framework; IIoT; Using; Large
825,Toward Context-Aware Anomaly Detection for AIOps in Microservices Using Dynamic Knowledge Graphs,2026,10.1109/tnsm.2026.3652304,paper/10.1109_TNSM.2026.3652304.pdf,时序、日志、KPI 与云原生异常检测,图学习、知识图谱与威胁情报; 入侵检测与网络异常检测,图神经网络与关系建模; 轻量化、实时与高性能部署; 在线、增量、开放集与概念漂移; 数据集、基准、工具与系统化评测,多源异构数据融合与上下文建模; 域迁移、概念漂移与真实网络分布变化; 高速流量实时检测与资源约束; 边缘、IoT、车联网与工业场景约束,中相关,8,未发现,,Toward; Context-Aware; Anomaly; Detection; AIOps; Microservices; Using; Dynamic
826,Toward Efficient Distributed Network Security: A Lightweight Multitask Traffic Analysis Framework,2025,10.1109/ton.2025.3643832,paper/10.1109_TON.2025.3643832.pdf,网络流量监测、测量与工具,联邦学习、隐私保护与分布式协同,轻量化、实时与高性能部署; 联邦学习、隐私保护与协同训练; 数据集、基准、工具与系统化评测,高速流量实时检测与资源约束; 边缘、IoT、车联网与工业场景约束,强相关,13,未发现,,Toward; Efficient; Distributed; Network; Security; Lightweight; Multitask; Traffic
827,Toward Robust Detection of Malicious Encrypted Traffic Using Only Low-Quality Training Data,2026,10.1109/ton.2026.3690471,paper/10.1109_TON.2026.3690471.pdf,加密流量分类与应用识别,恶意流量、暗网与攻击检测,鲁棒性、对抗防御与可信检测,加密与隐私保护造成可观测特征缺失; 对抗规避、污染与鲁棒性; 域迁移、概念漂移与真实网络分布变化,强相关,14,未发现,,Toward; Robust; Detection; Malicious; Encrypted; Traffic; Using; Only
828,Towards Semantic-aware Aerial Video Anomaly Detection by Exploiting Multimodal Large Language Model,2026,10.1109/tcsvt.2026.3686230,paper/10.1109_TCSVT.2026.3686230.pdf,多媒体、医学、遥感与视频异常检测,入侵检测与网络异常检测; 其他AI安全与跨域异常检测,表征学习、预训练与Transformer; 多模态、多视图与特征融合; 数据集、基准、工具与系统化评测,多源异构数据融合与上下文建模; 边缘、IoT、车联网与工业场景约束,中相关,5,未发现,,Towards; Semantic-aware; Aerial; Video; Anomaly; Detection; Exploiting; Multimodal
829,TraceCluster: A Lightweight and Adaptive Clustering-Based Subgraph Attention Network for APT Detection in Provenance Graphs,2026,10.1109/tifs.2026.3653175,paper/10.1109_TIFS.2026.3653175.pdf,图学习、知识图谱与威胁情报,,图神经网络与关系建模; 表征学习、预训练与Transformer; 轻量化、实时与高性能部署,多源异构数据融合与上下文建模; 高速流量实时检测与资源约束,中相关,6,已下载,TraceCluster -> source\TraceCluster,TraceCluster; Lightweight; Adaptive; Clustering-Based; Subgraph; Attention; Network; APT
830,TraceHG: An Unsupervised Dual-View Framework for Microservice Anomaly Detection,2026,10.1109/tsc.2026.3667576,paper/10.1109_TSC.2026.3667576.pdf,时序、日志、KPI 与云原生异常检测,入侵检测与网络异常检测; 其他AI安全与跨域异常检测,数据集、基准、工具与系统化评测; 图神经网络与关系建模,多源异构数据融合与上下文建模,中相关,6,未发现,,TraceHG; Unsupervised; Dual-View; Framework; Microservice; Anomaly; Detection; Traces
831,TrafficAudio: Audio Representation for Lightweight Encrypted Traffic Classification in IoT,2026,10.1109/tnsm.2026.3651599,paper/10.1109_TNSM.2026.3651599.pdf,加密流量分类与应用识别,其他AI安全与跨域异常检测; IoT、车联网、工业互联网与边缘安全,轻量化、实时与高性能部署; 表征学习、预训练与Transformer,加密与隐私保护造成可观测特征缺失; 高速流量实时检测与资源约束; 边缘、IoT、车联网与工业场景约束,强相关,16,未发现,,TrafficAudio; Audio; Representation; Lightweight; Encrypted; Traffic; Classification; IoT
832,Ultimate Encrypted Traffic Feature Engineering: HTTPS Encrypted Traffic Classification Using Restored Application Data Unit Length,2025,10.1109/tdsc.2025.3615592,paper/10.1109_TDSC.2025.3615592.pdf,加密流量分类与应用识别,其他AI安全与跨域异常检测,应用场景与系统化验证,加密与隐私保护造成可观测特征缺失,强相关,17,未发现,,Ultimate; Encrypted; Traffic; Feature; Engineering; HTTPS; Classification; Using
833,Uncertainty-Aware Multimodal Anomaly Detection for Microservice Systems With Active Learning,2026,10.1109/tsc.2026.3672587,paper/10.1109_TSC.2026.3672587.pdf,时序、日志、KPI 与云原生异常检测,入侵检测与网络异常检测; 其他AI安全与跨域异常检测,多模态、多视图与特征融合; 鲁棒性、对抗防御与可信检测; 数据集、基准、工具与系统化评测,多源异构数据融合与上下文建模; 开放世界未知攻击与误报控制,中相关,7,未发现,,Uncertainty-Aware; Multimodal; Anomaly; Detection; Microservice; Systems; Active; Learning
834,Unified Anomaly Detection via Multi-Scale Contrasted Memory,2026,10.1109/tip.2026.3663923,paper/10.1109_tip.2026.3663923.pdf,其他AI安全与跨域异常检测,入侵检测与网络异常检测,自监督、对比学习与少样本学习; 轻量化、实时与高性能部署,加密与隐私保护造成可观测特征缺失; 标签稀缺、类别不平衡与长尾攻击; 域迁移、概念漂移与真实网络分布变化; 高速流量实时检测与资源约束,弱相关,4,未发现,,Unified; Anomaly; Detection; Multi-Scale; Contrasted; Memory; Deep; UNS
835,UniNet: A Unified Multi-Granular Traffic Modeling Framework for Network Security,2025,10.1109/tccn.2025.3585170,paper/10.1109_TCCN.2025.3585170.pdf,加密流量分类与应用识别,其他AI安全与跨域异常检测,数据集、基准、工具与系统化评测; 轻量化、实时与高性能部署; 表征学习、预训练与Transformer,高速流量实时检测与资源约束; 加密与隐私保护造成可观测特征缺失,强相关,15,已下载,UniNet -> source\UniNet,UniNet; Unified; Multi-Granular; Traffic; Modeling; Framework; Network; Security
836,Universal Embedding Function for Traffic Classification via QUIC Domain Recognition Pretraining: A Transfer Learning Success,2025,10.1109/tnsm.2025.3642984,paper/10.1109_TNSM.2025.3642984.pdf,加密流量分类与应用识别,其他AI安全与跨域异常检测; 基础理论、密码协议与安全机制,表征学习、预训练与Transformer,加密与隐私保护造成可观测特征缺失; 域迁移、概念漂移与真实网络分布变化,强相关,16,未发现,,Universal; Embedding; Function; Traffic; Classification; QUIC; Domain; Recognition
837,Unraveling Spatio-Temporal Foundation Models via the Pipeline Lens: A Comprehensive Review,2026,10.1109/tkde.2026.3651536,paper/10.1109_TKDE.2026.3651536.pdf,数据集、基准、综述与开源工具,时序、日志、KPI 与云原生异常检测,表征学习、预训练与Transformer; 多模态、多视图与特征融合; 轻量化、实时与高性能部署; 数据集、基准、工具与系统化评测,数据集代表性、标准化评测与可复现; 多源异构数据融合与上下文建模; 加密与隐私保护造成可观测特征缺失; 高速流量实时检测与资源约束,弱相关,4,未发现,,Unraveling; Spatio-Temporal; Foundation; Models; Pipeline; Lens; Comprehensive; Review
838,Unsupervised Cross-Domain Attack Traffic Classifier for Intelligent Connected Vehicle,2025,10.1109/tie.2025.3600524,paper/10.1109_TIE.2025.3600524.pdf,IoT、车联网、工业互联网与边缘安全,恶意流量、暗网与攻击检测,数据集、基准、工具与系统化评测,边缘、IoT、车联网与工业场景约束; 域迁移、概念漂移与真实网络分布变化; 多源异构数据融合与上下文建模,中相关,8,未发现,,Unsupervised; Cross-Domain; Attack; Traffic; Classifier; Intelligent; Connected; Vehicle
839,Unsupervised Textless Prompt With LLMs for Multivariate Time Series Anomaly Detection,2025,10.1109/tcss.2025.3649202,paper/10.1109_TCSS.2025.3649202.pdf,时序、日志、KPI 与云原生异常检测,其他AI安全与跨域异常检测; 入侵检测与网络异常检测,数据集、基准、工具与系统化评测,开放世界未知攻击与误报控制,中相关,5,未发现,,Unsupervised; Textless; Prompt; LLMs; Multivariate; Time; Series; Anomaly
840,VDDFormer: A Variable Dependency Discrepancy-Based Transformer for Multivariate Time Series Anomaly Detection,2025,10.1109/tbdata.2025.3600004,paper/10.1109_TBDATA.2025.3600004.pdf,时序、日志、KPI 与云原生异常检测,其他AI安全与跨域异常检测; 入侵检测与网络异常检测,表征学习、预训练与Transformer,开放世界未知攻击与误报控制,中相关,5,未发现,,VDDFormer; Variable; Dependency; Discrepancy-Based; Transformer; Multivariate; Time; Series
841,Web Page Tampering Detection Based on Dynamic Temporal Graph Pre-Training,2025,10.1109/tdsc.2025.3623257,paper/10.1109_TDSC.2025.3623257.pdf,图学习、知识图谱与威胁情报,时序、日志、KPI 与云原生异常检测,表征学习、预训练与Transformer; 图神经网络与关系建模,多源异构数据融合与上下文建模; 域迁移、概念漂移与真实网络分布变化; 加密与隐私保护造成可观测特征缺失,中相关,7,未发现,,Web; Page; Tampering; Detection; Based; Dynamic; Temporal; Graph
842,When Handshakes Tell the Truth: Detecting Web Bad Bots via TLS Fingerprints,2026,10.48550/arXiv.2602.09606,paper/10.48550_arXiv.2602.09606.pdf,加密流量分类与应用识别,,应用场景与系统化验证,加密与隐私保护造成可观测特征缺失,强相关,11,未发现,,When; Handshakes; Tell; Truth; Detecting; Web; Bad; Bots
843,When Pre-Training Meets Contrast Learning: Few-Shot Encrypted Traffic Classification With Novelty Detection,2026,10.1109/ton.2026.3674624,paper/10.1109_TON.2026.3674624.pdf,加密流量分类与应用识别,其他AI安全与跨域异常检测,表征学习、预训练与Transformer; 自监督、对比学习与少样本学习; 数据集、基准、工具与系统化评测,加密与隐私保护造成可观测特征缺失; 标签稀缺、类别不平衡与长尾攻击,强相关,14,未发现,,When; Pre-Training; Meets; Contrast; Learning; Few-Shot; Encrypted; Traffic
844,When Unknown Threat Meets Label Noise: A Self-Correcting Framework,2025,10.1109/tdsc.2025.3611908,paper/10.1109_TDSC.2025.3611908.pdf,入侵检测与网络异常检测,,数据集、基准、工具与系统化评测,开放世界未知攻击与误报控制; 标签稀缺、类别不平衡与长尾攻击,强相关,10,已下载,AEGIS-Net -> source\AEGIS-Net,When; Unknown; Threat; Meets; Label; Noise; Self-Correcting; Framework
845,Where Do Flow Semantics Reside? A Protocol-Native Tabular Pretraining Paradigm for Encrypted Traffic Classification,2026,10.48550/arXiv.2603.10051,paper/10.48550_arXiv.2603.10051.pdf,加密流量分类与应用识别,其他AI安全与跨域异常检测; 基础理论、密码协议与安全机制,应用场景与系统化验证,加密与隐私保护造成可观测特征缺失,强相关,13,未发现,,Where; Flow; Semantics; Reside; Protocol-Native; Tabular; Pretraining; Paradigm
846,XAI-EdgeSFL: Explainable Edge Intelligence With Adaptive Intrusion-Resilient Split Federated Learning for Consumer Healthcare Ecosystems,2026,10.1109/tce.2026.3656201,paper/10.1109_TCE.2026.3656201.pdf,IoT、车联网、工业互联网与边缘安全,联邦学习、隐私保护与分布式协同,可解释性、规则抽取与因果分析; 联邦学习、隐私保护与协同训练; 数据集、基准、工具与系统化评测; 轻量化、实时与高性能部署,模型可解释、可信与可审计; 高速流量实时检测与资源约束; 边缘、IoT、车联网与工业场景约束; 加密与隐私保护造成可观测特征缺失,中相关,6,未发现,,XAI-EdgeSFL; Explainable; Edge; Intelligence; Adaptive; Intrusion-Resilient; Split; Federated
847,Zoomer: An APT TTP Recognition System via Deep & Wide Provenance Graph Learning,2025,10.1109/tdsc.2025.3646355,paper/10.1109_TDSC.2025.3646355.pdf,图学习、知识图谱与威胁情报,,图神经网络与关系建模; 数据集、基准、工具与系统化评测,多源异构数据融合与上下文建模,中相关,6,未发现,,Zoomer; APT; TTP; Recognition; System; Deep; Wide; Provenance
848,ZTXPlainaAI an explainable deep learning framework for encrypted traffic anomaly detection in Zero Trust Networks,2026,10.1007/s10791-026-10097-x,paper/10.1007_s10791-026-10097-x.pdf,加密流量分类与应用识别,其他AI安全与跨域异常检测; 入侵检测与网络异常检测,可解释性、规则抽取与因果分析; 鲁棒性、对抗防御与可信检测; 数据集、基准、工具与系统化评测; 联邦学习、隐私保护与协同训练,模型可解释、可信与可审计; 加密与隐私保护造成可观测特征缺失; 对抗规避、污染与鲁棒性,强相关,16,未发现,,ZTXPlainaAI; Zero; Trust; Networks; Department; Computer; Applications; MCA
849,Google Play Annual Transparency Report,2025,,paper/Google%20Play%20Annual%20Transparency%20Report.pdf,数据集、基准、综述与开源工具,,应用场景与系统化验证,数据集代表性、标准化评测与可复现,弱相关,0,未发现,,Google; Play; Annual; Transparency; Report
850,NetFlow Services and Applications,,,paper/NetFlow%20Services%20and%20Applications.pdf,网络流量监测、测量与工具,时序、日志、KPI 与云原生异常检测,应用场景与系统化验证,开放世界未知攻击与误报控制,强相关,10,未发现,,NetFlow; Services; Applications
851,Towards Open Set Deep Networks,2016,10.1109/CVPR.2016.173,paper/10.1109_CVPR.2016.173.pdf,多媒体、医学、遥感与视频异常检测,,在线、增量、开放集与概念漂移; 数据集、基准、工具与系统化评测,开放世界未知攻击与误报控制; 数据集代表性、标准化评测与可复现,弱相关,2,未发现,,Towards; Open; Set; Deep; Networks; Recent; Co-evolution; However
852,On Calibration of Modern Neural Networks,2017,10.48550/arXiv.1706.04599,paper/10.48550_arXiv.1706.04599.pdf,其他AI安全与跨域异常检测,,应用场景与系统化验证,开放世界未知攻击与误报控制,弱相关,3,未发现,,Calibration; Modern; Neural; Networks; LeNet; ResNet; CIFAR-100; Confidence
853,Evidential Deep Learning to Quantify Classification Uncertainty,2018,10.48550/arXiv.1806.01768,paper/10.48550_arXiv.1806.01768.pdf,其他AI安全与跨域异常检测,,鲁棒性、对抗防御与可信检测,开放世界未知攻击与误报控制,弱相关,2,未发现,,Evidential; Deep; Learning; Quantify; Classification; Uncertainty; Deterministic; However
854,A Simple Unified Framework for Detecting Out-of-Distribution Samples and Adversarial Attacks,2018,10.48550/arXiv.1807.03888,paper/10.48550_arXiv.1807.03888.pdf,恶意流量、暗网与攻击检测,,在线、增量、开放集与概念漂移; 数据集、基准、工具与系统化评测; 鲁棒性、对抗防御与可信检测,域迁移、概念漂移与真实网络分布变化; 对抗规避、污染与鲁棒性,中相关,9,未发现,,Simple; Unified; Framework; Detecting; Out-of-Distribution; Samples; Adversarial; Attacks
855,Energy-Based Out-of-Distribution Detection,2010,10.48550/arXiv.2010.03759,paper/10.48550_arXiv.2010.03759.pdf,数据集、基准、综述与开源工具,,在线、增量、开放集与概念漂移; 数据集、基准、工具与系统化评测,域迁移、概念漂移与真实网络分布变化,弱相关,0,未发现,,Energy-Based; Out-of-Distribution; Detection; Determining; OOD; However
856,FOSS: Towards Fine-Grained Unknown Class Detection Against the Open-Set Attack Spectrum With Variable Legitimate Traffic,2024,10.1109/TNET.2024.3413789,paper/10.1109_TNET.2024.3413789.pdf,恶意流量、暗网与攻击检测,入侵检测与网络异常检测,在线、增量、开放集与概念漂移; 数据集、基准、工具与系统化评测,开放世界未知攻击与误报控制,强相关,16,未发现,,FOSS; Towards; Fine-Grained; Unknown; Class; Detection; Against; Open-Set
857,M3S-UPD: Efficient Multi-Stage Self-Supervised Learning for Fine-Grained Encrypted Traffic Classification With Unknown Pattern Discovery,2025,10.48550/arXiv.2505.21462,paper/10.48550_arXiv.2505.21462.pdf,加密流量分类与应用识别,其他AI安全与跨域异常检测,自监督、对比学习与少样本学习; 轻量化、实时与高性能部署; 表征学习、预训练与Transformer; 在线、增量、开放集与概念漂移,高速流量实时检测与资源约束; 加密与隐私保护造成可观测特征缺失; 开放世界未知攻击与误报控制; 标签稀缺、类别不平衡与长尾攻击,强相关,15,未发现,,M3S-UPD; Efficient; Multi-Stage; Self-Supervised; Learning; Fine-Grained; Encrypted; Traffic
858,New Class Detection in Network Traffic Classification Using Confidence Information Embedded Cascade Structure,2025,10.1109/TNSE.2025.3538564,paper/10.1109_TNSE.2025.3538564.pdf,加密流量分类与应用识别,其他AI安全与跨域异常检测,应用场景与系统化验证,开放世界未知攻击与误报控制,强相关,11,未发现,,New; Class; Detection; Network; Traffic; Classification; Using; Confidence
